   1 00 0-9 -9-9-9 -9-9-9-9-9-9-9-9-9-9-9-9-9-9-9-9-9-9-9-9-9-9-9-9-9    -9 341879304135085404 443 19814016131 1 1 1
   2 01 0 1 68 4 4 68-927 412 0-9 2 1 6 6 6 6 6 6 6 6 6 6 6 6 1 1 4-9 79093 683758608270170004 443 2 318021185-9-9-9
   3 00 0-9 -9-9-9 -9-9-9-9-9-9-9-9-9-9-9-9-9-9-9-9-9-9-9-9-9-9-9-9-9    -91161798703377842004 443 4 464621173-9-9-9
   4 00 0-9 -9-9-9 -9-9-9-9-9-9-9-9-9-9-9-9-9-9-9-9-9-9-9-9-9-9-9-9-9    -9 580899351688921004 443 3 263321141 510 1
   5 00 0-9 -9-9-9 -9-9-9-9-9-9-9-9-9-9-9-9-9-9-9-9-9-9-9-9-9-9-9-9-9    -9 341879304135085404 443 1 317416255-9-9-9
   6 00 0-9 -9-9-9 -9-9-9-9-9-9-9-9-9-9-9-9-9-9-9-9-9-9-9-9-9-9-9-9-9    -9 580899351688921004 443 4 362821143-9-9-9
   7 00 0-9 -9-9-9 -9-9-9-9-9-9-9-9-9-9-9-9-9-9-9-9-9-9-9-9-9-9-9-9-9    -9 683758608270170004 443 4 413421141 6 915
   8 00 0-9 -9-9-9 -9-9-9-9-9-9-9-9-9-9-9-9-9-9-9-9-9-9-9-9-9-9-9-9-9    -9 683758608270170004 443 3 413721181 6 915
   9 00 0-9 -9-9-9 -9-9-9-9-9-9-9-9-9-9-9-9-9-9-9-9-9-9-9-9-9-9-9-9-9    -9 580899351688921004 443 4 162721247-9-9-9
  10 00 0-9 -9-9-9 -9-9-9-9-9-9-9-9-9-9-9-9-9-9-9-9-9-9-9-9-9-9-9-9-9    -91161798703377842004 443 4 264821123-9-9-9
  11 00 0-9 -9-9-9 -9-9-9-9-9-9-9-9-9-9-9-9-9-9-9-9-9-9-9-9-9-9-9-9-9    -91367517216540341004 443 4 217521125-9-9-9
  12 00 0-9 -9-9-9 -9-9-9-9-9-9-9-9-9-9-9-9-9-9-9-9-9-9-9-9-9-9-9-9-9    -9 683758608270170004 443 2 115236153-9-9-9
  13 00 0-9 -9-9-9 -9-9-9-9-9-9-9-9-9-9-9-9-9-9-9-9-9-9-9-9-9-9-9-9-9    -9 341879304135085404 443 1 418116185-9-9-9
  14 00 0-9 -9-9-9 -9-9-9-9-9-9-9-9-9-9-9-9-9-9-9-9-9-9-9-9-9-9-9-9-9    -9 580899351688921004 443 2 266821127-9-9-9
  15 00 0-9 -9-9-9 -9-9-9-9-9-9-9-9-9-9-9-9-9-9-9-9-9-9-9-9-9-9-9-9-9    -9 683758608270170004 443 49812811131 611 3
  16 00 0-9 -9-9-9 -9-9-9-9-9-9-9-9-9-9-9-9-9-9-9-9-9-9-9-9-9-9-9-9-9    -9 580899351688921004 443 3 363521143-9-9-9
  17 00 0-9 -9-9-9 -9-9-9-9-9-9-9-9-9-9-9-9-9-9-9-9-9-9-9-9-9-9-9-9-9    -91161798703377842004 443 4 463516137-9-9-9
  18 00 0-9 -9-9-9 -9-9-9-9-9-9-9-9-9-9-9-9-9-9-9-9-9-9-9-9-9-9-9-9-9    -9 683758608270170004 443 59814421143-9-9-9
  19 00 0-9 -9-9-9 -9-9-9-9-9-9-9-9-9-9-9-9-9-9-9-9-9-9-9-9-9-9-9-9-9    -9 341879304135085404 443 1 113016141 615 1
  20 00 0-9 -9-9-9 -9-9-9-9-9-9-9-9-9-9-9-9-9-9-9-9-9-9-9-9-9-9-9-9-9    -91161798703377842004 443 4 266321137-9-9-9
  21 00 0-9 -9-9-9 -9-9-9-9-9-9-9-9-9-9-9-9-9-9-9-9-9-9-9-9-9-9-9-9-9    -9 683758608270170004 443 2 215616161 6 5 7
  22 00 0-9 -9-9-9 -9-9-9-9-9-9-9-9-9-9-9-9-9-9-9-9-9-9-9-9-9-9-9-9-9    -91452248379222302004 443 8 263616133-9-9-9
  23 00 0-9 -9-9-9 -9-9-9-9-9-9-9-9-9-9-9-9-9-9-9-9-9-9-9-9-9-9-9-9-9    -91025637912405256004 443 39715621135-9-9-9
  24 00 0-9 -9-9-9 -9-9-9-9-9-9-9-9-9-9-9-9-9-9-9-9-9-9-9-9-9-9-9-9-9    -9 871349027533381004 443 3 164021243-9-9-9
  25 01 0 1 68 4 4 68-950 6 9 0-9 2 1 6 6 6 6 6 6 6 6 6 6 6 6 6 1 4-9 565811025637912405256004 443 3 216631135-9-9-9
  26 00 0-9 -9-9-9 -9-9-9-9-9-9-9-9-9-9-9-9-9-9-9-9-9-9-9-9-9-9-9-9-9    -9 580899351688921004 443 2 268921137-9-9-9
  27 00 0-9 -9-9-9 -9-9-9-9-9-9-9-9-9-9-9-9-9-9-9-9-9-9-9-9-9-9-9-9-9    -91452248379222302004 443 5 362416141 712 7
  28 00 0-9 -9-9-9 -9-9-9-9-9-9-9-9-9-9-9-9-9-9-9-9-9-9-9-9-9-9-9-9-9    -9 290449675844460504 443 1 167836137-9-9-9
  29 00 0-9 -9-9-9 -9-9-9-9-9-9-9-9-9-9-9-9-9-9-9-9-9-9-9-9-9-9-9-9-9    -9 683758608270170004 413 2 315316116-9-9-9
  30 00 0-9 -9-9-9 -9-9-9-9-9-9-9-9-9-9-9-9-9-9-9-9-9-9-9-9-9-9-9-9-9    -9 580899351688921004 413 2 265611363-9-9-9
  31 10 0 1 68 4 4 68-918 4 120-9 2 1 6 6 6 6 6 6 6 6 6 6 6 6-1 1 5-9  8872 580899351688921004 413 2 566821185-9-9-9
  32 00 0-9 -9-9-9 -9-9-9-9-9-9-9-9-9-9-9-9-9-9-9-9-9-9-9-9-9-9-9-9-9    -9 290449675844460504 413 2 363616162 7 610
  33 00 0-9 -9-9-9 -9-9-9-9-9-9-9-9-9-9-9-9-9-9-9-9-9-9-9-9-9-9-9-9-9    -91709396520675427004 413 59715216185-9-9-9
  34 00 0-9 -9-9-9 -9-9-9-9-9-9-9-9-9-9-9-9-9-9-9-9-9-9-9-9-9-9-9-9-9    -91025637912405256004 413 3 416421125-9-9-9
  35 00 0-9 -9-9-9 -9-9-9-9-9-9-9-9-9-9-9-9-9-9-9-9-9-9-9-9-9-9-9-9-9    -9 683758608270170004 413 2 615121191 6 216
  36 00 0-9 -9-9-9 -9-9-9-9-9-9-9-9-9-9-9-9-9-9-9-9-9-9-9-9-9-9-9-9-9    -9 290449675844460504 413 1 563916191 6 215
  37 00 0-9 -9-9-9 -9-9-9-9-9-9-9-9-9-9-9-9-9-9-9-9-9-9-9-9-9-9-9-9-9    -9 683758608270170004 413 2 217436145-9-9-9
  38 00 0-9 -9-9-9 -9-9-9-9-9-9-9-9-9-9-9-9-9-9-9-9-9-9-9-9-9-9-9-9-9    -9 341879304135085404 413 1 617336135-9-9-9
  39 00 0-9 -9-9-9 -9-9-9-9-9-9-9-9-9-9-9-9-9-9-9-9-9-9-9-9-9-9-9-9-9    -9 290449675844460504 413 1 266936125-9-9-9
  40 00 0-9 -9-9-9 -9-9-9-9-9-9-9-9-9-9-9-9-9-9-9-9-9-9-9-9-9-9-9-9-9    -91161798703377842004 413 4 266821137-9-9-9
  41 00 0-9 -9-9-9 -9-9-9-9-9-9-9-9-9-9-9-9-9-9-9-9-9-9-9-9-9-9-9-9-9    -9 683758608270170004 413 2 315821138-9-9-9
  42 00 0-9 -9-9-9 -9-9-9-9-9-9-9-9-9-9-9-9-9-9-9-9-9-9-9-9-9-9-9-9-9    -91025637912405256004 413 3 411616144-9-9-9
  43 00 0-9 -9-9-9 -9-9-9-9-9-9-9-9-9-9-9-9-9-9-9-9-9-9-9-9-9-9-9-9-9    -91452248379222302004 413 6 564621133-9-9-9
  44 00 0-9 -9-9-9 -9-9-9-9-9-9-9-9-9-9-9-9-9-9-9-9-9-9-9-9-9-9-9-9-9    -9 290449675844460504 413 1 166646125-9-9-9
  45 00 0-9 -9-9-9 -9-9-9-9-9-9-9-9-9-9-9-9-9-9-9-9-9-9-9-9-9-9-9-9-9    -9 683758608270170004 413 2 517621125-9-9-9
  46 00 0-9 -9-9-9 -9-9-9-9-9-9-9-9-9-9-9-9-9-9-9-9-9-9-9-9-9-9-9-9-9    -91161798703377842004 413 49768736135-9-9-9
  47 00 0-9 -9-9-9 -9-9-9-9-9-9-9-9-9-9-9-9-9-9-9-9-9-9-9-9-9-9-9-9-9    -9 580899351688921004 413 2 467336125-9-9-9
  48 00 0-9 -9-9-9 -9-9-9-9-9-9-9-9-9-9-9-9-9-9-9-9-9-9-9-9-9-9-9-9-9    -9 683758608270170004 413 2 216521135-9-9-9
  49 00 0-9 -9-9-9 -9-9-9-9-9-9-9-9-9-9-9-9-9-9-9-9-9-9-9-9-9-9-9-9-9    -9 683758608270170004 413 3 513511141 6 9 6
  50 01 0 1 68 4 4 68-9 3 7 3 0-9 1 1 6 6 6 6 6 6 6 6 6 6 6 6 1 1 8-9 246221367517216540341004 413 4 516521155-9-9-9
  51 00 0-9 -9-9-9 -9-9-9-9-9-9-9-9-9-9-9-9-9-9-9-9-9-9-9-9-9-9-9-9-9    -9 580899351688921004 413 2 367521157-9-9-9
  52 00 0-9 -9-9-9 -9-9-9-9-9-9-9-9-9-9-9-9-9-9-9-9-9-9-9-9-9-9-9-9-9    -9 290449675844460504 413 1 364816156-9-9-9
  53 00 0-9 -9-9-9 -9-9-9-9-9-9-9-9-9-9-9-9-9-9-9-9-9-9-9-9-9-9-9-9-9    -9 871349027533381004 413 5 764221181 6 216
  54 00 0-9 -9-9-9 -9-9-9-9-9-9-9-9-9-9-9-9-9-9-9-9-9-9-9-9-9-9-9-9-9    -9 290449675844460504 413 1 267836135-9-9-9
  55 00 0-9 -9-9-9 -9-9-9-9-9-9-9-9-9-9-9-9-9-9-9-9-9-9-9-9-9-9-9-9-9    -9 683758608270170004 413 4 415021181 6 4 1
  56 00 0-9 -9-9-9 -9-9-9-9-9-9-9-9-9-9-9-9-9-9-9-9-9-9-9-9-9-9-9-9-9    -9 290449675844460504 413 19868036137-9-9-9
  57 00 0-9 -9-9-9 -9-9-9-9-9-9-9-9-9-9-9-9-9-9-9-9-9-9-9-9-9-9-9-9-9    -9 683758608270170004 413 5 513621171 6 915
  58 00 0-9 -9-9-9 -9-9-9-9-9-9-9-9-9-9-9-9-9-9-9-9-9-9-9-9-9-9-9-9-9    -9 290449675844460504 413 1 264116153-9-9-9
  59 00 0-9 -9-9-9 -9-9-9-9-9-9-9-9-9-9-9-9-9-9-9-9-9-9-9-9-9-9-9-9-9    -9 683758608270170004 413 3 513321191 6 411
  60 00 0-9 -9-9-9 -9-9-9-9-9-9-9-9-9-9-9-9-9-9-9-9-9-9-9-9-9-9-9-9-9    -9 871349027533381004 413 3 364416142 616 1
  61 00 0-9 -9-9-9 -9-9-9-9-9-9-9-9-9-9-9-9-9-9-9-9-9-9-9-9-9-9-9-9-9    -91025637912405256004 413 4 211716144-9-9-9
  62 00 0-9 -9-9-9 -9-9-9-9-9-9-9-9-9-9-9-9-9-9-9-9-9-9-9-9-9-9-9-9-9    -91161798703377842004 413 4 364421391 615 9
  63 00 0-9 -9-9-9 -9-9-9-9-9-9-9-9-9-9-9-9-9-9-9-9-9-9-9-9-9-9-9-9-9    -9 290449675844460504 413 19867336185-9-9-9
  64 00 0-9 -9-9-9 -9-9-9-9-9-9-9-9-9-9-9-9-9-9-9-9-9-9-9-9-9-9-9-9-9    -9 871349027533381004 413 3 565821146-9-9-9
  65 00 0-9 -9-9-9 -9-9-9-9-9-9-9-9-9-9-9-9-9-9-9-9-9-9-9-9-9-9-9-9-9    -9 683758608270170004 413 2 316421135-9-9-9
  66 00 0-9 -9-9-9 -9-9-9-9-9-9-9-9-9-9-9-9-9-9-9-9-9-9-9-9-9-9-9-9-9    -91025637912405256004 413 4 414621151 7 417
  67 00 0-9 -9-9-9 -9-9-9-9-9-9-9-9-9-9-9-9-9-9-9-9-9-9-9-9-9-9-9-9-9    -9 580899351688921004 413 2 165031143-9-9-9
  68 00 0-9 -9-9-9 -9-9-9-9-9-9-9-9-9-9-9-9-9-9-9-9-9-9-9-9-9-9-9-9-9    -9 341879304135085404 413 1 114316133-9-9-9
  69 00 0-9 -9-9-9 -9-9-9-9-9-9-9-9-9-9-9-9-9-9-9-9-9-9-9-9-9-9-9-9-9    -9 290449675844460504 413 1 266836145-9-9-9
  70 00 0-9 -9-9-9 -9-9-9-9-9-9-9-9-9-9-9-9-9-9-9-9-9-9-9-9-9-9-9-9-9    -91367517216540341004 413 4 114121243-9-9-9
  71 00 0-9 -9-9-9 -9-9-9-9-9-9-9-9-9-9-9-9-9-9-9-9-9-9-9-9-9-9-9-9-9    -9 683758608270170004 413 2 217436125-9-9-9
  72 10 0 1 68 4 4 68-918 1 115 2 1 1 6 6 6 6 6 6 6 6 6 6 6 6 6 6 9-9  94161025637912405256004 413 4 314721151 4 4 7
  73 00 0-9 -9-9-9 -9-9-9-9-9-9-9-9-9-9-9-9-9-9-9-9-9-9-9-9-9-9-9-9-9    -9 580899351688921004 413 2 164526253-9-9-9
  74 01 0 1 68 4 4 68-9 2 4 330-9 2 6 1 6 6 6 6 6 6 6 6 6 6 6 1 1 6-9 22390 290449675844460504 413 1 268236145-9-9-9
  75 00 0-9 -9-9-9 -9-9-9-9-9-9-9-9-9-9-9-9-9-9-9-9-9-9-9-9-9-9-9-9-9    -9 580899351688921004 413 3 362921163-9-9-9
  76 01 0 1 68 4 4 68-928 4 6 0-9 1 6 1 6 6 6 6 6 6 6 6 6 6 6 1 1 8-9 419411161798703377842004 413 5 266721123-9-9-9
  77 00 0-9 -9-9-9 -9-9-9-9-9-9-9-9-9-9-9-9-9-9-9-9-9-9-9-9-9-9-9-9-9    -9 580899351688921004 413 2 267431115-9-9-9
  78 00 0-9 -9-9-9 -9-9-9-9-9-9-9-9-9-9-9-9-9-9-9-9-9-9-9-9-9-9-9-9-9    -91025637912405256004 413 3 215321123-9-9-9
  79 00 0-9 -9-9-9 -9-9-9-9-9-9-9-9-9-9-9-9-9-9-9-9-9-9-9-9-9-9-9-9-9    -9 580899351688921004 413 2 462411142 7 7 7
  80 00 0-9 -9-9-9 -9-9-9-9-9-9-9-9-9-9-9-9-9-9-9-9-9-9-9-9-9-9-9-9-9    -9 290449675844460504 413 1 166136127-9-9-9
  81 00 0-9 -9-9-9 -9-9-9-9-9-9-9-9-9-9-9-9-9-9-9-9-9-9-9-9-9-9-9-9-9    -91025637912405256004 413 39713216143-9-9-9
  82 00 0-9 -9-9-9 -9-9-9-9-9-9-9-9-9-9-9-9-9-9-9-9-9-9-9-9-9-9-9-9-9    -91161798703377842004 413 4 462016144-9-9-9
  83 00 0-9 -9-9-9 -9-9-9-9-9-9-9-9-9-9-9-9-9-9-9-9-9-9-9-9-9-9-9-9-9    -9 683758608270170004 413 2 115716123-9-9-9
  84 00 0-9 -9-9-9 -9-9-9-9-9-9-9-9-9-9-9-9-9-9-9-9-9-9-9-9-9-9-9-9-9    -9 580899351688921004 413 4 164821253-9-9-9
  85 00 0-9 -9-9-9 -9-9-9-9-9-9-9-9-9-9-9-9-9-9-9-9-9-9-9-9-9-9-9-9-9    -9 290449675844460504 413 1 365326131 91517
  86 00 0-9 -9-9-9 -9-9-9-9-9-9-9-9-9-9-9-9-9-9-9-9-9-9-9-9-9-9-9-9-9    -9 683758608270170004 413 3 514821141 6 6 8
  87 00 0-9 -9-9-9 -9-9-9-9-9-9-9-9-9-9-9-9-9-9-9-9-9-9-9-9-9-9-9-9-9    -91161798703377842004 413 4 161616144-9-9-9
  88 00 0-9 -9-9-9 -9-9-9-9-9-9-9-9-9-9-9-9-9-9-9-9-9-9-9-9-9-9-9-9-9    -9 871349027533381004 413 3 364821142 616 7
  89 00 0-9 -9-9-9 -9-9-9-9-9-9-9-9-9-9-9-9-9-9-9-9-9-9-9-9-9-9-9-9-9    -91025637912405256004 413 4 213511141 711 6
  90 00 0-9 -9-9-9 -9-9-9-9-9-9-9-9-9-9-9-9-9-9-9-9-9-9-9-9-9-9-9-9-9    -91161798703377842004 413 4 565221131 61516
  91 00 0-9 -9-9-9 -9-9-9-9-9-9-9-9-9-9-9-9-9-9-9-9-9-9-9-9-9-9-9-9-9    -9 290449675844460504 413 1 165936143-9-9-9
  92 00 0-9 -9-9-9 -9-9-9-9-9-9-9-9-9-9-9-9-9-9-9-9-9-9-9-9-9-9-9-9-9    -91452248379222302004 413 6 464721141 410 1
  93 00 0-9 -9-9-9 -9-9-9-9-9-9-9-9-9-9-9-9-9-9-9-9-9-9-9-9-9-9-9-9-9    -9 580899351688921004 413 3 263611147-9-9-9
  94 00 0-9 -9-9-9 -9-9-9-9-9-9-9-9-9-9-9-9-9-9-9-9-9-9-9-9-9-9-9-9-9    -91709396520675427004 413 5 312016154-9-9-9
  95 00 0-9 -9-9-9 -9-9-9-9-9-9-9-9-9-9-9-9-9-9-9-9-9-9-9-9-9-9-9-9-9    -9 871349027533381004 413 3 766421195-9-9-9
  96 01 0 1 68 4 4 68-928 5 7 0-9 2 6 6 6 6 6 6 6 1 6 6 6 6 6 1 1-912 41971 580899351688921004 413 2 565121181 6 515
  97 00 0-9 -9-9-9 -9-9-9-9-9-9-9-9-9-9-9-9-9-9-9-9-9-9-9-9-9-9-9-9-9    -9 871349027533381004 413 3 264441143-9-9-9
  98 00 0-9 -9-9-9 -9-9-9-9-9-9-9-9-9-9-9-9-9-9-9-9-9-9-9-9-9-9-9-9-9    -9 580899351688921004 413 2 367511125-9-9-9
  99 00 0-9 -9-9-9 -9-9-9-9-9-9-9-9-9-9-9-9-9-9-9-9-9-9-9-9-9-9-9-9-9    -9 341879304135085404 413 1 213216251 61514
 100 00 0-9 -9-9-9 -9-9-9-9-9-9-9-9-9-9-9-9-9-9-9-9-9-9-9-9-9-9-9-9-9    -9 580899351688921004 413 2 268436145-9-9-9
 101 00 0-9 -9-9-9 -9-9-9-9-9-9-9-9-9-9-9-9-9-9-9-9-9-9-9-9-9-9-9-9-9    -9 683758608270170004 413 3 513821141 4 7 9
 102 00 0-9 -9-9-9 -9-9-9-9-9-9-9-9-9-9-9-9-9-9-9-9-9-9-9-9-9-9-9-9-9    -9 290449675844460504 413 19768536115-9-9-9
 103 00 0-9 -9-9-9 -9-9-9-9-9-9-9-9-9-9-9-9-9-9-9-9-9-9-9-9-9-9-9-9-9    -91025637912405256004 413 4 414721161 116 7
 104 10 0 1 68 4 4 682929 7 330-9 1 6 1 6 6 6 6 6 6 6 6 6 6 6 1 6 4-9 17577 580899351688921004 413 3 264221257-9-9-9
 105 00 0-9 -9-9-9 -9-9-9-9-9-9-9-9-9-9-9-9-9-9-9-9-9-9-9-9-9-9-9-9-9    -9 683758608270170004 413 2 217016145-9-9-9
 106 00 0-9 -9-9-9 -9-9-9-9-9-9-9-9-9-9-9-9-9-9-9-9-9-9-9-9-9-9-9-9-9    -91452248379222302004 413 5 862616162 7 7 7
 107 00 0-9 -9-9-9 -9-9-9-9-9-9-9-9-9-9-9-9-9-9-9-9-9-9-9-9-9-9-9-9-9    -9 290449675844460504 413 1 266836125-9-9-9
 108 00 0-9 -9-9-9 -9-9-9-9-9-9-9-9-9-9-9-9-9-9-9-9-9-9-9-9-9-9-9-9-9    -9 580899351688921004 413 29868721135-9-9-9
 109 00 0-9 -9-9-9 -9-9-9-9-9-9-9-9-9-9-9-9-9-9-9-9-9-9-9-9-9-9-9-9-9    -9 580899351688921004 413 6 263741133-9-9-9
 110 00 0-9 -9-9-9 -9-9-9-9-9-9-9-9-9-9-9-9-9-9-9-9-9-9-9-9-9-9-9-9-9    -9 580899351688921004 413 4 763921191 6 216
 111 00 0-9 -9-9-9 -9-9-9-9-9-9-9-9-9-9-9-9-9-9-9-9-9-9-9-9-9-9-9-9-9    -9 683758608270170004 413 2 112921143-9-9-9
 112 10 0 1 68 4 4 68-918 4 2 0-9 1 1 6 6 6 6 6 6 6 6 6 6 6 6 1 6 8-9  7601 683758608270170004 413 2 313011141 61514
 113 00 0-9 -9-9-9 -9-9-9-9-9-9-9-9-9-9-9-9-9-9-9-9-9-9-9-9-9-9-9-9-9    -9 683758608270170004 413 2 412911143-9-9-9
 114 00 0-9 -9-9-9 -9-9-9-9-9-9-9-9-9-9-9-9-9-9-9-9-9-9-9-9-9-9-9-9-9    -9 290449675844460504 413 1 266236137-9-9-9
 115 00 0-9 -9-9-9 -9-9-9-9-9-9-9-9-9-9-9-9-9-9-9-9-9-9-9-9-9-9-9-9-9    -9 683758608270170004 413 4 514521161 4 7 7
 116 10 0 1 68 4 4 681818 2 145 3 2 1 6 6 6 6 6 6 6 6 6 6 6 6 1 1 8-9 11131 643496334807101004 411 3 612921193-9-9-9
 117 00 0-9 -9-9-9 -9-9-9-9-9-9-9-9-9-9-9-9-9-9-9-9-9-9-9-9-9-9-9-9-9    -9 643496334807101004 411 2 412511163-9-9-9
 118 00 0-9 -9-9-9 -9-9-9-9-9-9-9-9-9-9-9-9-9-9-9-9-9-9-9-9-9-9-9-9-9    -9 820040726030483004 411 3 266721127-9-9-9
 119 00 0-9 -9-9-9 -9-9-9-9-9-9-9-9-9-9-9-9-9-9-9-9-9-9-9-9-9-9-9-9-9    -9 546693817353655004 411 3 863521181 6 313
 120 10 0 1 68 4 4 681818 7 2 0-9 1 6 1 6 6 6 6 6 6 6 6 6 6 6 1 111-9 109061093387634707310004 411 4 865021191 6 217
 121 00 0-9 -9-9-9 -9-9-9-9-9-9-9-9-9-9-9-9-9-9-9-9-9-9-9-9-9-9-9-9-9    -9 546693817353655004 411 2 463011188-9-9-9
 122 00 0-9 -9-9-9 -9-9-9-9-9-9-9-9-9-9-9-9-9-9-9-9-9-9-9-9-9-9-9-9-9    -9 820040726030483004 411 4 363921142 6 5 7
 123 00 0-9 -9-9-9 -9-9-9-9-9-9-9-9-9-9-9-9-9-9-9-9-9-9-9-9-9-9-9-9-9    -9 546693817353655004 411 2 763621191 6 314
 124 00 0-9 -9-9-9 -9-9-9-9-9-9-9-9-9-9-9-9-9-9-9-9-9-9-9-9-9-9-9-9-9    -91286992669614203004 411 49711816144-9-9-9
 125 00 0-9 -9-9-9 -9-9-9-9-9-9-9-9-9-9-9-9-9-9-9-9-9-9-9-9-9-9-9-9-9    -9 643496334807101004 411 2 413211153-9-9-9
 126 00 0-9 -9-9-9 -9-9-9-9-9-9-9-9-9-9-9-9-9-9-9-9-9-9-9-9-9-9-9-9-9    -9 683758608270170004 413 2 116021123-9-9-9
 127 00 0-9 -9-9-9 -9-9-9-9-9-9-9-9-9-9-9-9-9-9-9-9-9-9-9-9-9-9-9-9-9    -91367517216540341004 413 4 512616162 6 5 6
 128 00 0-9 -9-9-9 -9-9-9-9-9-9-9-9-9-9-9-9-9-9-9-9-9-9-9-9-9-9-9-9-9    -9 580899351688921004 413 2 266921145-9-9-9
 129 00 0-9 -9-9-9 -9-9-9-9-9-9-9-9-9-9-9-9-9-9-9-9-9-9-9-9-9-9-9-9-9    -9 683758608270170004 413 2 513411181 6 4 7
 130 00 0-9 -9-9-9 -9-9-9-9-9-9-9-9-9-9-9-9-9-9-9-9-9-9-9-9-9-9-9-9-9    -9 871349027533381004 413 3 562316143-9-9-9
 131 00 0-9 -9-9-9 -9-9-9-9-9-9-9-9-9-9-9-9-9-9-9-9-9-9-9-9-9-9-9-9-9    -91025637912405256004 413 3 217021145-9-9-9
 132 00 0-9 -9-9-9 -9-9-9-9-9-9-9-9-9-9-9-9-9-9-9-9-9-9-9-9-9-9-9-9-9    -91367517216540341004 413 4 211716134-9-9-9
 133 00 0-9 -9-9-9 -9-9-9-9-9-9-9-9-9-9-9-9-9-9-9-9-9-9-9-9-9-9-9-9-9    -91025637912405256004 413 3 411916154-9-9-9
 134 00 0-9 -9-9-9 -9-9-9-9-9-9-9-9-9-9-9-9-9-9-9-9-9-9-9-9-9-9-9-9-9    -9 580899351688921004 413 2 268531145-9-9-9
 135 00 0-9 -9-9-9 -9-9-9-9-9-9-9-9-9-9-9-9-9-9-9-9-9-9-9-9-9-9-9-9-9    -9 580899351688921004 413 2 267636127-9-9-9
 136 00 0-9 -9-9-9 -9-9-9-9-9-9-9-9-9-9-9-9-9-9-9-9-9-9-9-9-9-9-9-9-9    -91161798703377842004 413 49865921147-9-9-9
 137 00 0-9 -9-9-9 -9-9-9-9-9-9-9-9-9-9-9-9-9-9-9-9-9-9-9-9-9-9-9-9-9    -9 580899351688921004 413 4 264221161 71520
 138 01 0 1 68 4 4 68-920 613 0-9 2 6 6 6 6 6 1 6 6 6 6 6 6 6 1 1-9 1 69866 580899351688921004 413 2 365921142 91517
 139 00 0-9 -9-9-9 -9-9-9-9-9-9-9-9-9-9-9-9-9-9-9-9-9-9-9-9-9-9-9-9-9    -9 580899351688921004 413 4 263621253-9-9-9
 140 00 0-9 -9-9-9 -9-9-9-9-9-9-9-9-9-9-9-9-9-9-9-9-9-9-9-9-9-9-9-9-9    -9 580899351688921004 413 4 162311163-9-9-9
 141 00 0-9 -9-9-9 -9-9-9-9-9-9-9-9-9-9-9-9-9-9-9-9-9-9-9-9-9-9-9-9-9    -9 871349027533381004 413 3 364921243-9-9-9
 142 00 0-9 -9-9-9 -9-9-9-9-9-9-9-9-9-9-9-9-9-9-9-9-9-9-9-9-9-9-9-9-9    -9 290449675844460504 413 1 262716151 61715
 143 00 0-9 -9-9-9 -9-9-9-9-9-9-9-9-9-9-9-9-9-9-9-9-9-9-9-9-9-9-9-9-9    -9 290449675844460504 413 1 267036127-9-9-9
 144 00 0-9 -9-9-9 -9-9-9-9-9-9-9-9-9-9-9-9-9-9-9-9-9-9-9-9-9-9-9-9-9    -9 683758608270170004 413 3 214021353-9-9-9
 145 00 0-9 -9-9-9 -9-9-9-9-9-9-9-9-9-9-9-9-9-9-9-9-9-9-9-9-9-9-9-9-9    -9 580899351688921004 413 2 267321127-9-9-9
 146 00 0-9 -9-9-9 -9-9-9-9-9-9-9-9-9-9-9-9-9-9-9-9-9-9-9-9-9-9-9-9-9    -9 580899351688921004 413 29767136135-9-9-9
 147 10 0 1 68 4 4 68-918 4 130-9 2 6 1 6 6 6 6 6 6 6 6 6 6 6 1 1 4-9  97781452248379222302004 413 5 565521152 7 5 9
 148 00 0-9 -9-9-9 -9-9-9-9-9-9-9-9-9-9-9-9-9-9-9-9-9-9-9-9-9-9-9-9-9    -9 580899351688921004 413 2 865221181 6 211
 149 00 0-9 -9-9-9 -9-9-9-9-9-9-9-9-9-9-9-9-9-9-9-9-9-9-9-9-9-9-9-9-9    -9 683758608270170004 413 2 516521145-9-9-9
 150 00 0-9 -9-9-9 -9-9-9-9-9-9-9-9-9-9-9-9-9-9-9-9-9-9-9-9-9-9-9-9-9    -9 580899351688921004 413 29767636127-9-9-9
 151 00 0-9 -9-9-9 -9-9-9-9-9-9-9-9-9-9-9-9-9-9-9-9-9-9-9-9-9-9-9-9-9    -9 683758608270170004 413 2 215821175-9-9-9
 152 00 0-9 -9-9-9 -9-9-9-9-9-9-9-9-9-9-9-9-9-9-9-9-9-9-9-9-9-9-9-9-9    -9 871349027533381004 413 39768716136-9-9-9
 153 00 0-9 -9-9-9 -9-9-9-9-9-9-9-9-9-9-9-9-9-9-9-9-9-9-9-9-9-9-9-9-9    -91161798703377842004 413 69766521147-9-9-9
 154 00 0-9 -9-9-9 -9-9-9-9-9-9-9-9-9-9-9-9-9-9-9-9-9-9-9-9-9-9-9-9-9    -9 580899351688921004 413 3 164941283-9-9-9
 155 00 0-9 -9-9-9 -9-9-9-9-9-9-9-9-9-9-9-9-9-9-9-9-9-9-9-9-9-9-9-9-9    -9 683758608270170004 413 2 218021145-9-9-9
 156 00 0-9 -9-9-9 -9-9-9-9-9-9-9-9-9-9-9-9-9-9-9-9-9-9-9-9-9-9-9-9-9    -9 290449675844460504 413 1 269336136-9-9-9
 157 00 0-9 -9-9-9 -9-9-9-9-9-9-9-9-9-9-9-9-9-9-9-9-9-9-9-9-9-9-9-9-9    -91161798703377842004 413 4 563016183-9-9-9
 158 00 0-9 -9-9-9 -9-9-9-9-9-9-9-9-9-9-9-9-9-9-9-9-9-9-9-9-9-9-9-9-9    -9 341879304135085404 413 19719336146-9-9-9
 159 10 0 1 68 4 4 68-918 4 145-9 2 6 1 6 6 6 6 6 6 6 6 6 6 6 1 1 8-9  8937 290449675844460504 413 19767136127-9-9-9
 160 00 0-9 -9-9-9 -9-9-9-9-9-9-9-9-9-9-9-9-9-9-9-9-9-9-9-9-9-9-9-9-9    -9 290449675844460504 413 1 167836125-9-9-9
 161 00 0-9 -9-9-9 -9-9-9-9-9-9-9-9-9-9-9-9-9-9-9-9-9-9-9-9-9-9-9-9-9    -9 290449675844460504 413 1 664316191 6 211
 162 00 0-9 -9-9-9 -9-9-9-9-9-9-9-9-9-9-9-9-9-9-9-9-9-9-9-9-9-9-9-9-9    -91367517216540341004 413 4 613611183-9-9-9
 163 00 0-9 -9-9-9 -9-9-9-9-9-9-9-9-9-9-9-9-9-9-9-9-9-9-9-9-9-9-9-9-9    -9 580899351688921004 413 29866321141 4 7 7
 164 00 0-9 -9-9-9 -9-9-9-9-9-9-9-9-9-9-9-9-9-9-9-9-9-9-9-9-9-9-9-9-9    -91025637912405256004 413 39817021192 4 217
 165 10 0 1 68 4 4 68-918 4 230-9 2 6 1 6 6 6 1 6 6 6 6 6 6 6 1 1-9-9  8998 290449675844460504 413 1 365016191 6 414
 166 00 0-9 -9-9-9 -9-9-9-9-9-9-9-9-9-9-9-9-9-9-9-9-9-9-9-9-9-9-9-9-9    -91367517216540341004 413 4 815021191 6 216
 167 01 0 1 68 4 4 68-928 4 3 0-9 2 6 6 6 6 6 6 6 6 6 1 6 6 6 1 1-9 6 42050 580899351688921004 413 2 267321125-9-9-9
 168 00 0-9 -9-9-9 -9-9-9-9-9-9-9-9-9-9-9-9-9-9-9-9-9-9-9-9-9-9-9-9-9    -91025637912405256004 413 4 711716153-9-9-9
 169 20 0 1 68 4 4 68-929 1 330 2 1 1 6 6 6 6 6 6 6 6 6 6 6 6 6 6 9-9 20301 683758608270170004 413 59813921191 6 3 6
 170 00 0-9 -9-9-9 -9-9-9-9-9-9-9-9-9-9-9-9-9-9-9-9-9-9-9-9-9-9-9-9-9    -9 683758608270170004 413 4 713621191 6 514
 171 01 0 1 68 4 4 68-930 4 3 0-9 2 1 6 6 6 6 6 6 6 6 6 6 6 6 1 1 7-9 15528 683758608270170004 413 3 313111351 61715
 172 00 0-9 -9-9-9 -9-9-9-9-9-9-9-9-9-9-9-9-9-9-9-9-9-9-9-9-9-9-9-9-9    -9 580899351688921004 413 2 268221125-9-9-9
 173 00 0-9 -9-9-9 -9-9-9-9-9-9-9-9-9-9-9-9-9-9-9-9-9-9-9-9-9-9-9-9-9    -9 580899351688921004 413 39863321191 6 5 1
 174 00 0-9 -9-9-9 -9-9-9-9-9-9-9-9-9-9-9-9-9-9-9-9-9-9-9-9-9-9-9-9-9    -9 683758608270170004 413 3 813821191 6 3 1
 175 10 0 1 68 4 4 68-923 4 230-9 2 1 6 6 6 6 6 6 6 6 6 6 6 6 1 1 1-9 168771367517216540341004 413 4 615221171 61715
 176 10 0 2 68 4 4 681818 6 3 0-9 1 6 6 6 6 6 6 1 6 6 6 6 6 6 1 6-912 10972 290449675844460504 413 1 265516133-9-9-9
 177 00 0-9 -9-9-9 -9-9-9-9-9-9-9-9-9-9-9-9-9-9-9-9-9-9-9-9-9-9-9-9-9    -9 290449675844460504 413 3 263546153-9-9-9
 178 01 0 1 68 4 4 68-9 8 4 145-9 2 6 6 6 6 6 6 6 6 6 1 6 6 6 1 1-9 7 66498 580899351688921004 413 2 366616145-9-9-9
 179 00 0-9 -9-9-9 -9-9-9-9-9-9-9-9-9-9-9-9-9-9-9-9-9-9-9-9-9-9-9-9-9    -91161798703377842004 413 59864921147-9-9-9
 180 00 0-9 -9-9-9 -9-9-9-9-9-9-9-9-9-9-9-9-9-9-9-9-9-9-9-9-9-9-9-9-9    -91161798703377842004 413 4 462416182 7 7 9
 181 10 0 1 68 4 4 681111 7 6 0-9 2 1 6 6 6 6 6 6 6 6 6 6 6 6 1 111-9 338211161798703377842004 413 4 162416143-9-9-9
 182 10 0 1 68 4 4 68-918 4 2 0-9 1 1 6 6 6 6 6 6 6 6 6 6 6 6 1 6 8-9  9076 683758608270170004 413 29816521145-9-9-9
 183 00 1 1 68 4 4187-9-9 613 0-9 2 6 6 6 6 6 6 1 6 6 6 6 6 6 1 1-9 4 61581 580899351688921004 413 29766121145-9-9-9
 184 01 0 1 68 4 4 68-928 1 6 0 5 1 1 6 6 6 6 6 6 6 6 6 6 6 6 1 1 7-9 42042 683758608270170004 413 29714021191 4 313
 185 00 0-9 -9-9-9 -9-9-9-9-9-9-9-9-9-9-9-9-9-9-9-9-9-9-9-9-9-9-9-9-9    -9 580899351688921004 413 2 565121141 715 9
 186 01 0 1 68 4 4 68-930 4 315-9 2 6 1 6 6 6 6 6 6 6 6 6 6 6 1 1 4-9 15449 871349027533381004 413 3 162416182 3 416
 187 00 0-9 -9-9-9 -9-9-9-9-9-9-9-9-9-9-9-9-9-9-9-9-9-9-9-9-9-9-9-9-9    -9 290449675844460504 413 1 167936127-9-9-9
 188 00 0-9 -9-9-9 -9-9-9-9-9-9-9-9-9-9-9-9-9-9-9-9-9-9-9-9-9-9-9-9-9    -9 871349027533381004 413 39765511153-9-9-9
 189 00 0-9 -9-9-9 -9-9-9-9-9-9-9-9-9-9-9-9-9-9-9-9-9-9-9-9-9-9-9-9-9    -9 580899351688921004 413 29764321151 6 519
 190 00 0-9 -9-9-9 -9-9-9-9-9-9-9-9-9-9-9-9-9-9-9-9-9-9-9-9-9-9-9-9-9    -9 580899351688921004 413 3 864521198-9-9-9
 191 00 0-9 -9-9-9 -9-9-9-9-9-9-9-9-9-9-9-9-9-9-9-9-9-9-9-9-9-9-9-9-9    -91025637912405256004 413 39716921145-9-9-9
 192 01 1 1 68 4 4126-9-9 610 0-9 2 1 6 6 6 6 6 6 6 6 1 6 6 6 1 1-9-9140345 683758608270170004 413 2 813321181 6 315
 193 00 0-9 -9-9-9 -9-9-9-9-9-9-9-9-9-9-9-9-9-9-9-9-9-9-9-9-9-9-9-9-9    -9 290449675844460504 413 1 163736116-9-9-9
 194 10 0 1 68 4 4 68-941 6 5 0-9 1 1 6 6 6 6 6 6 6 6 6 6 6 6 1 1 8-9 29487 683758608270170004 413 2 614716181 6 410
 195 00 0-9 -9-9-9 -9-9-9-9-9-9-9-9-9-9-9-9-9-9-9-9-9-9-9-9-9-9-9-9-9    -91367517216540341004 413 4 216521125-9-9-9
 196 00 0-9 -9-9-9 -9-9-9-9-9-9-9-9-9-9-9-9-9-9-9-9-9-9-9-9-9-9-9-9-9    -9 341879304135085404 413 1 115046126-9-9-9
 197 00 0-9 -9-9-9 -9-9-9-9-9-9-9-9-9-9-9-9-9-9-9-9-9-9-9-9-9-9-9-9-9    -91025637912405256004 413 4 112216163-9-9-9
 198 00 0-9 -9-9-9 -9-9-9-9-9-9-9-9-9-9-9-9-9-9-9-9-9-9-9-9-9-9-9-9-9    -9 341879304135085404 413 19815116151 61715
 199 00 0-9 -9-9-9 -9-9-9-9-9-9-9-9-9-9-9-9-9-9-9-9-9-9-9-9-9-9-9-9-9    -91025637912405256004 413 39717226126-9-9-9
 200 00 0-9 -9-9-9 -9-9-9-9-9-9-9-9-9-9-9-9-9-9-9-9-9-9-9-9-9-9-9-9-9    -9 580899351688921004 413 2 264516131 6 7 9
 201 00 0-9 -9-9-9 -9-9-9-9-9-9-9-9-9-9-9-9-9-9-9-9-9-9-9-9-9-9-9-9-9    -9 683758608270170004 413 2 414321171 61717
 202 00 0-9 -9-9-9 -9-9-9-9-9-9-9-9-9-9-9-9-9-9-9-9-9-9-9-9-9-9-9-9-9    -9 290449675844460504 413 19766336147-9-9-9
 203 00 0-9 -9-9-9 -9-9-9-9-9-9-9-9-9-9-9-9-9-9-9-9-9-9-9-9-9-9-9-9-9    -9 580899351688921004 413 2 468936156-9-9-9
 204 00 0-9 -9-9-9 -9-9-9-9-9-9-9-9-9-9-9-9-9-9-9-9-9-9-9-9-9-9-9-9-9    -9 683758608270170004 413 4 414411191 6 216
 205 00 0-9 -9-9-9 -9-9-9-9-9-9-9-9-9-9-9-9-9-9-9-9-9-9-9-9-9-9-9-9-9    -9 580899351688921004 413 2 567321145-9-9-9
 206 01 0 1 68 4 4 68-946 5 5 0-9 2 6 1 6 6 6 6 6 6 6 6 6 6 6 1 111-9 31689 290449675844460504 413 1 165246143-9-9-9
 207 00 0-9 -9-9-9 -9-9-9-9-9-9-9-9-9-9-9-9-9-9-9-9-9-9-9-9-9-9-9-9-9    -9 580899351688921004 413 4 864321193-9-9-9
 208 00 0-9 -9-9-9 -9-9-9-9-9-9-9-9-9-9-9-9-9-9-9-9-9-9-9-9-9-9-9-9-9    -9 290449675844460504 413 1 465516181 6 217
 209 00 0-9 -9-9-9 -9-9-9-9-9-9-9-9-9-9-9-9-9-9-9-9-9-9-9-9-9-9-9-9-9    -9 290449675844460504 413 2 164716142 6 817
 210 00 0-9 -9-9-9 -9-9-9-9-9-9-9-9-9-9-9-9-9-9-9-9-9-9-9-9-9-9-9-9-9    -9 580899351688921004 413 2 268936146-9-9-9
 211 00 0-9 -9-9-9 -9-9-9-9-9-9-9-9-9-9-9-9-9-9-9-9-9-9-9-9-9-9-9-9-9    -91709396520675427004 413 5 515621181 6 216
 212 00 0-9 -9-9-9 -9-9-9-9-9-9-9-9-9-9-9-9-9-9-9-9-9-9-9-9-9-9-9-9-9    -9 580899351688921004 413 2 462411143-9-9-9
 213 00 0-9 -9-9-9 -9-9-9-9-9-9-9-9-9-9-9-9-9-9-9-9-9-9-9-9-9-9-9-9-9    -9 555409253094944004 412 4 864221171 6 611
 214 00 0-9 -9-9-9 -9-9-9-9-9-9-9-9-9-9-9-9-9-9-9-9-9-9-9-9-9-9-9-9-9    -9 653755003878785004 412 2 216836255-9-9-9
 215 20 0 1 68 4 4 68181810 145-9 1 6 6 6 6 6 6 1 6 6 6 6 6 6 1 6-912 11517 326877501939392604 412 1 215116141 6 619
 216 00 0-9 -9-9-9 -9-9-9-9-9-9-9-9-9-9-9-9-9-9-9-9-9-9-9-9-9-9-9-9-9    -9 653755003878785004 412 4 714521191 6 216
 217 10 0 1 68 4 4 68-923 8 330-9 2 1 6 6 6 6 6 6 6 6 6 6 6 6 1 1 8-9 16097 653755003878785004 412 4 513311151 1 1 8
 218 00 0-9 -9-9-9 -9-9-9-9-9-9-9-9-9-9-9-9-9-9-9-9-9-9-9-9-9-9-9-9-9    -9 555409253094944004 412 29867321125-9-9-9
 219 10 0 1 68 4 4 68-914 4 4 0-9 2 6 1 6 6 6 6 6 6 6 6 6 6 6 1 1 1-9 25005 326877501939392604 412 1 413216191 6 216
 220 01 0 1 68 4 4 68-928 2 7 0 5 2 1 6 6 6 6 6 6 6 6 6 6 6 6 6 111-9 42208 980632505818177004 412 3 412716154-9-9-9
 221 11 0 1 68 4 4 68-928 1 8 0 4 1 6 6 6 6 6 6 1 6 6 6 6 6 6 1 6-912 42212 653755003878785004 412 2 515821191 6 317
 222 00 0-9 -9-9-9 -9-9-9-9-9-9-9-9-9-9-9-9-9-9-9-9-9-9-9-9-9-9-9-9-9    -91110818506189889004 412 4 765041191 6 217
 223 00 0-9 -9-9-9 -9-9-9-9-9-9-9-9-9-9-9-9-9-9-9-9-9-9-9-9-9-9-9-9-9    -9 643496334807101004 411 39813121173-9-9-9
 224 00 0-9 -9-9-9 -9-9-9-9-9-9-9-9-9-9-9-9-9-9-9-9-9-9-9-9-9-9-9-9-9    -9 273346908676827704 411 1 163016148-9-9-9
 225 00 0-9 -9-9-9 -9-9-9-9-9-9-9-9-9-9-9-9-9-9-9-9-9-9-9-9-9-9-9-9-9    -9 546693817353655004 411 49864321172 1 116
 226 00 0-9 -9-9-9 -9-9-9-9-9-9-9-9-9-9-9-9-9-9-9-9-9-9-9-9-9-9-9-9-9    -9 643496334807101004 411 2 212911183-9-9-9
 227 10 0 1 68 4 4 68-918 6 115-9 1 6 6 6 6 6 6 1 6 6 6 6 6 6 1 6-9-1  9426 643496334807101004 411 39714921131 410 1
 228 10 0 2 68 4 4 682929 5 330-9 2 6 6 6 6 6 1 6 6 6 6 6 6 6 6 1-912 17598 546693817353655004 411 2 263616153-9-9-9
 229 10 0 1 68 4 4 681818 4 145-9 1 1 6 6 6 6 6 6 6 6 6 6 6 6 6 6 1-9 12110 643496334807101004 411 39714421191 6 216
 230 00 0-9 -9-9-9 -9-9-9-9-9-9-9-9-9-9-9-9-9-9-9-9-9-9-9-9-9-9-9-9-9    -9 321748167403551004 411 1 216646175-9-9-9
 231 00 0-9 -9-9-9 -9-9-9-9-9-9-9-9-9-9-9-9-9-9-9-9-9-9-9-9-9-9-9-9-9    -9 820040726030483004 411 4 861916154-9-9-9
 232 00 0-9 -9-9-9 -9-9-9-9-9-9-9-9-9-9-9-9-9-9-9-9-9-9-9-9-9-9-9-9-9    -9 546693817353655004 411 39762721162 410 1
 233 00 0-9 -9-9-9 -9-9-9-9-9-9-9-9-9-9-9-9-9-9-9-9-9-9-9-9-9-9-9-9-9    -9 871349027533381004 413 39765521131 410 1
 234 00 0-9 -9-9-9 -9-9-9-9-9-9-9-9-9-9-9-9-9-9-9-9-9-9-9-9-9-9-9-9-9    -9 871349027533381004 413 39761816154-9-9-9
 235 00 0-9 -9-9-9 -9-9-9-9-9-9-9-9-9-9-9-9-9-9-9-9-9-9-9-9-9-9-9-9-9    -9 580899351688921004 413 3 462616161 7 7 7
 236 00 0-9 -9-9-9 -9-9-9-9-9-9-9-9-9-9-9-9-9-9-9-9-9-9-9-9-9-9-9-9-9    -9 683758608270170004 413 49713821141 416 1
 237 10 0 1 68 4 4 684141 4 6 0-9 2 6 6 6 6 6 6 6 1 6 6 6 6 6 1 1-912 31786 580899351688921004 413 3 364511171 7 217
 238 00 0-9 -9-9-9 -9-9-9-9-9-9-9-9-9-9-9-9-9-9-9-9-9-9-9-9-9-9-9-9-9    -9 580899351688921004 413 4 263721147-9-9-9
 239 00 0-9 -9-9-9 -9-9-9-9-9-9-9-9-9-9-9-9-9-9-9-9-9-9-9-9-9-9-9-9-9    -9 580899351688921004 413 49763521147-9-9-9
 240 00 0-9 -9-9-9 -9-9-9-9-9-9-9-9-9-9-9-9-9-9-9-9-9-9-9-9-9-9-9-9-9    -9 580899351688921004 413 2 265321121 716 1
 241 00 0-9 -9-9-9 -9-9-9-9-9-9-9-9-9-9-9-9-9-9-9-9-9-9-9-9-9-9-9-9-9    -9 290449675844460504 413 1 169036125-9-9-9
 242 00 0-9 -9-9-9 -9-9-9-9-9-9-9-9-9-9-9-9-9-9-9-9-9-9-9-9-9-9-9-9-9    -91025637912405256004 413 49711816132 516 1
 243 00 0-9 -9-9-9 -9-9-9-9-9-9-9-9-9-9-9-9-9-9-9-9-9-9-9-9-9-9-9-9-9    -91367517216540341004 463 49814821141 612 7
 244 00 0-9 -9-9-9 -9-9-9-9-9-9-9-9-9-9-9-9-9-9-9-9-9-9-9-9-9-9-9-9-9    -9 580899351688921004 463 3 363221143-9-9-9
 245 00 0-9 -9-9-9 -9-9-9-9-9-9-9-9-9-9-9-9-9-9-9-9-9-9-9-9-9-9-9-9-9    -9 580899351688921004 463 2 267921137-9-9-9
 246 00 0-9 -9-9-9 -9-9-9-9-9-9-9-9-9-9-9-9-9-9-9-9-9-9-9-9-9-9-9-9-9    -9 341879304135085404 463 1 214016141 114 8
 247 00 0-9 -9-9-9 -9-9-9-9-9-9-9-9-9-9-9-9-9-9-9-9-9-9-9-9-9-9-9-9-9    -9 580899351688921004 463 3 264621137-9-9-9
 248 00 0-9 -9-9-9 -9-9-9-9-9-9-9-9-9-9-9-9-9-9-9-9-9-9-9-9-9-9-9-9-9    -9 580899351688921004 463 2 265426143-9-9-9
 249 00 0-9 -9-9-9 -9-9-9-9-9-9-9-9-9-9-9-9-9-9-9-9-9-9-9-9-9-9-9-9-9    -9 580899351688921004 463 2 264621143-9-9-9
 250 20 0 1 68 4 4 68-923 6 3 0-9 2 6 1 6 6 6 6 6 6 6 6 6 6 6 1 1 8-9 14919 580899351688921004 463 4 563721182 7 413
 251 01 0 1 68 4 4 68-922 811 0-9 2 6 6 6 6 6 6 6 6 6 6 6 1 6 1 1 8-9 62075 580899351688921004 463 2 462811172 6 413
 252 00 0-9 -9-9-9 -9-9-9-9-9-9-9-9-9-9-9-9-9-9-9-9-9-9-9-9-9-9-9-9-9    -9 683758608270170004 463 2 217921125-9-9-9
 253 00 0-9 -9-9-9 -9-9-9-9-9-9-9-9-9-9-9-9-9-9-9-9-9-9-9-9-9-9-9-9-9    -9 580899351688921004 453 3 363021142 612 1
 254 00 0-9 -9-9-9 -9-9-9-9-9-9-9-9-9-9-9-9-9-9-9-9-9-9-9-9-9-9-9-9-9    -9 871349027533381004 453 5 568036125-9-9-9
 255 00 0-9 -9-9-9 -9-9-9-9-9-9-9-9-9-9-9-9-9-9-9-9-9-9-9-9-9-9-9-9-9    -91161798703377842004 453 4 363016181 7 611
 256 00 0-9 -9-9-9 -9-9-9-9-9-9-9-9-9-9-9-9-9-9-9-9-9-9-9-9-9-9-9-9-9    -9 683758608270170004 453 3 212511133-9-9-9
 257 00 0-9 -9-9-9 -9-9-9-9-9-9-9-9-9-9-9-9-9-9-9-9-9-9-9-9-9-9-9-9-9    -9 683758608270170004 453 2 216721125-9-9-9
 258 00 0-9 -9-9-9 -9-9-9-9-9-9-9-9-9-9-9-9-9-9-9-9-9-9-9-9-9-9-9-9-9    -9 683758608270170004 453 3 113521143-9-9-9
 259 00 0-9 -9-9-9 -9-9-9-9-9-9-9-9-9-9-9-9-9-9-9-9-9-9-9-9-9-9-9-9-9    -9 290449675844460504 453 3 264446142 61520
 260 10 0 1 68 4 4 681818 4 2 0-9 2 1 6 6 6 6 6 6 6 6 6 6 6 6 1 1 8-9  69311367517216540341004 453 5 716121131 61117
 261 00 0-9 -9-9-9 -9-9-9-9-9-9-9-9-9-9-9-9-9-9-9-9-9-9-9-9-9-9-9-9-9    -9 341879304135085404 453 1 218736145-9-9-9
 262 00 0-9 -9-9-9 -9-9-9-9-9-9-9-9-9-9-9-9-9-9-9-9-9-9-9-9-9-9-9-9-9    -9 683758608270170004 453 2 217521125-9-9-9
 263 00 0-9 -9-9-9 -9-9-9-9-9-9-9-9-9-9-9-9-9-9-9-9-9-9-9-9-9-9-9-9-9    -9 980632505818177004 452 3 212116164-9-9-9
 264 00 0-9 -9-9-9 -9-9-9-9-9-9-9-9-9-9-9-9-9-9-9-9-9-9-9-9-9-9-9-9-9    -9 277704626547472304 452 19767736125-9-9-9
 265 00 0-9 -9-9-9 -9-9-9-9-9-9-9-9-9-9-9-9-9-9-9-9-9-9-9-9-9-9-9-9-9    -9 833113879642416004 452 3 265921122 61514
 266 00 0-9 -9-9-9 -9-9-9-9-9-9-9-9-9-9-9-9-9-9-9-9-9-9-9-9-9-9-9-9-9    -9 653755003878785004 452 4 414021191 6 213
 267 00 0-9 -9-9-9 -9-9-9-9-9-9-9-9-9-9-9-9-9-9-9-9-9-9-9-9-9-9-9-9-9    -9 555409253094944004 452 4 863421281 2 1 1
 268 00 0-9 -9-9-9 -9-9-9-9-9-9-9-9-9-9-9-9-9-9-9-9-9-9-9-9-9-9-9-9-9    -9 980632505818177004 452 4 514321141 4 1 1
 269 00 0-9 -9-9-9 -9-9-9-9-9-9-9-9-9-9-9-9-9-9-9-9-9-9-9-9-9-9-9-9-9    -9 653755003878785004 452 5 214721161 6 7 7
 270 00 0-9 -9-9-9 -9-9-9-9-9-9-9-9-9-9-9-9-9-9-9-9-9-9-9-9-9-9-9-9-9    -9 833113879642416004 452 3 362516141 712 1
 271 00 0-9 -9-9-9 -9-9-9-9-9-9-9-9-9-9-9-9-9-9-9-9-9-9-9-9-9-9-9-9-9    -9 653755003878785004 452 2 214821241 716 1
 272 00 0-9 -9-9-9 -9-9-9-9-9-9-9-9-9-9-9-9-9-9-9-9-9-9-9-9-9-9-9-9-9    -9 555409253094944004 452 2 367321135-9-9-9
 273 00 0-9 -9-9-9 -9-9-9-9-9-9-9-9-9-9-9-9-9-9-9-9-9-9-9-9-9-9-9-9-9    -9 833113879642416004 452 3 266421122 71520
 274 00 0-9 -9-9-9 -9-9-9-9-9-9-9-9-9-9-9-9-9-9-9-9-9-9-9-9-9-9-9-9-9    -9 277704626547472304 452 1 267836115-9-9-9
 275 11 0 1 68 4 4 68-930 1 2 0 2 2 1 6 6 6 6 6 6 6 6 6 6 6 6 6 1 8-9 15009 653755003878785004 452 39813311141 712 3
 276 00 0-9 -9-9-9 -9-9-9-9-9-9-9-9-9-9-9-9-9-9-9-9-9-9-9-9-9-9-9-9-9    -9 653755003878785004 452 3 313221151 613 3
 277 00 0-9 -9-9-9 -9-9-9-9-9-9-9-9-9-9-9-9-9-9-9-9-9-9-9-9-9-9-9-9-9    -9 980632505818177004 452 3 215821155-9-9-9
 278 00 0-9 -9-9-9 -9-9-9-9-9-9-9-9-9-9-9-9-9-9-9-9-9-9-9-9-9-9-9-9-9    -9 326877501939392604 452 1 413916191 6 216
 279 01 0 1 68 4 4 68-946 4 430-9 2 6 1 6 6 6 6 6 6 6 6 6 6 6 1 1 4-9 31093 555409253094944004 452 4 464621173-9-9-9
 280 00 0-9 -9-9-9 -9-9-9-9-9-9-9-9-9-9-9-9-9-9-9-9-9-9-9-9-9-9-9-9-9    -9 653755003878785004 452 2 313811141 115 7
 281 00 0-9 -9-9-9 -9-9-9-9-9-9-9-9-9-9-9-9-9-9-9-9-9-9-9-9-9-9-9-9-9    -9 555409253094944004 452 4 364521161 6 816
 282 00 0-9 -9-9-9 -9-9-9-9-9-9-9-9-9-9-9-9-9-9-9-9-9-9-9-9-9-9-9-9-9    -9 326877501939392604 452 1 213916172 616 3
 283 00 0-9 -9-9-9 -9-9-9-9-9-9-9-9-9-9-9-9-9-9-9-9-9-9-9-9-9-9-9-9-9    -9 580899351688921004 453 29765721121 4 7 9
 284 00 0-9 -9-9-9 -9-9-9-9-9-9-9-9-9-9-9-9-9-9-9-9-9-9-9-9-9-9-9-9-9    -9 683758608270170004 453 4 314321171 6 4 8
 285 20 0 1 68 4 4 681211 1 530 3 2 1 6 6 6 6 6 6 6 6 6 6 6 6 6 1 8-9 28147 580899351688921004 453 3 664121181 7 216
 286 00 0-9 -9-9-9 -9-9-9-9-9-9-9-9-9-9-9-9-9-9-9-9-9-9-9-9-9-9-9-9-9    -91025637912405256004 453 4 514921153-9-9-9
 287 00 0-9 -9-9-9 -9-9-9-9-9-9-9-9-9-9-9-9-9-9-9-9-9-9-9-9-9-9-9-9-9    -91452248379222302004 453 5 664821143-9-9-9
 288 00 0-9 -9-9-9 -9-9-9-9-9-9-9-9-9-9-9-9-9-9-9-9-9-9-9-9-9-9-9-9-9    -9 683758608270170004 453 4 413921181 6 217
 289 00 0-9 -9-9-9 -9-9-9-9-9-9-9-9-9-9-9-9-9-9-9-9-9-9-9-9-9-9-9-9-9    -9 683758608270170004 453 3 212511163-9-9-9
 290 00 0-9 -9-9-9 -9-9-9-9-9-9-9-9-9-9-9-9-9-9-9-9-9-9-9-9-9-9-9-9-9    -9 580899351688921004 453 2 262711172 6 6 7
 291 00 0-9 -9-9-9 -9-9-9-9-9-9-9-9-9-9-9-9-9-9-9-9-9-9-9-9-9-9-9-9-9    -9 871349027533381004 453 4 365521163-9-9-9
 292 00 0-9 -9-9-9 -9-9-9-9-9-9-9-9-9-9-9-9-9-9-9-9-9-9-9-9-9-9-9-9-9    -9 683758608270170004 453 3 413821141 614 8
 293 00 0-9 -9-9-9 -9-9-9-9-9-9-9-9-9-9-9-9-9-9-9-9-9-9-9-9-9-9-9-9-9    -9 683758608270170004 443 29716521125-9-9-9
 294 00 0-9 -9-9-9 -9-9-9-9-9-9-9-9-9-9-9-9-9-9-9-9-9-9-9-9-9-9-9-9-9    -9 871349027533381004 443 4 365746133-9-9-9
 295 00 0-9 -9-9-9 -9-9-9-9-9-9-9-9-9-9-9-9-9-9-9-9-9-9-9-9-9-9-9-9-9    -9 683758608270170004 443 2 215021135-9-9-9
 296 00 0-9 -9-9-9 -9-9-9-9-9-9-9-9-9-9-9-9-9-9-9-9-9-9-9-9-9-9-9-9-9    -9 341879304135085404 443 1 715816155-9-9-9
 297 00 0-9 -9-9-9 -9-9-9-9-9-9-9-9-9-9-9-9-9-9-9-9-9-9-9-9-9-9-9-9-9    -9 290449675844460504 443 1 268236125-9-9-9
 298 00 0-9 -9-9-9 -9-9-9-9-9-9-9-9-9-9-9-9-9-9-9-9-9-9-9-9-9-9-9-9-9    -91367517216540341004 443 4 312716221 716 1
 299 01 0 1 68 4 4 68-930 4 3 0-9 2 6 1 6 6 6 6 6 6 6 6 6 6 6 1 1 1-9 13548 580899351688921004 443 2 366121145-9-9-9
 300 00 0-9 -9-9-9 -9-9-9-9-9-9-9-9-9-9-9-9-9-9-9-9-9-9-9-9-9-9-9-9-9    -91025637912405256004 443 49711916131 516 1
 301 00 0-9 -9-9-9 -9-9-9-9-9-9-9-9-9-9-9-9-9-9-9-9-9-9-9-9-9-9-9-9-9    -9 683758608270170004 443 3 313621253-9-9-9
 302 00 0-9 -9-9-9 -9-9-9-9-9-9-9-9-9-9-9-9-9-9-9-9-9-9-9-9-9-9-9-9-9    -9 871349027533381004 443 3 263926231 715 3
 303 00 0-9 -9-9-9 -9-9-9-9-9-9-9-9-9-9-9-9-9-9-9-9-9-9-9-9-9-9-9-9-9    -9 683758608270170004 443 4 114721163-9-9-9
 304 00 0-9 -9-9-9 -9-9-9-9-9-9-9-9-9-9-9-9-9-9-9-9-9-9-9-9-9-9-9-9-9    -91367517216540341004 443 69712016233-9-9-9
 305 00 0-9 -9-9-9 -9-9-9-9-9-9-9-9-9-9-9-9-9-9-9-9-9-9-9-9-9-9-9-9-9    -9 580899351688921004 443 2 266321126-9-9-9
 306 00 0-9 -9-9-9 -9-9-9-9-9-9-9-9-9-9-9-9-9-9-9-9-9-9-9-9-9-9-9-9-9    -9 580899351688921004 443 4 563821181 6 3 1
 307 00 0-9 -9-9-9 -9-9-9-9-9-9-9-9-9-9-9-9-9-9-9-9-9-9-9-9-9-9-9-9-9    -9 290449675844460504 443 1 168136125-9-9-9
 308 00 0-9 -9-9-9 -9-9-9-9-9-9-9-9-9-9-9-9-9-9-9-9-9-9-9-9-9-9-9-9-9    -9 653755003878785004 442 2 218116115-9-9-9
 309 00 0-9 -9-9-9 -9-9-9-9-9-9-9-9-9-9-9-9-9-9-9-9-9-9-9-9-9-9-9-9-9    -91388523132737361004 442 6 162516281 4 315
 310 00 0-9 -9-9-9 -9-9-9-9-9-9-9-9-9-9-9-9-9-9-9-9-9-9-9-9-9-9-9-9-9    -9 555409253094944004 442 2 463011143-9-9-9
 311 00 0-9 -9-9-9 -9-9-9-9-9-9-9-9-9-9-9-9-9-9-9-9-9-9-9-9-9-9-9-9-9    -9 277704626547472304 442 1 167736115-9-9-9
 312 00 0-9 -9-9-9 -9-9-9-9-9-9-9-9-9-9-9-9-9-9-9-9-9-9-9-9-9-9-9-9-9    -9 277704626547472304 442 1 167816115-9-9-9
 313 00 0-9 -9-9-9 -9-9-9-9-9-9-9-9-9-9-9-9-9-9-9-9-9-9-9-9-9-9-9-9-9    -9 653755003878785004 442 3 213121141 71519
 314 00 0-9 -9-9-9 -9-9-9-9-9-9-9-9-9-9-9-9-9-9-9-9-9-9-9-9-9-9-9-9-9    -9 555409253094944004 442 4 464021133-9-9-9
 315 00 0-9 -9-9-9 -9-9-9-9-9-9-9-9-9-9-9-9-9-9-9-9-9-9-9-9-9-9-9-9-9    -9 980632505818177004 442 7 114721221 916 1
 316 00 0-9 -9-9-9 -9-9-9-9-9-9-9-9-9-9-9-9-9-9-9-9-9-9-9-9-9-9-9-9-9    -9 555409253094944004 442 2 462711141 614 8
 317 00 0-9 -9-9-9 -9-9-9-9-9-9-9-9-9-9-9-9-9-9-9-9-9-9-9-9-9-9-9-9-9    -9 653755003878785004 442 5 313421151 7 915
 318 00 0-9 -9-9-9 -9-9-9-9-9-9-9-9-9-9-9-9-9-9-9-9-9-9-9-9-9-9-9-9-9    -91025637912405256004 463 4 814621171 1 513
 319 00 0-9 -9-9-9 -9-9-9-9-9-9-9-9-9-9-9-9-9-9-9-9-9-9-9-9-9-9-9-9-9    -9 871349027533381004 463 4 563721251 716 1
 320 00 0-9 -9-9-9 -9-9-9-9-9-9-9-9-9-9-9-9-9-9-9-9-9-9-9-9-9-9-9-9-9    -9 290449675844460504 463 1 262716172 6 614
 321 00 0-9 -9-9-9 -9-9-9-9-9-9-9-9-9-9-9-9-9-9-9-9-9-9-9-9-9-9-9-9-9    -9 580899351688921004 463 2 266321147-9-9-9
 322 00 0-9 -9-9-9 -9-9-9-9-9-9-9-9-9-9-9-9-9-9-9-9-9-9-9-9-9-9-9-9-9    -9 580899351688921004 463 4 163021143-9-9-9
 323 00 0-9 -9-9-9 -9-9-9-9-9-9-9-9-9-9-9-9-9-9-9-9-9-9-9-9-9-9-9-9-9    -91025637912405256004 463 3 213216143-9-9-9
 324 00 0-9 -9-9-9 -9-9-9-9-9-9-9-9-9-9-9-9-9-9-9-9-9-9-9-9-9-9-9-9-9    -9 580899351688921004 463 4 262311133-9-9-9
 325 00 0-9 -9-9-9 -9-9-9-9-9-9-9-9-9-9-9-9-9-9-9-9-9-9-9-9-9-9-9-9-9    -9 341879304135085404 463 1 117236115-9-9-9
 326 00 0-9 -9-9-9 -9-9-9-9-9-9-9-9-9-9-9-9-9-9-9-9-9-9-9-9-9-9-9-9-9    -9 341879304135085404 463 1 218336125-9-9-9
 327 00 0-9 -9-9-9 -9-9-9-9-9-9-9-9-9-9-9-9-9-9-9-9-9-9-9-9-9-9-9-9-9    -9 290449675844460504 463 1 167936147-9-9-9
 328 00 0-9 -9-9-9 -9-9-9-9-9-9-9-9-9-9-9-9-9-9-9-9-9-9-9-9-9-9-9-9-9    -9 580899351688921004 433 2 266821137-9-9-9
 329 00 0-9 -9-9-9 -9-9-9-9-9-9-9-9-9-9-9-9-9-9-9-9-9-9-9-9-9-9-9-9-9    -9 871349027533381004 433 4 562811253-9-9-9
 330 01 1 1 68 4 4 68-928 6 050-9 1 6 6 6 6 6 6 6 6 6 1 6 6 6 1 1-9 1 42472 341879304135085404 433 1 112616192 7 416
 331 00 0-9 -9-9-9 -9-9-9-9-9-9-9-9-9-9-9-9-9-9-9-9-9-9-9-9-9-9-9-9-9    -9 683758608270170004 433 5 214821193-9-9-9
 332 00 0-9 -9-9-9 -9-9-9-9-9-9-9-9-9-9-9-9-9-9-9-9-9-9-9-9-9-9-9-9-9    -9 683758608270170004 433 2 313816131 61514
 333 00 0-9 -9-9-9 -9-9-9-9-9-9-9-9-9-9-9-9-9-9-9-9-9-9-9-9-9-9-9-9-9    -9 290449675844460504 433 3 363916141 7 4 7
 334 21 0 1 68 4 4 681414 4 430-9 1 1 6 6 6 6 6 6 6 6 6 6 6 6 1 1 1-9 22934 683758608270170004 433 3 514821191 1 2 7
 335 00 0-9 -9-9-9 -9-9-9-9-9-9-9-9-9-9-9-9-9-9-9-9-9-9-9-9-9-9-9-9-9    -9 580899351688921004 433 4 463111142 6 7 7
 336 00 0-9 -9-9-9 -9-9-9-9-9-9-9-9-9-9-9-9-9-9-9-9-9-9-9-9-9-9-9-9-9    -91161798703377842004 433 6 564516131 6 4 7
 337 00 0-9 -9-9-9 -9-9-9-9-9-9-9-9-9-9-9-9-9-9-9-9-9-9-9-9-9-9-9-9-9    -91161798703377842004 433 4 462211142 615 9
 338 00 0-9 -9-9-9 -9-9-9-9-9-9-9-9-9-9-9-9-9-9-9-9-9-9-9-9-9-9-9-9-9    -91367517216540341004 433 4 815921181 6 216
 339 00 0-9 -9-9-9 -9-9-9-9-9-9-9-9-9-9-9-9-9-9-9-9-9-9-9-9-9-9-9-9-9    -91025637912405256004 433 3 511616144-9-9-9
 340 00 0-9 -9-9-9 -9-9-9-9-9-9-9-9-9-9-9-9-9-9-9-9-9-9-9-9-9-9-9-9-9    -9 871349027533381004 433 4 264621147-9-9-9
 341 00 0-9 -9-9-9 -9-9-9-9-9-9-9-9-9-9-9-9-9-9-9-9-9-9-9-9-9-9-9-9-9    -9 683758608270170004 433 2 116321128-9-9-9
 342 00 0-9 -9-9-9 -9-9-9-9-9-9-9-9-9-9-9-9-9-9-9-9-9-9-9-9-9-9-9-9-9    -91452248379222302004 433 5 265021227-9-9-9
 343 00 0-9 -9-9-9 -9-9-9-9-9-9-9-9-9-9-9-9-9-9-9-9-9-9-9-9-9-9-9-9-9    -91161798703377842004 433 4 564621143-9-9-9
 344 00 0-9 -9-9-9 -9-9-9-9-9-9-9-9-9-9-9-9-9-9-9-9-9-9-9-9-9-9-9-9-9    -91025637912405256004 433 3 515821123-9-9-9
 345 00 0-9 -9-9-9 -9-9-9-9-9-9-9-9-9-9-9-9-9-9-9-9-9-9-9-9-9-9-9-9-9    -9 341879304135085404 433 2 313446191 6 514
 346 00 0-9 -9-9-9 -9-9-9-9-9-9-9-9-9-9-9-9-9-9-9-9-9-9-9-9-9-9-9-9-9    -9 580899351688921004 433 29865121131 4 7 9
 347 00 0-9 -9-9-9 -9-9-9-9-9-9-9-9-9-9-9-9-9-9-9-9-9-9-9-9-9-9-9-9-9    -9 580899351688921004 433 3 263321247-9-9-9
 348 00 0-9 -9-9-9 -9-9-9-9-9-9-9-9-9-9-9-9-9-9-9-9-9-9-9-9-9-9-9-9-9    -9 580899351688921004 433 2 365721141 612 7
 349 10 0 1 68 4 4 681818 4 2 0-9 1 6 1 6 6 6 6 6 6 6 6 6 6 6 1 1 8-9  9932 580899351688921004 433 4 363421161 716 1
 350 00 0-9 -9-9-9 -9-9-9-9-9-9-9-9-9-9-9-9-9-9-9-9-9-9-9-9-9-9-9-9-9    -9 341879304135085404 433 19813316231 716 1
 351 10 0 1 68 4 4 681818 1 215 3 1 6 6 6 6 6 6 1 6 6 6 6 6 6 6 6-9 1  98671025637912405256004 433 3 213416221 716 6
 352 00 0-9 -9-9-9 -9-9-9-9-9-9-9-9-9-9-9-9-9-9-9-9-9-9-9-9-9-9-9-9-9    -9 683758608270170004 433 39813711141 61419
 353 00 0-9 -9-9-9 -9-9-9-9-9-9-9-9-9-9-9-9-9-9-9-9-9-9-9-9-9-9-9-9-9    -9 341879304135085404 433 1 213746142 7 618
 354 00 0-9 -9-9-9 -9-9-9-9-9-9-9-9-9-9-9-9-9-9-9-9-9-9-9-9-9-9-9-9-9    -9 683758608270170004 433 2 216421113-9-9-9
 355 00 0-9 -9-9-9 -9-9-9-9-9-9-9-9-9-9-9-9-9-9-9-9-9-9-9-9-9-9-9-9-9    -9 290449675844460504 433 2 163446141 710 7
 356 00 0-9 -9-9-9 -9-9-9-9-9-9-9-9-9-9-9-9-9-9-9-9-9-9-9-9-9-9-9-9-9    -9 580899351688921004 433 29767136125-9-9-9
 357 00 0-9 -9-9-9 -9-9-9-9-9-9-9-9-9-9-9-9-9-9-9-9-9-9-9-9-9-9-9-9-9    -9 580899351688921004 433 29763621143-9-9-9
 358 00 0-9 -9-9-9 -9-9-9-9-9-9-9-9-9-9-9-9-9-9-9-9-9-9-9-9-9-9-9-9-9    -9 580899351688921004 433 2 263721143-9-9-9
 359 00 0-9 -9-9-9 -9-9-9-9-9-9-9-9-9-9-9-9-9-9-9-9-9-9-9-9-9-9-9-9-9    -9 580899351688921004 433 2 262611254-9-9-9
 360 00 0-9 -9-9-9 -9-9-9-9-9-9-9-9-9-9-9-9-9-9-9-9-9-9-9-9-9-9-9-9-9    -9 683758608270170004 433 29716921145-9-9-9
 361 03 2 1 68 4 4 68-928 1 6 0 3 1 6 6 6 6 6 6 6 6 6 6 6 1 6 6 6 9-9 42488 683758608270170004 433 2 213311121 614 8
 362 00 0-9 -9-9-9 -9-9-9-9-9-9-9-9-9-9-9-9-9-9-9-9-9-9-9-9-9-9-9-9-9    -9 683758608270170004 433 4 613821141 6 915
 363 00 0-9 -9-9-9 -9-9-9-9-9-9-9-9-9-9-9-9-9-9-9-9-9-9-9-9-9-9-9-9-9    -9 683758608270170004 433 2 514311161 6 7 9
 364 00 0-9 -9-9-9 -9-9-9-9-9-9-9-9-9-9-9-9-9-9-9-9-9-9-9-9-9-9-9-9-9    -9 580899351688921004 433 29765141183-9-9-9
 365 00 0-9 -9-9-9 -9-9-9-9-9-9-9-9-9-9-9-9-9-9-9-9-9-9-9-9-9-9-9-9-9    -91025637912405256004 433 5 315021141 612 3
 366 00 0-9 -9-9-9 -9-9-9-9-9-9-9-9-9-9-9-9-9-9-9-9-9-9-9-9-9-9-9-9-9    -91025637912405256004 433 3 414121141 1 1 7
 367 00 0-9 -9-9-9 -9-9-9-9-9-9-9-9-9-9-9-9-9-9-9-9-9-9-9-9-9-9-9-9-9    -91025637912405256004 433 39712216141 115 8
 368 00 0-9 -9-9-9 -9-9-9-9-9-9-9-9-9-9-9-9-9-9-9-9-9-9-9-9-9-9-9-9-9    -9 683758608270170004 433 2 713811191 6 1 6
 369 00 0-9 -9-9-9 -9-9-9-9-9-9-9-9-9-9-9-9-9-9-9-9-9-9-9-9-9-9-9-9-9    -9 341879304135085404 433 1 216546295-9-9-9
 370 00 0-9 -9-9-9 -9-9-9-9-9-9-9-9-9-9-9-9-9-9-9-9-9-9-9-9-9-9-9-9-9    -9 871349027533381004 433 3 163421123-9-9-9
 371 00 0-9 -9-9-9 -9-9-9-9-9-9-9-9-9-9-9-9-9-9-9-9-9-9-9-9-9-9-9-9-9    -91025637912405256004 433 49711816354-9-9-9
 372 20 0 1 68 4 4 68-94110 440-9 1 1 6 6 6 6 6 6 6 6 6 6 6 6 6 6 8-9 283521025637912405256004 433 3 212416153-9-9-9
 373 10 0 1 68 4 4 681111 4 445-9 2 1 6 6 6 6 6 6 6 6 6 6 6 6 1 1 8-9 32982 290449675844460504 433 2 163846173-9-9-9
 374 00 0-9 -9-9-9 -9-9-9-9-9-9-9-9-9-9-9-9-9-9-9-9-9-9-9-9-9-9-9-9-9    -91025637912405256004 433 3 415021141 510 1
 375 00 0-9 -9-9-9 -9-9-9-9-9-9-9-9-9-9-9-9-9-9-9-9-9-9-9-9-9-9-9-9-9    -9 580899351688921004 433 4 463921142 61519
 376 00 0-9 -9-9-9 -9-9-9-9-9-9-9-9-9-9-9-9-9-9-9-9-9-9-9-9-9-9-9-9-9    -9 580899351688921004 433 3 268436125-9-9-9
 377 00 0-9 -9-9-9 -9-9-9-9-9-9-9-9-9-9-9-9-9-9-9-9-9-9-9-9-9-9-9-9-9    -9 290449675844460504 433 19867936135-9-9-9
 378 00 0-9 -9-9-9 -9-9-9-9-9-9-9-9-9-9-9-9-9-9-9-9-9-9-9-9-9-9-9-9-9    -9 580899351688921004 433 29764221141 1 7 7
 379 00 0-9 -9-9-9 -9-9-9-9-9-9-9-9-9-9-9-9-9-9-9-9-9-9-9-9-9-9-9-9-9    -91025637912405256004 433 49711716144-9-9-9
 380 00 0-9 -9-9-9 -9-9-9-9-9-9-9-9-9-9-9-9-9-9-9-9-9-9-9-9-9-9-9-9-9    -9 683758608270170004 433 39714421142 4 7 7
 381 00 0-9 -9-9-9 -9-9-9-9-9-9-9-9-9-9-9-9-9-9-9-9-9-9-9-9-9-9-9-9-9    -9 683758608270170004 433 29716021141 112 7
 382 00 0-9 -9-9-9 -9-9-9-9-9-9-9-9-9-9-9-9-9-9-9-9-9-9-9-9-9-9-9-9-9    -9 341879304135085404 433 1 715746191 4 313
 383 00 0-9 -9-9-9 -9-9-9-9-9-9-9-9-9-9-9-9-9-9-9-9-9-9-9-9-9-9-9-9-9    -9 580899351688921004 433 29765721182 6 216
 384 00 0-9 -9-9-9 -9-9-9-9-9-9-9-9-9-9-9-9-9-9-9-9-9-9-9-9-9-9-9-9-9    -91025637912405256004 433 39716736195-9-9-9
 385 00 0-9 -9-9-9 -9-9-9-9-9-9-9-9-9-9-9-9-9-9-9-9-9-9-9-9-9-9-9-9-9    -9 683758608270170004 433 29713721233-9-9-9
 386 00 0-9 -9-9-9 -9-9-9-9-9-9-9-9-9-9-9-9-9-9-9-9-9-9-9-9-9-9-9-9-9    -9 580899351688921004 433 2 266021123-9-9-9
 387 00 0-9 -9-9-9 -9-9-9-9-9-9-9-9-9-9-9-9-9-9-9-9-9-9-9-9-9-9-9-9-9    -91025637912405256004 433 5 515621141 4 4 7
 388 20 0 1 68 4 4 681818 4 1 0-9 2 1 6 6 6 6 6 6 6 6 6 6 6 6 1 1 1-9  9834 683758608270170004 433 3 513721151 6 4 7
 389 00 0-9 -9-9-9 -9-9-9-9-9-9-9-9-9-9-9-9-9-9-9-9-9-9-9-9-9-9-9-9-9    -9 580899351688921004 433 29765921147-9-9-9
 390 00 0-9 -9-9-9 -9-9-9-9-9-9-9-9-9-9-9-9-9-9-9-9-9-9-9-9-9-9-9-9-9    -91367517216540341004 433 4 415221141 61315
 391 00 0-9 -9-9-9 -9-9-9-9-9-9-9-9-9-9-9-9-9-9-9-9-9-9-9-9-9-9-9-9-9    -91161798703377842004 433 4 262316151 6 7 7
 392 00 0-9 -9-9-9 -9-9-9-9-9-9-9-9-9-9-9-9-9-9-9-9-9-9-9-9-9-9-9-9-9    -9 341879304135085404 433 1 214026293-9-9-9
 393 00 0-9 -9-9-9 -9-9-9-9-9-9-9-9-9-9-9-9-9-9-9-9-9-9-9-9-9-9-9-9-9    -91161798703377842004 433 4 166221123-9-9-9
 394 10 0 1 68 4 4 68-918 4 1 0-9 2 6 1 6 6 6 6 6 6 6 6 6 6 6 1 1 8-9  5953 290449675844460504 433 1 167536125-9-9-9
 395 00 0-9 -9-9-9 -9-9-9-9-9-9-9-9-9-9-9-9-9-9-9-9-9-9-9-9-9-9-9-9-9    -9 871349027533381004 433 6 461916133-9-9-9
 396 00 0-9 -9-9-9 -9-9-9-9-9-9-9-9-9-9-9-9-9-9-9-9-9-9-9-9-9-9-9-9-9    -9 871349027533381004 433 4 264421141 410 1
 397 00 0-9 -9-9-9 -9-9-9-9-9-9-9-9-9-9-9-9-9-9-9-9-9-9-9-9-9-9-9-9-9    -9 277704626547472304 432 2 364946151 6 514
 398 00 0-9 -9-9-9 -9-9-9-9-9-9-9-9-9-9-9-9-9-9-9-9-9-9-9-9-9-9-9-9-9    -9 653755003878785004 432 4 813721191 6 216
 399 00 0-9 -9-9-9 -9-9-9-9-9-9-9-9-9-9-9-9-9-9-9-9-9-9-9-9-9-9-9-9-9    -9 555409253094944004 432 4 363321143-9-9-9
 400 00 0-9 -9-9-9 -9-9-9-9-9-9-9-9-9-9-9-9-9-9-9-9-9-9-9-9-9-9-9-9-9    -9 555409253094944004 432 2 265721125-9-9-9
 401 00 0-9 -9-9-9 -9-9-9-9-9-9-9-9-9-9-9-9-9-9-9-9-9-9-9-9-9-9-9-9-9    -9 653755003878785004 432 29813111151 711 6
 402 00 0-9 -9-9-9 -9-9-9-9-9-9-9-9-9-9-9-9-9-9-9-9-9-9-9-9-9-9-9-9-9    -9 980632505818177004 432 3 114921143-9-9-9
 403 00 0-9 -9-9-9 -9-9-9-9-9-9-9-9-9-9-9-9-9-9-9-9-9-9-9-9-9-9-9-9-9    -9 653755003878785004 432 2 713011171 4 313
 404 00 0-9 -9-9-9 -9-9-9-9-9-9-9-9-9-9-9-9-9-9-9-9-9-9-9-9-9-9-9-9-9    -9 555409253094944004 432 2 462421162 6 719
 405 00 0-9 -9-9-9 -9-9-9-9-9-9-9-9-9-9-9-9-9-9-9-9-9-9-9-9-9-9-9-9-9    -9 833113879642416004 432 3 762516191 7 314
 406 04 0 1 68 4 4 68-946 121 0 4 2 1 6 6 6 6 6 6 6 6 6 6 6 6 6 1 9-9 32381 980632505818177004 432 3 613721141 6 4 8
 407 00 0-9 -9-9-9 -9-9-9-9-9-9-9-9-9-9-9-9-9-9-9-9-9-9-9-9-9-9-9-9-9    -9 683758608270170004 433 5 814421191 6 217
 408 00 0-9 -9-9-9 -9-9-9-9-9-9-9-9-9-9-9-9-9-9-9-9-9-9-9-9-9-9-9-9-9    -9 580899351688921004 433 3 564521151 6 615
 409 00 0-9 -9-9-9 -9-9-9-9-9-9-9-9-9-9-9-9-9-9-9-9-9-9-9-9-9-9-9-9-9    -91452248379222302004 433 6 565021147-9-9-9
 410 00 0-9 -9-9-9 -9-9-9-9-9-9-9-9-9-9-9-9-9-9-9-9-9-9-9-9-9-9-9-9-9    -91161798703377842004 433 4 665621141 6 719
 411 00 0-9 -9-9-9 -9-9-9-9-9-9-9-9-9-9-9-9-9-9-9-9-9-9-9-9-9-9-9-9-9    -9 580899351688921004 433 4 263421147-9-9-9
 412 00 0-9 -9-9-9 -9-9-9-9-9-9-9-9-9-9-9-9-9-9-9-9-9-9-9-9-9-9-9-9-9    -9 683758608270170004 433 2 312711171 7 4 4
 413 00 0-9 -9-9-9 -9-9-9-9-9-9-9-9-9-9-9-9-9-9-9-9-9-9-9-9-9-9-9-9-9    -9 290449675844460504 433 19867836125-9-9-9
 414 00 0-9 -9-9-9 -9-9-9-9-9-9-9-9-9-9-9-9-9-9-9-9-9-9-9-9-9-9-9-9-9    -9 871349027533381004 433 4 761616144-9-9-9
 415 01 0 1 68 4 4 68-930 4 145-9 2 1 6 6 6 6 6 6 6 6 6 6 6 6 6 1 8-9 16366 871349027533381004 433 4 564821161 6 7 9
 416 10 0 1 68 4 4 68-918 4 130-9 1 6 1 6 6 6 6 6 6 6 6 6 6 6 1 6 5-9  8275 580899351688921004 433 4 364221142 61514
 417 00 0-9 -9-9-9 -9-9-9-9-9-9-9-9-9-9-9-9-9-9-9-9-9-9-9-9-9-9-9-9-9    -9 326877501939392604 432 1 214716141 114 8
 418 00 0-9 -9-9-9 -9-9-9-9-9-9-9-9-9-9-9-9-9-9-9-9-9-9-9-9-9-9-9-9-9    -9 555409253094944004 432 3 364221132 110 1
 419 00 0-9 -9-9-9 -9-9-9-9-9-9-9-9-9-9-9-9-9-9-9-9-9-9-9-9-9-9-9-9-9    -9 555409253094944004 432 2 562911181 6 216
 420 01 0 1 68 4 4 68-928 4 6 0-9 2 1 1 6 6 6 6 6 6 6 6 6 6 6 1 1 7-9 42158 555409253094944004 432 4 563421182 7 317
 421 01 1 1 68 4 4 68-928 6 5 0-9 1 6 1 6 6 6 6 6 6 6 6 6 6 6 1 1 7-9 42123 653755003878785004 432 2 815721191 6 119
 422 01 0 1 68 4 4 68-933 612 0-9 2 6 6 6 6 6 6 1 6 6 6 6 6 6 1 1-912 77704 555409253094944004 432 2 565421147-9-9-9
 423 00 0-9 -9-9-9 -9-9-9-9-9-9-9-9-9-9-9-9-9-9-9-9-9-9-9-9-9-9-9-9-9    -9 326877501939392604 432 1 214826172 715 5
 424 00 0-9 -9-9-9 -9-9-9-9-9-9-9-9-9-9-9-9-9-9-9-9-9-9-9-9-9-9-9-9-9    -9 555409253094944004 432 39763421191 4 413
 425 00 0-9 -9-9-9 -9-9-9-9-9-9-9-9-9-9-9-9-9-9-9-9-9-9-9-9-9-9-9-9-9    -9 653755003878785004 432 2 613121141 6 4 7
 426 00 0-9 -9-9-9 -9-9-9-9-9-9-9-9-9-9-9-9-9-9-9-9-9-9-9-9-9-9-9-9-9    -9 980632505818177004 432 3 815421195-9-9-9
 427 00 0-9 -9-9-9 -9-9-9-9-9-9-9-9-9-9-9-9-9-9-9-9-9-9-9-9-9-9-9-9-9    -9 326877501939392604 462 19716016122 415 7
 428 00 0-9 -9-9-9 -9-9-9-9-9-9-9-9-9-9-9-9-9-9-9-9-9-9-9-9-9-9-9-9-9    -9 980632505818177004 462 39715921141 1 1 3
 429 00 0-9 -9-9-9 -9-9-9-9-9-9-9-9-9-9-9-9-9-9-9-9-9-9-9-9-9-9-9-9-9    -9 555409253094944004 462 29767521125-9-9-9
 430 00 0-9 -9-9-9 -9-9-9-9-9-9-9-9-9-9-9-9-9-9-9-9-9-9-9-9-9-9-9-9-9    -9 555409253094944004 462 5 164021142 71514
 431 00 0-9 -9-9-9 -9-9-9-9-9-9-9-9-9-9-9-9-9-9-9-9-9-9-9-9-9-9-9-9-9    -9 555409253094944004 462 29764821131 4 7 9
 432 00 0-9 -9-9-9 -9-9-9-9-9-9-9-9-9-9-9-9-9-9-9-9-9-9-9-9-9-9-9-9-9    -9 653755003878785004 462 2 517521195-9-9-9
 433 00 0-9 -9-9-9 -9-9-9-9-9-9-9-9-9-9-9-9-9-9-9-9-9-9-9-9-9-9-9-9-9    -9 277704626547472304 462 1 263846126-9-9-9
 434 00 0-9 -9-9-9 -9-9-9-9-9-9-9-9-9-9-9-9-9-9-9-9-9-9-9-9-9-9-9-9-9    -9 980632505818177004 462 4 315021161 4 413
 435 00 0-9 -9-9-9 -9-9-9-9-9-9-9-9-9-9-9-9-9-9-9-9-9-9-9-9-9-9-9-9-9    -9 555409253094944004 462 29768636125-9-9-9
 436 00 0-9 -9-9-9 -9-9-9-9-9-9-9-9-9-9-9-9-9-9-9-9-9-9-9-9-9-9-9-9-9    -9 833113879642416004 462 3 266721125-9-9-9
 437 00 0-9 -9-9-9 -9-9-9-9-9-9-9-9-9-9-9-9-9-9-9-9-9-9-9-9-9-9-9-9-9    -9 820040726030483004 461 49767021125-9-9-9
 438 00 0-9 -9-9-9 -9-9-9-9-9-9-9-9-9-9-9-9-9-9-9-9-9-9-9-9-9-9-9-9-9    -9 643496334807101004 461 2 318421126-9-9-9
 439 01 0 1 68 4 4 68-948 814 0-9 2 6 6 6 6 6 6 1 6 6 6 6 6 6 1 1-9 3 70539 273346908676827704 461 1 365616141 6 315
 440 00 0-9 -9-9-9 -9-9-9-9-9-9-9-9-9-9-9-9-9-9-9-9-9-9-9-9-9-9-9-9-9    -9 546693817353655004 461 2 266921147-9-9-9
 441 00 0-9 -9-9-9 -9-9-9-9-9-9-9-9-9-9-9-9-9-9-9-9-9-9-9-9-9-9-9-9-9    -9 643496334807101004 461 2 714741161 61715
 442 00 0-9 -9-9-9 -9-9-9-9-9-9-9-9-9-9-9-9-9-9-9-9-9-9-9-9-9-9-9-9-9    -9 546693817353655004 461 29869921143-9-9-9
 443 00 0-9 -9-9-9 -9-9-9-9-9-9-9-9-9-9-9-9-9-9-9-9-9-9-9-9-9-9-9-9-9    -9 273346908676827704 461 1 267636125-9-9-9
 444 00 1 1 68 4 4187-9-9 812 0-9 2 6 6 6 6 6 6 1 6 6 6 6 6 6 1 1-9 1 61457 643496334807101004 461 2 416521125-9-9-9
 445 00 0-9 -9-9-9 -9-9-9-9-9-9-9-9-9-9-9-9-9-9-9-9-9-9-9-9-9-9-9-9-9    -9 820040726030483004 461 4 266736126-9-9-9
 446 00 0-9 -9-9-9 -9-9-9-9-9-9-9-9-9-9-9-9-9-9-9-9-9-9-9-9-9-9-9-9-9    -9 643496334807101004 461 29712911171 412 6
 447 00 0-9 -9-9-9 -9-9-9-9-9-9-9-9-9-9-9-9-9-9-9-9-9-9-9-9-9-9-9-9-9    -91025637912405256004 453 39715221132 1 7 7
 448 00 0-9 -9-9-9 -9-9-9-9-9-9-9-9-9-9-9-9-9-9-9-9-9-9-9-9-9-9-9-9-9    -9 871349027533381004 453 3 362116153-9-9-9
 449 00 0-9 -9-9-9 -9-9-9-9-9-9-9-9-9-9-9-9-9-9-9-9-9-9-9-9-9-9-9-9-9    -91025637912405256004 453 3 111616134-9-9-9
 450 00 0-9 -9-9-9 -9-9-9-9-9-9-9-9-9-9-9-9-9-9-9-9-9-9-9-9-9-9-9-9-9    -9 683758608270170004 453 3 314221122 711 6
 451 00 0-9 -9-9-9 -9-9-9-9-9-9-9-9-9-9-9-9-9-9-9-9-9-9-9-9-9-9-9-9-9    -91709396520675427004 453 59712416131 616 1
 452 00 0-9 -9-9-9 -9-9-9-9-9-9-9-9-9-9-9-9-9-9-9-9-9-9-9-9-9-9-9-9-9    -91025637912405256004 453 3 514221253-9-9-9
 453 00 0-9 -9-9-9 -9-9-9-9-9-9-9-9-9-9-9-9-9-9-9-9-9-9-9-9-9-9-9-9-9    -9 341879304135085404 453 1 413016141 116 1
 454 00 0-9 -9-9-9 -9-9-9-9-9-9-9-9-9-9-9-9-9-9-9-9-9-9-9-9-9-9-9-9-9    -91025637912405256004 453 39713316152 1 7 7
 455 01 0 1 68 4 4 68-932 61230-9 2 6 1 6 6 6 6 6 6 6 6 6 6 6 1 1 8-9 734741025637912405256004 453 3 513816161 6 915
 456 00 0-9 -9-9-9 -9-9-9-9-9-9-9-9-9-9-9-9-9-9-9-9-9-9-9-9-9-9-9-9-9    -9 683758608270170004 453 2 216046283-9-9-9
 457 00 0-9 -9-9-9 -9-9-9-9-9-9-9-9-9-9-9-9-9-9-9-9-9-9-9-9-9-9-9-9-9    -9 341879304135085404 453 1 212926231 716 1
 458 00 0-9 -9-9-9 -9-9-9-9-9-9-9-9-9-9-9-9-9-9-9-9-9-9-9-9-9-9-9-9-9    -9 290449675844460504 453 1 267636125-9-9-9
 459 02 0 2 68 4 4 -1-1-1-1-1-1-1-1-1-1-1-1-1-1-1-1-1-1-1-1-1-1-1-1-1    -11161798703377842004 453 6 263721241 116 1
 460 00 0-9 -9-9-9 -9-9-9-9-9-9-9-9-9-9-9-9-9-9-9-9-9-9-9-9-9-9-9-9-9    -9 290449675844460504 453 19765216141 716 1
 461 00 0-9 -9-9-9 -9-9-9-9-9-9-9-9-9-9-9-9-9-9-9-9-9-9-9-9-9-9-9-9-9    -91367517216540341004 453 49712616181 1 412
 462 00 0-9 -9-9-9 -9-9-9-9-9-9-9-9-9-9-9-9-9-9-9-9-9-9-9-9-9-9-9-9-9    -9 871349027533381004 453 4 763621211 716 1
 463 00 0-9 -9-9-9 -9-9-9-9-9-9-9-9-9-9-9-9-9-9-9-9-9-9-9-9-9-9-9-9-9    -91025637912405256004 453 49714321141 4 1 1
 464 00 0-9 -9-9-9 -9-9-9-9-9-9-9-9-9-9-9-9-9-9-9-9-9-9-9-9-9-9-9-9-9    -9 683758608270170004 453 2 216921115-9-9-9
 465 00 0-9 -9-9-9 -9-9-9-9-9-9-9-9-9-9-9-9-9-9-9-9-9-9-9-9-9-9-9-9-9    -9 580899351688921004 453 2 165511113-9-9-9
 466 00 0-9 -9-9-9 -9-9-9-9-9-9-9-9-9-9-9-9-9-9-9-9-9-9-9-9-9-9-9-9-9    -9 683758608270170004 453 2 212516212 916 1
 467 00 0-9 -9-9-9 -9-9-9-9-9-9-9-9-9-9-9-9-9-9-9-9-9-9-9-9-9-9-9-9-9    -9 580899351688921004 453 4 362821143-9-9-9
 468 00 0-9 -9-9-9 -9-9-9-9-9-9-9-9-9-9-9-9-9-9-9-9-9-9-9-9-9-9-9-9-9    -9 683758608270170004 453 2 116621115-9-9-9
 469 00 0-9 -9-9-9 -9-9-9-9-9-9-9-9-9-9-9-9-9-9-9-9-9-9-9-9-9-9-9-9-9    -9 580899351688921004 453 2 265921141 1 1 1
 470 00 0-9 -9-9-9 -9-9-9-9-9-9-9-9-9-9-9-9-9-9-9-9-9-9-9-9-9-9-9-9-9    -9 683758608270170004 453 2 115621123-9-9-9
 471 00 0-9 -9-9-9 -9-9-9-9-9-9-9-9-9-9-9-9-9-9-9-9-9-9-9-9-9-9-9-9-9    -9 683758608270170004 453 3 513421141 61519
 472 00 0-9 -9-9-9 -9-9-9-9-9-9-9-9-9-9-9-9-9-9-9-9-9-9-9-9-9-9-9-9-9    -9 580899351688921004 453 4 463221252 7 7 9
 473 00 0-9 -9-9-9 -9-9-9-9-9-9-9-9-9-9-9-9-9-9-9-9-9-9-9-9-9-9-9-9-9    -9 683758608270170004 453 2 116921125-9-9-9
 474 00 0-9 -9-9-9 -9-9-9-9-9-9-9-9-9-9-9-9-9-9-9-9-9-9-9-9-9-9-9-9-9    -9 683758608270170004 453 4 214321261 6 7 7
 475 00 0-9 -9-9-9 -9-9-9-9-9-9-9-9-9-9-9-9-9-9-9-9-9-9-9-9-9-9-9-9-9    -91367517216540341004 453 5 514421141 6 915
 476 00 0-9 -9-9-9 -9-9-9-9-9-9-9-9-9-9-9-9-9-9-9-9-9-9-9-9-9-9-9-9-9    -9 580899351688921004 453 4 263921251 716 1
 477 00 0-9 -9-9-9 -9-9-9-9-9-9-9-9-9-9-9-9-9-9-9-9-9-9-9-9-9-9-9-9-9    -9 683758608270170004 453 29712516263-9-9-9
 478 00 0-9 -9-9-9 -9-9-9-9-9-9-9-9-9-9-9-9-9-9-9-9-9-9-9-9-9-9-9-9-9    -9 683758608270170004 453 3 111616134-9-9-9
 479 00 0-9 -9-9-9 -9-9-9-9-9-9-9-9-9-9-9-9-9-9-9-9-9-9-9-9-9-9-9-9-9    -9 580899351688921004 453 49763621147-9-9-9
 480 00 0-9 -9-9-9 -9-9-9-9-9-9-9-9-9-9-9-9-9-9-9-9-9-9-9-9-9-9-9-9-9    -9 683758608270170004 453 4 713521161 7 4 7
 481 00 0-9 -9-9-9 -9-9-9-9-9-9-9-9-9-9-9-9-9-9-9-9-9-9-9-9-9-9-9-9-9    -9 683758608270170004 453 2 412211131 716 1
 482 00 0-9 -9-9-9 -9-9-9-9-9-9-9-9-9-9-9-9-9-9-9-9-9-9-9-9-9-9-9-9-9    -9 871349027533381004 453 3 361616134-9-9-9
 483 00 0-9 -9-9-9 -9-9-9-9-9-9-9-9-9-9-9-9-9-9-9-9-9-9-9-9-9-9-9-9-9    -9 871349027533381004 453 3 365221261 1 7 7
 484 00 0-9 -9-9-9 -9-9-9-9-9-9-9-9-9-9-9-9-9-9-9-9-9-9-9-9-9-9-9-9-9    -9 683758608270170004 453 5 113921143-9-9-9
 485 00 0-9 -9-9-9 -9-9-9-9-9-9-9-9-9-9-9-9-9-9-9-9-9-9-9-9-9-9-9-9-9    -91161798703377842004 453 4 161816154-9-9-9
 486 01 0 1 68 4 4 68-930 6 2 0-9 1 6 1 6 6 6 6 6 6 6 6 6 6 6 1 1 8-9 177111025637912405256004 433 39712916194-9-9-9
 487 00 0-9 -9-9-9 -9-9-9-9-9-9-9-9-9-9-9-9-9-9-9-9-9-9-9-9-9-9-9-9-9    -9 290449675844460504 433 1 166546125-9-9-9
 488 00 0-9 -9-9-9 -9-9-9-9-9-9-9-9-9-9-9-9-9-9-9-9-9-9-9-9-9-9-9-9-9    -91025637912405256004 433 3 316421281 612 3
 489 40 0 1 68 4 4 68-918 7 030-9 1 1 6 6 6 6 6 6 6 6 6 6 6 6 1 1 4-9  3782 871349027533381004 433 4 163521147-9-9-9
 490 00 0-9 -9-9-9 -9-9-9-9-9-9-9-9-9-9-9-9-9-9-9-9-9-9-9-9-9-9-9-9-9    -92393155128945598004 433 9 315226221 710 1
 491 00 0-9 -9-9-9 -9-9-9-9-9-9-9-9-9-9-9-9-9-9-9-9-9-9-9-9-9-9-9-9-9    -9 580899351688921004 433 3 262121227-9-9-9
 492 00 0-9 -9-9-9 -9-9-9-9-9-9-9-9-9-9-9-9-9-9-9-9-9-9-9-9-9-9-9-9-9    -91742698055066762004 43311 461816143-9-9-9
 493 20 0 1 68 4 4 68121110 350-9 1 1 6 6 6 6 6 6 6 6 6 6 6 6 1 6 4-9 250241025637912405256004 433 4 413941253-9-9-9
 494 00 0-9 -9-9-9 -9-9-9-9-9-9-9-9-9-9-9-9-9-9-9-9-9-9-9-9-9-9-9-9-9    -9 683758608270170004 433 2 217521135-9-9-9
 495 00 0-9 -9-9-9 -9-9-9-9-9-9-9-9-9-9-9-9-9-9-9-9-9-9-9-9-9-9-9-9-9    -91367517216540341004 433 4 114016133-9-9-9
 496 00 0-9 -9-9-9 -9-9-9-9-9-9-9-9-9-9-9-9-9-9-9-9-9-9-9-9-9-9-9-9-9    -9 683758608270170004 433 2 216521135-9-9-9
 497 00 0-9 -9-9-9 -9-9-9-9-9-9-9-9-9-9-9-9-9-9-9-9-9-9-9-9-9-9-9-9-9    -91161798703377842004 433 4 263021174-9-9-9
 498 00 0-9 -9-9-9 -9-9-9-9-9-9-9-9-9-9-9-9-9-9-9-9-9-9-9-9-9-9-9-9-9    -91025637912405256004 433 39713516143-9-9-9
 499 00 0-9 -9-9-9 -9-9-9-9-9-9-9-9-9-9-9-9-9-9-9-9-9-9-9-9-9-9-9-9-9    -9 580899351688921004 433 29768736125-9-9-9
 500 00 0-9 -9-9-9 -9-9-9-9-9-9-9-9-9-9-9-9-9-9-9-9-9-9-9-9-9-9-9-9-9    -91709396520675427004 433 59717321115-9-9-9
 501 00 0-9 -9-9-9 -9-9-9-9-9-9-9-9-9-9-9-9-9-9-9-9-9-9-9-9-9-9-9-9-9    -9 580899351688921004 433 29764616142 716 1
 502 10 0 1 68 4 4 68-918 6 130-9 1 1 6 6 6 6 6 6 6 6 6 6 6 6 1 6 4-9  4718 683758608270170004 433 2 516821141 6 9 1
 503 00 0-9 -9-9-9 -9-9-9-9-9-9-9-9-9-9-9-9-9-9-9-9-9-9-9-9-9-9-9-9-9    -9 683758608270170004 433 2 217721125-9-9-9
 504 00 0-9 -9-9-9 -9-9-9-9-9-9-9-9-9-9-9-9-9-9-9-9-9-9-9-9-9-9-9-9-9    -91025637912405256004 433 49711616144-9-9-9
 505 00 0-9 -9-9-9 -9-9-9-9-9-9-9-9-9-9-9-9-9-9-9-9-9-9-9-9-9-9-9-9-9    -9 683758608270170004 433 3 313021271 714 3
 506 00 0-9 -9-9-9 -9-9-9-9-9-9-9-9-9-9-9-9-9-9-9-9-9-9-9-9-9-9-9-9-9    -9 546693817353655004 431 4 663121147-9-9-9
 507 00 0-9 -9-9-9 -9-9-9-9-9-9-9-9-9-9-9-9-9-9-9-9-9-9-9-9-9-9-9-9-9    -9 273346908676827704 431 1 268236125-9-9-9
 508 00 0-9 -9-9-9 -9-9-9-9-9-9-9-9-9-9-9-9-9-9-9-9-9-9-9-9-9-9-9-9-9    -9 643496334807101004 431 2 112711142 1 1 1
 509 00 0-9 -9-9-9 -9-9-9-9-9-9-9-9-9-9-9-9-9-9-9-9-9-9-9-9-9-9-9-9-9    -91093387634707310004 431 5 363321232 712 7
 510 00 0-9 -9-9-9 -9-9-9-9-9-9-9-9-9-9-9-9-9-9-9-9-9-9-9-9-9-9-9-9-9    -9 273346908676827704 431 2 162726233-9-9-9
 511 00 0-9 -9-9-9 -9-9-9-9-9-9-9-9-9-9-9-9-9-9-9-9-9-9-9-9-9-9-9-9-9    -9 965244502210653004 431 4 413811231 710 1
 512 00 0-9 -9-9-9 -9-9-9-9-9-9-9-9-9-9-9-9-9-9-9-9-9-9-9-9-9-9-9-9-9    -9 820040726030483004 431 3 565421121 5 817
 513 00 0-9 -9-9-9 -9-9-9-9-9-9-9-9-9-9-9-9-9-9-9-9-9-9-9-9-9-9-9-9-9    -9 643496334807101004 431 2 216521125-9-9-9
 514 00 0-9 -9-9-9 -9-9-9-9-9-9-9-9-9-9-9-9-9-9-9-9-9-9-9-9-9-9-9-9-9    -9 546693817353655004 431 4 363921147-9-9-9
 515 10 0 1 68 4 4 681818 1 2 0 3 1 1 6 6 6 6 6 6 6 6 6 6 6 6 6 6 1-9  8093 683758608270170004 433 49713521141 112 7
 516 00 0-9 -9-9-9 -9-9-9-9-9-9-9-9-9-9-9-9-9-9-9-9-9-9-9-9-9-9-9-9-9    -9 580899351688921004 433 29762511161 4 719
 517 01 0 1 68 4 4 68-928 1 7 0 5 2 1 1 6 6 6 6 6 6 6 6 6 6 6 1 1 7-9 423871025637912405256004 433 39716421151 1 1 1
 518 00 0-9 -9-9-9 -9-9-9-9-9-9-9-9-9-9-9-9-9-9-9-9-9-9-9-9-9-9-9-9-9    -9 580899351688921004 433 59763711131 710 1
 519 00 0-9 -9-9-9 -9-9-9-9-9-9-9-9-9-9-9-9-9-9-9-9-9-9-9-9-9-9-9-9-9    -9 871349027533381004 433 39763316193-9-9-9
 520 00 0-9 -9-9-9 -9-9-9-9-9-9-9-9-9-9-9-9-9-9-9-9-9-9-9-9-9-9-9-9-9    -9 683758608270170004 433 4 213111163-9-9-9
 521 00 0-9 -9-9-9 -9-9-9-9-9-9-9-9-9-9-9-9-9-9-9-9-9-9-9-9-9-9-9-9-9    -9 341879304135085404 433 19716146135-9-9-9
 522 00 0-9 -9-9-9 -9-9-9-9-9-9-9-9-9-9-9-9-9-9-9-9-9-9-9-9-9-9-9-9-9    -9 580899351688921004 433 4 464121141 716 1
 523 00 0-9 -9-9-9 -9-9-9-9-9-9-9-9-9-9-9-9-9-9-9-9-9-9-9-9-9-9-9-9-9    -9 683758608270170004 433 2 317621126-9-9-9
 524 00 0-9 -9-9-9 -9-9-9-9-9-9-9-9-9-9-9-9-9-9-9-9-9-9-9-9-9-9-9-9-9    -9 683758608270170004 433 29717421125-9-9-9
 525 00 0-9 -9-9-9 -9-9-9-9-9-9-9-9-9-9-9-9-9-9-9-9-9-9-9-9-9-9-9-9-9    -91452248379222302004 433 69765636127-9-9-9
 526 00 0-9 -9-9-9 -9-9-9-9-9-9-9-9-9-9-9-9-9-9-9-9-9-9-9-9-9-9-9-9-9    -9 871349027533381004 433 3 464431141 716 1
 527 00 0-9 -9-9-9 -9-9-9-9-9-9-9-9-9-9-9-9-9-9-9-9-9-9-9-9-9-9-9-9-9    -9 871349027533381004 433 4 461616144-9-9-9
 528 00 0-9 -9-9-9 -9-9-9-9-9-9-9-9-9-9-9-9-9-9-9-9-9-9-9-9-9-9-9-9-9    -9 871349027533381004 433 39765221143-9-9-9
 529 00 0-9 -9-9-9 -9-9-9-9-9-9-9-9-9-9-9-9-9-9-9-9-9-9-9-9-9-9-9-9-9    -9 580899351688921004 433 4 263541141 712 1
 530 10 0 1 68 4 4 682929 6 3 0-9 2 6 1 6 6 6 6 6 6 6 6 6 6 6 1 1 7-9 18907 580899351688921004 433 4 262111151 7 7 9
 531 00 0-9 -9-9-9 -9-9-9-9-9-9-9-9-9-9-9-9-9-9-9-9-9-9-9-9-9-9-9-9-9    -91025637912405256004 433 39813116146-9-9-9
 532 00 0-9 -9-9-9 -9-9-9-9-9-9-9-9-9-9-9-9-9-9-9-9-9-9-9-9-9-9-9-9-9    -9 683758608270170004 433 4 313921141 6 7 9
 533 20 0 1 68 4 4 682323 4 230-9 2 6 1 6 6 6 6 6 6 6 6 6 6 6 1 1 8-9 14109 580899351688921004 433 4 763921171 6 417
 534 02 0 1 68 4 4 68-9 3 6 3 0-9 2 1 6 6 6 6 6 6 6 6 6 6 6 6 1 1 1-9 274521025637912405256004 433 39711916141 5 4 3
 535 10 0 1 68 4 4 68-918 6 045-9 1 1 6 6 6 6 6 6 6 6 6 6 6 6 1 6 3-9  30361709396520675427004 433 59714821141 716 1
 536 00 0-9 -9-9-9 -9-9-9-9-9-9-9-9-9-9-9-9-9-9-9-9-9-9-9-9-9-9-9-9-9    -9 290449675844460504 433 1 165346143-9-9-9
 537 00 0-9 -9-9-9 -9-9-9-9-9-9-9-9-9-9-9-9-9-9-9-9-9-9-9-9-9-9-9-9-9    -92323597406755684004 433 9 362116134-9-9-9
 538 00 0-9 -9-9-9 -9-9-9-9-9-9-9-9-9-9-9-9-9-9-9-9-9-9-9-9-9-9-9-9-9    -91025637912405256004 433 3 513016191 4 313
 539 00 0-9 -9-9-9 -9-9-9-9-9-9-9-9-9-9-9-9-9-9-9-9-9-9-9-9-9-9-9-9-9    -9 871349027533381004 433 3 267536115-9-9-9
 540 10 0 1 68 4 4 68-91810 045-9 2 1 6 6 6 6 6 6 6 6 6 6 6 6 1 1 3-9  34431367517216540341004 433 49716121145-9-9-9
 541 00 0-9 -9-9-9 -9-9-9-9-9-9-9-9-9-9-9-9-9-9-9-9-9-9-9-9-9-9-9-9-9    -9 580899351688921004 433 2 365346273-9-9-9
 542 10 0 1 68 4 4 682323 4 220-9 1 6 1 6 6 6 6 6 6 6 6 6 6 6 1 6 8-9 14122 580899351688921004 433 29865421247-9-9-9
 543 00 0-9 -9-9-9 -9-9-9-9-9-9-9-9-9-9-9-9-9-9-9-9-9-9-9-9-9-9-9-9-9    -91452248379222302004 433 59761816154-9-9-9
 544 00 0-9 -9-9-9 -9-9-9-9-9-9-9-9-9-9-9-9-9-9-9-9-9-9-9-9-9-9-9-9-9    -9 580899351688921004 433 3 563121163-9-9-9
 545 00 0-9 -9-9-9 -9-9-9-9-9-9-9-9-9-9-9-9-9-9-9-9-9-9-9-9-9-9-9-9-9    -9 273346908676827704 431 1 164816141 4 714
 546 00 0-9 -9-9-9 -9-9-9-9-9-9-9-9-9-9-9-9-9-9-9-9-9-9-9-9-9-9-9-9-9    -9 546693817353655004 431 4 162811343-9-9-9
 547 00 0-9 -9-9-9 -9-9-9-9-9-9-9-9-9-9-9-9-9-9-9-9-9-9-9-9-9-9-9-9-9    -9 273346908676827704 431 1 163116293-9-9-9
 548 00 0-9 -9-9-9 -9-9-9-9-9-9-9-9-9-9-9-9-9-9-9-9-9-9-9-9-9-9-9-9-9    -9 273346908676827704 431 1 366836245-9-9-9
 549 00 0-9 -9-9-9 -9-9-9-9-9-9-9-9-9-9-9-9-9-9-9-9-9-9-9-9-9-9-9-9-9    -9 546693817353655004 431 3 263546131 6 817
 550 21 1 1 68 4 4 684141 1 4 0 3 1 1 6 6 6 6 6 6 6 6 6 6 6 6 6 6 4-9 29337 643496334807101004 431 2 815311141 3 1 8
 551 00 0-9 -9-9-9 -9-9-9-9-9-9-9-9-9-9-9-9-9-9-9-9-9-9-9-9-9-9-9-9-9    -9 273346908676827704 431 1 264116151 6 618
 552 00 1 1 68 4 4 33-9-9 115 0 5 2 6 6 6 6 6 1 6 6 6 6 1 6 6 6 1-912744549 965244502210653004 431 39716621145-9-9-9
 553 00 0-9 -9-9-9 -9-9-9-9-9-9-9-9-9-9-9-9-9-9-9-9-9-9-9-9-9-9-9-9-9    -9 321748167403551004 431 19714616192 4 313
 554 00 0-9 -9-9-9 -9-9-9-9-9-9-9-9-9-9-9-9-9-9-9-9-9-9-9-9-9-9-9-9-9    -91286992669614203004 431 49814921142 61418
 555 00 0-9 -9-9-9 -9-9-9-9-9-9-9-9-9-9-9-9-9-9-9-9-9-9-9-9-9-9-9-9-9    -9 643496334807101004 431 3 413921141 6 7 1
 556 00 0-9 -9-9-9 -9-9-9-9-9-9-9-9-9-9-9-9-9-9-9-9-9-9-9-9-9-9-9-9-9    -9 643496334807101004 431 2 212616184-9-9-9
 557 10 0 1 68 4 4 68-923 4 3 0-9 2 1 6 6 6 6 6 6 6 6 6 6 6 6 1 1 2-9 15712 643496334807101004 431 3 514521131 4 1 6
 558 00 0-9 -9-9-9 -9-9-9-9-9-9-9-9-9-9-9-9-9-9-9-9-9-9-9-9-9-9-9-9-9    -9 965244502210653004 431 3 511716144-9-9-9
 559 00 0-9 -9-9-9 -9-9-9-9-9-9-9-9-9-9-9-9-9-9-9-9-9-9-9-9-9-9-9-9-9    -9 546693817353655004 431 5 463721192 1 1 7
 560 00 0-9 -9-9-9 -9-9-9-9-9-9-9-9-9-9-9-9-9-9-9-9-9-9-9-9-9-9-9-9-9    -9 321748167403551004 431 1 313316181 6 514
 561 00 0-9 -9-9-9 -9-9-9-9-9-9-9-9-9-9-9-9-9-9-9-9-9-9-9-9-9-9-9-9-9    -9 321748167403551004 431 1 414526171 6 410
 562 00 0-9 -9-9-9 -9-9-9-9-9-9-9-9-9-9-9-9-9-9-9-9-9-9-9-9-9-9-9-9-9    -9 321748167403551004 431 1 515146161 410 1
 563 00 0-9 -9-9-9 -9-9-9-9-9-9-9-9-9-9-9-9-9-9-9-9-9-9-9-9-9-9-9-9-9    -9 546693817353655004 431 3 663221191 6 216
 564 10 0 2 68 4 4 682929 1 230 4 1 1 6 6 6 6 6 6 6 6 6 6 6 6 1 6 9-9 15010 546693817353655004 431 3 763121191 6 3 1
 565 11 0 1 68 4 4 68-918 7 115-9 1 1 6 6 6 6 6 6 6 6 6 6 6 6 1 6 8-9  75461025637912405256004 463 4 414121131 1 1 1
 566 00 0-9 -9-9-9 -9-9-9-9-9-9-9-9-9-9-9-9-9-9-9-9-9-9-9-9-9-9-9-9-9    -91025637912405256004 463 39712616131 110 1
 567 00 0-9 -9-9-9 -9-9-9-9-9-9-9-9-9-9-9-9-9-9-9-9-9-9-9-9-9-9-9-9-9    -9 683758608270170004 463 3 213321231 710 1
 568 00 0-9 -9-9-9 -9-9-9-9-9-9-9-9-9-9-9-9-9-9-9-9-9-9-9-9-9-9-9-9-9    -9 290449675844460504 463 1 162716143-9-9-9
 569 00 0-9 -9-9-9 -9-9-9-9-9-9-9-9-9-9-9-9-9-9-9-9-9-9-9-9-9-9-9-9-9    -9 580899351688921004 463 29765321122 510 1
 570 00 0-9 -9-9-9 -9-9-9-9-9-9-9-9-9-9-9-9-9-9-9-9-9-9-9-9-9-9-9-9-9    -9 871349027533381004 463 3 367221125-9-9-9
 571 10 0 1 68 4 4 681818 7 230-9 1 6 1 6 6 6 6 6 6 6 6 6 6 6 1 611-9  91171367517216540341004 463 4 417721125-9-9-9
 572 10 0 1 68 4 4 68-918 7 130-9 1 6 1 6 6 6 6 6 6 6 6 6 6 6 1 611-9  7692 683758608270170004 463 3 513121141 416 1
 573 00 0-9 -9-9-9 -9-9-9-9-9-9-9-9-9-9-9-9-9-9-9-9-9-9-9-9-9-9-9-9-9    -9 683758608270170004 463 3 113321141 1 1 1
 574 00 0-9 -9-9-9 -9-9-9-9-9-9-9-9-9-9-9-9-9-9-9-9-9-9-9-9-9-9-9-9-9    -91025637912405256004 463 5 112521241 115 7
 575 00 0-9 -9-9-9 -9-9-9-9-9-9-9-9-9-9-9-9-9-9-9-9-9-9-9-9-9-9-9-9-9    -9 7286446664610190111143 3 562721181 6 417
 576 00 0-9 -9-9-9 -9-9-9-9-9-9-9-9-9-9-9-9-9-9-9-9-9-9-9-9-9-9-9-9-9    -9 8467039410195790111143 29814211131 6 7 7
 577 00 0-9 -9-9-9 -9-9-9-9-9-9-9-9-9-9-9-9-9-9-9-9-9-9-9-9-9-9-9-9-9    -9 8467039410195790111143 2 216321126-9-9-9
 578 00 0-9 -9-9-9 -9-9-9-9-9-9-9-9-9-9-9-9-9-9-9-9-9-9-9-9-9-9-9-9-9    -910929669996915300111143 4 261916153-9-9-9
 579 00 0-9 -9-9-9 -9-9-9-9-9-9-9-9-9-9-9-9-9-9-9-9-9-9-9-9-9-9-9-9-9    -9 3643223332305100111143 1 163016192 7 216
 580 00 0-9 -9-9-9 -9-9-9-9-9-9-9-9-9-9-9-9-9-9-9-9-9-9-9-9-9-9-9-9-9    -910929669996915300111143 4 164121131 4 7 9
 581 00 0-9 -9-9-9 -9-9-9-9-9-9-9-9-9-9-9-9-9-9-9-9-9-9-9-9-9-9-9-9-9    -9 8467039410195790111143 29719221125-9-9-9
 582 10 0 1 681111 684141 4 115-9 1 1 6 6 6 6 6 6 6 6 6 6 6 6 1 6 7-9  7323 8467039410195790111143 3 314021141 7 7 7
 583 00 0-9 -9-9-9 -9-9-9-9-9-9-9-9-9-9-9-9-9-9-9-9-9-9-9-9-9-9-9-9-9    -9 8467039410195790111143 39712016154-9-9-9
 584 00 0-9 -9-9-9 -9-9-9-9-9-9-9-9-9-9-9-9-9-9-9-9-9-9-9-9-9-9-9-9-9    -9 8467039410195790111143 4 213421133-9-9-9
 585 00 0-9 -9-9-9 -9-9-9-9-9-9-9-9-9-9-9-9-9-9-9-9-9-9-9-9-9-9-9-9-9    -912700559115293690111143 3 212816133-9-9-9
 586 00 0-9 -9-9-9 -9-9-9-9-9-9-9-9-9-9-9-9-9-9-9-9-9-9-9-9-9-9-9-9-9    -912700559115293690111143 5 112416133-9-9-9
 587 00 0-9 -9-9-9 -9-9-9-9-9-9-9-9-9-9-9-9-9-9-9-9-9-9-9-9-9-9-9-9-9    -9 8467039410195790111143 2 213616143-9-9-9
 588 00 0-9 -9-9-9 -9-9-9-9-9-9-9-9-9-9-9-9-9-9-9-9-9-9-9-9-9-9-9-9-9    -912700559115293690111143 3 215846133-9-9-9
 589 00 0-9 -9-9-9 -9-9-9-9-9-9-9-9-9-9-9-9-9-9-9-9-9-9-9-9-9-9-9-9-9    -916934078820391590111143 4 316821135-9-9-9
 590 00 0-9 -9-9-9 -9-9-9-9-9-9-9-9-9-9-9-9-9-9-9-9-9-9-9-9-9-9-9-9-9    -9 8467039410195790111143 2 217221125-9-9-9
 591 00 0-9 -9-9-9 -9-9-9-9-9-9-9-9-9-9-9-9-9-9-9-9-9-9-9-9-9-9-9-9-9    -912700559115293690111143 3 515336136-9-9-9
 592 00 0-9 -9-9-9 -9-9-9-9-9-9-9-9-9-9-9-9-9-9-9-9-9-9-9-9-9-9-9-9-9    -914572893329220390111143 4 265321133-9-9-9
 593 01 0 2 681111 68-930 1 530 5 2 1 6 6 6 6 6 6 6 6 6 6 6 6 6 1 7-9 4067212700559115293690111143 39713716143-9-9-9
 594 00 0-9 -9-9-9 -9-9-9-9-9-9-9-9-9-9-9-9-9-9-9-9-9-9-9-9-9-9-9-9-9    -918216116661525500111143 5 265921137-9-9-9
 595 00 0-9 -9-9-9 -9-9-9-9-9-9-9-9-9-9-9-9-9-9-9-9-9-9-9-9-9-9-9-9-9    -9 3643223332305100111143 19769636127-9-9-9
 596 00 0-9 -9-9-9 -9-9-9-9-9-9-9-9-9-9-9-9-9-9-9-9-9-9-9-9-9-9-9-9-9    -910929669996915300111143 3 267021126-9-9-9
 597 00 0-9 -9-9-9 -9-9-9-9-9-9-9-9-9-9-9-9-9-9-9-9-9-9-9-9-9-9-9-9-9    -910929669996915300111143 3 366736147-9-9-9
 598 00 0-9 -9-9-9 -9-9-9-9-9-9-9-9-9-9-9-9-9-9-9-9-9-9-9-9-9-9-9-9-9    -9 8467039410195790111143 2 218121125-9-9-9
 599 00 0-9 -9-9-9 -9-9-9-9-9-9-9-9-9-9-9-9-9-9-9-9-9-9-9-9-9-9-9-9-9    -9 8467039410195790111143 3 314521143-9-9-9
 600 00 0-9 -9-9-9 -9-9-9-9-9-9-9-9-9-9-9-9-9-9-9-9-9-9-9-9-9-9-9-9-9    -912700559115293690111143 49714421141 1 719
 601 00 0-9 -9-9-9 -9-9-9-9-9-9-9-9-9-9-9-9-9-9-9-9-9-9-9-9-9-9-9-9-9    -921859339993830600111143 6 261616134-9-9-9
 602 00 0-9 -9-9-9 -9-9-9-9-9-9-9-9-9-9-9-9-9-9-9-9-9-9-9-9-9-9-9-9-9    -910929669996915300111143 39767921127-9-9-9
 603 00 0-9 -9-9-9 -9-9-9-9-9-9-9-9-9-9-9-9-9-9-9-9-9-9-9-9-9-9-9-9-9    -9 7286446664610190111143 2 265921127-9-9-9
 604 00 0-9 -9-9-9 -9-9-9-9-9-9-9-9-9-9-9-9-9-9-9-9-9-9-9-9-9-9-9-9-9    -9 8467039410195790111143 2 316921135-9-9-9
 605 01 1 1 681111  3-9-9 833 0-9 2 6 6 6 6 6 6 6 1 6 1 6 6 6 1 1-912209201 7286446664610190111113 2 566621147-9-9-9
 606 00 0-9 -9-9-9 -9-9-9-9-9-9-9-9-9-9-9-9-9-9-9-9-9-9-9-9-9-9-9-9-9    -9 8467039410195790111113 2 416121146-9-9-9
 607 00 0-9 -9-9-9 -9-9-9-9-9-9-9-9-9-9-9-9-9-9-9-9-9-9-9-9-9-9-9-9-9    -9 7286446664610190111113 2 468516147-9-9-9
 608 01 0 1 681111 68-935 8 3 0-9 2 6 1 6 6 6 6 6 6 6 1 6 6 6 1 1-9-9    -112700559115293690111113 3 515021136-9-9-9
 609 00 0-9 -9-9-9 -9-9-9-9-9-9-9-9-9-9-9-9-9-9-9-9-9-9-9-9-9-9-9-9-9    -9 7286446664610190111113 2 463021151 61715
 610 00 0-9 -9-9-9 -9-9-9-9-9-9-9-9-9-9-9-9-9-9-9-9-9-9-9-9-9-9-9-9-9    -9 7286446664610190111113 2 266121141 61518
 611 00 0-9 -9-9-9 -9-9-9-9-9-9-9-9-9-9-9-9-9-9-9-9-9-9-9-9-9-9-9-9-9    -921167598525489490111113 5 417521135-9-9-9
 612 00 0-9 -9-9-9 -9-9-9-9-9-9-9-9-9-9-9-9-9-9-9-9-9-9-9-9-9-9-9-9-9    -912700559115293690111113 3 814621191 1 112
 613 00 0-9 -9-9-9 -9-9-9-9-9-9-9-9-9-9-9-9-9-9-9-9-9-9-9-9-9-9-9-9-9    -9 8467039410195790111113 2 317721135-9-9-9
 614 00 0-9 -9-9-9 -9-9-9-9-9-9-9-9-9-9-9-9-9-9-9-9-9-9-9-9-9-9-9-9-9    -916934078820391590111113 6 215316131 615 9
 615 00 0-9 -9-9-9 -9-9-9-9-9-9-9-9-9-9-9-9-9-9-9-9-9-9-9-9-9-9-9-9-9    -910929669996915300111113 3 264521133-9-9-9
 616 00 0-9 -9-9-9 -9-9-9-9-9-9-9-9-9-9-9-9-9-9-9-9-9-9-9-9-9-9-9-9-9    -9 8467039410195790111113 3 214421161 4 7 9
 617 00 0-9 -9-9-9 -9-9-9-9-9-9-9-9-9-9-9-9-9-9-9-9-9-9-9-9-9-9-9-9-9    -9 4233519705097899111113 1 217536135-9-9-9
 618 10 0 1 681111 684141 6 130-9 1 1 6 6 6 6 6 6 6 6 6 6 6 6 1 6 8-9  9986 3643223332305100111113 1 363416181 7 317
 619 00 0-9 -9-9-9 -9-9-9-9-9-9-9-9-9-9-9-9-9-9-9-9-9-9-9-9-9-9-9-9-9    -9 7286446664610190111113 2 267136137-9-9-9
 620 00 0-9 -9-9-9 -9-9-9-9-9-9-9-9-9-9-9-9-9-9-9-9-9-9-9-9-9-9-9-9-9    -9 3643223332305100111113 1 267436137-9-9-9
 621 00 0-9 -9-9-9 -9-9-9-9-9-9-9-9-9-9-9-9-9-9-9-9-9-9-9-9-9-9-9-9-9    -9 8467039410195790111113 4 214521121 611 7
 622 00 0-9 -9-9-9 -9-9-9-9-9-9-9-9-9-9-9-9-9-9-9-9-9-9-9-9-9-9-9-9-9    -914572893329220390111113 4 868636126-9-9-9
 623 00 0-9 -9-9-9 -9-9-9-9-9-9-9-9-9-9-9-9-9-9-9-9-9-9-9-9-9-9-9-9-9    -9 3643223332305100111113 1 267836127-9-9-9
 624 00 0-9 -9-9-9 -9-9-9-9-9-9-9-9-9-9-9-9-9-9-9-9-9-9-9-9-9-9-9-9-9    -914572893329220390111113 5 864721181 6 216
 625 11 0 2 68-943 681111 6 7 0-9 2 6 6 6 6 6 6 6 1 6 6 6 6 6 6 1-9 6 79782 7286446664610190111113 2 665916161 6 817
 626 00 0-9 -9-9-9 -9-9-9-9-9-9-9-9-9-9-9-9-9-9-9-9-9-9-9-9-9-9-9-9-9    -9 3643223332305100111113 1 565946156-9-9-9
 627 00 0-9 -9-9-9 -9-9-9-9-9-9-9-9-9-9-9-9-9-9-9-9-9-9-9-9-9-9-9-9-9    -9 8467039410195790111113 5 814121191 6 315
 628 00 0-9 -9-9-9 -9-9-9-9-9-9-9-9-9-9-9-9-9-9-9-9-9-9-9-9-9-9-9-9-9    -9 7286446664610190111113 2 566321157-9-9-9
 629 00 0-9 -9-9-9 -9-9-9-9-9-9-9-9-9-9-9-9-9-9-9-9-9-9-9-9-9-9-9-9-9    -9 3643223332305100111113 1 568116155-9-9-9
 630 00 0-9 -9-9-9 -9-9-9-9-9-9-9-9-9-9-9-9-9-9-9-9-9-9-9-9-9-9-9-9-9    -9 7286446664610190111113 4 464121162 61514
 631 01 0 1 681111 68-928 4 6 0-9 2 6 1 6 6 6 6 6 1 6 6 6 6 6 1 1-9-9 49459 7286446664610190111113 2 863011191 4 315
 632 30 0 1 681111 682929 1 240 4 2 1 6 6 6 6 6 6 6 6 6 6 6 6 1 1 4-9 1673612700559115293690111113 3 215621151 413 8
 633 00 0-9 -9-9-9 -9-9-9-9-9-9-9-9-9-9-9-9-9-9-9-9-9-9-9-9-9-9-9-9-9    -9 7286446664610190111113 2 267836137-9-9-9
 634 00 0-9 -9-9-9 -9-9-9-9-9-9-9-9-9-9-9-9-9-9-9-9-9-9-9-9-9-9-9-9-9    -9 7286446664610190111113 2 268636127-9-9-9
 635 00 0-9 -9-9-9 -9-9-9-9-9-9-9-9-9-9-9-9-9-9-9-9-9-9-9-9-9-9-9-9-9    -912700559115293690111113 4 315021151 6 615
 636 10 0 1 681111 684141 3 130-9 1 1 6 6 6 6 6 6 6 6 6 6 6 6 1 6 7-9 10068 8467039410195790111113 2 613121191 614 8
 637 00 0-9 -9-9-9 -9-9-9-9-9-9-9-9-9-9-9-9-9-9-9-9-9-9-9-9-9-9-9-9-9    -9 8467039410195790111113 2 216121145-9-9-9
 638 00 0-9 -9-9-9 -9-9-9-9-9-9-9-9-9-9-9-9-9-9-9-9-9-9-9-9-9-9-9-9-9    -9 4233519705097899111113 1 217746125-9-9-9
 639 00 0-9 -9-9-9 -9-9-9-9-9-9-9-9-9-9-9-9-9-9-9-9-9-9-9-9-9-9-9-9-9    -9 3643223332305100111113 19868936147-9-9-9
 640 10 0 1 681111 68-941 5 130-9 1 6 1 6 6 6 6 6 6 6 6 6 6 6 1 6 8-9 11502 8467039410195790111113 2 817221155-9-9-9
 641 00 0-9 -9-9-9 -9-9-9-9-9-9-9-9-9-9-9-9-9-9-9-9-9-9-9-9-9-9-9-9-9    -9 8467039410195790111113 29816416191 4 313
 642 00 0-9 -9-9-9 -9-9-9-9-9-9-9-9-9-9-9-9-9-9-9-9-9-9-9-9-9-9-9-9-9    -9 7286446664610190111113 3 265221153-9-9-9
 643 02 0 1 681111 68-928 4 5 0-9 2 6 6 6 6 6 6 6 1 6 6 1 6 6 6 1-9 1 4949825401118230587390111113 6 816616195-9-9-9
 644 10 0 1 681111 68181810 330-9 2 1 6 6 6 6 6 6 6 6 6 6 6 6 1 111-9 2501812700559115293690111113 3 815521181 6 217
 645 00 0-9 -9-9-9 -9-9-9-9-9-9-9-9-9-9-9-9-9-9-9-9-9-9-9-9-9-9-9-9-9    -9 7286446664610190111113 4 563721192 7 216
 646 00 0-9 -9-9-9 -9-9-9-9-9-9-9-9-9-9-9-9-9-9-9-9-9-9-9-9-9-9-9-9-9    -9 7286446664610190111113 2 267621127-9-9-9
 647 30 0 1 681111 684141 1 115 2 1 1 6 6 6 6 6 6 6 6 6 6 6 6 6 6 9-9 10132 8467039410195790111113 4 714921191 6 2 7
 648 00 0-9 -9-9-9 -9-9-9-9-9-9-9-9-9-9-9-9-9-9-9-9-9-9-9-9-9-9-9-9-9    -9 8467039410195790111113 2 216921145-9-9-9
 649 00 0-9 -9-9-9 -9-9-9-9-9-9-9-9-9-9-9-9-9-9-9-9-9-9-9-9-9-9-9-9-9    -910929669996915300111113 3 263516163-9-9-9
 650 00 0-9 -9-9-9 -9-9-9-9-9-9-9-9-9-9-9-9-9-9-9-9-9-9-9-9-9-9-9-9-9    -912700559115293690111113 3 314416143-9-9-9
 651 00 0-9 -9-9-9 -9-9-9-9-9-9-9-9-9-9-9-9-9-9-9-9-9-9-9-9-9-9-9-9-9    -910929669996915300111113 4 264121142 61514
 652 00 0-9 -9-9-9 -9-9-9-9-9-9-9-9-9-9-9-9-9-9-9-9-9-9-9-9-9-9-9-9-9    -910929669996915300111113 3 462316153-9-9-9
 653 00 0-9 -9-9-9 -9-9-9-9-9-9-9-9-9-9-9-9-9-9-9-9-9-9-9-9-9-9-9-9-9    -9 7286446664610190111113 2 365021157-9-9-9
 654 00 0-9 -9-9-9 -9-9-9-9-9-9-9-9-9-9-9-9-9-9-9-9-9-9-9-9-9-9-9-9-9    -9 7286446664610190111113 2 266121117-9-9-9
 655 00 0-9 -9-9-9 -9-9-9-9-9-9-9-9-9-9-9-9-9-9-9-9-9-9-9-9-9-9-9-9-9    -9 7286446664610190111113 29866321147-9-9-9
 656 00 0-9 -9-9-9 -9-9-9-9-9-9-9-9-9-9-9-9-9-9-9-9-9-9-9-9-9-9-9-9-9    -910929669996915300111113 39765921147-9-9-9
 657 00 0-9 -9-9-9 -9-9-9-9-9-9-9-9-9-9-9-9-9-9-9-9-9-9-9-9-9-9-9-9-9    -9 7286446664610190111113 2 366521137-9-9-9
 658 00 0-9 -9-9-9 -9-9-9-9-9-9-9-9-9-9-9-9-9-9-9-9-9-9-9-9-9-9-9-9-9    -910929669996915300111113 39766636137-9-9-9
 659 00 0-9 -9-9-9 -9-9-9-9-9-9-9-9-9-9-9-9-9-9-9-9-9-9-9-9-9-9-9-9-9    -9 3643223332305100111113 1 468036195-9-9-9
 660 00 0-9 -9-9-9 -9-9-9-9-9-9-9-9-9-9-9-9-9-9-9-9-9-9-9-9-9-9-9-9-9    -9 3643223332305100111113 1 568036127-9-9-9
 661 01 0 1 681111 68-9 9 6 830-9 2 1 6 6 6 6 6 6 6 6 6 6 6 6 1 1 1-9 69006 8467039410195790111113 2 815321191 6 915
 662 00 0-9 -9-9-9 -9-9-9-9-9-9-9-9-9-9-9-9-9-9-9-9-9-9-9-9-9-9-9-9-9    -9 4233519705097899111113 1 117336135-9-9-9
 663 00 0-9 -9-9-9 -9-9-9-9-9-9-9-9-9-9-9-9-9-9-9-9-9-9-9-9-9-9-9-9-9    -9 4233519705097899111113 1 414446171 6 216
 664 01 0 1 681111 68-928 4 8 0-9 2 6 1 6 6 6 6 6 6 6 6 6 6 6 1 1 7-9 49557 7286446664610190111113 2 566721165-9-9-9
 665 00 0-9 -9-9-9 -9-9-9-9-9-9-9-9-9-9-9-9-9-9-9-9-9-9-9-9-9-9-9-9-9    -9 3643223332305100111113 1 466316196-9-9-9
 666 10 0 1 681111 68-914 6 330-9 1 1 6 6 6 6 6 6 6 6 6 6 6 6 1 1 8-9 24312 8467039410195790111113 2 814721191 6 315
 667 00 0-9 -9-9-9 -9-9-9-9-9-9-9-9-9-9-9-9-9-9-9-9-9-9-9-9-9-9-9-9-9    -9 8467039410195790111113 3 815021161 1 4 3
 668 00 0-9 -9-9-9 -9-9-9-9-9-9-9-9-9-9-9-9-9-9-9-9-9-9-9-9-9-9-9-9-9    -9 7286446664610190111113 39862911172 7 5 6
 669 00 0-9 -9-9-9 -9-9-9-9-9-9-9-9-9-9-9-9-9-9-9-9-9-9-9-9-9-9-9-9-9    -9 7286446664610190111113 2 467336157-9-9-9
 670 00 0-9 -9-9-9 -9-9-9-9-9-9-9-9-9-9-9-9-9-9-9-9-9-9-9-9-9-9-9-9-9    -910929669996915300111113 3 363446153-9-9-9
 671 10 0 1 681111 68-914 6 330-9 1 6 6 6 6 6 6 1 6 6 6 6 6 6 1 6-9 1 18765 8467039410195790111113 29813821171 613 3
 672 00 0-9 -9-9-9 -9-9-9-9-9-9-9-9-9-9-9-9-9-9-9-9-9-9-9-9-9-9-9-9-9    -912700559115293690111113 39812816143-9-9-9
 673 00 0-9 -9-9-9 -9-9-9-9-9-9-9-9-9-9-9-9-9-9-9-9-9-9-9-9-9-9-9-9-9    -9 3643223332305100111113 1 564916176-9-9-9
 674 00 0-9 -9-9-9 -9-9-9-9-9-9-9-9-9-9-9-9-9-9-9-9-9-9-9-9-9-9-9-9-9    -9 7286446664610190111113 29765721163-9-9-9
 675 00 0-9 -9-9-9 -9-9-9-9-9-9-9-9-9-9-9-9-9-9-9-9-9-9-9-9-9-9-9-9-9    -9 8467039410195790111113 3 414011263-9-9-9
 676 00 0-9 -9-9-9 -9-9-9-9-9-9-9-9-9-9-9-9-9-9-9-9-9-9-9-9-9-9-9-9-9    -9 8467039410195790111113 4 314421181 6 615
 677 00 0-9 -9-9-9 -9-9-9-9-9-9-9-9-9-9-9-9-9-9-9-9-9-9-9-9-9-9-9-9-9    -9 3643223332305100111113 19765216172 7 817
 678 00 0-9 -9-9-9 -9-9-9-9-9-9-9-9-9-9-9-9-9-9-9-9-9-9-9-9-9-9-9-9-9    -914572893329220390111113 4 462316138-9-9-9
 679 00 0-9 -9-9-9 -9-9-9-9-9-9-9-9-9-9-9-9-9-9-9-9-9-9-9-9-9-9-9-9-9    -9 3643223332305100111113 1 366746255-9-9-9
 680 00 0-9 -9-9-9 -9-9-9-9-9-9-9-9-9-9-9-9-9-9-9-9-9-9-9-9-9-9-9-9-9    -9 7286446664610190111113 29863511151 6 8 7
 681 00 0-9 -9-9-9 -9-9-9-9-9-9-9-9-9-9-9-9-9-9-9-9-9-9-9-9-9-9-9-9-9    -9 8467039410195790111113 2 113816173-9-9-9
 682 00 0-9 -9-9-9 -9-9-9-9-9-9-9-9-9-9-9-9-9-9-9-9-9-9-9-9-9-9-9-9-9    -9 3643223332305100111113 1 266036137-9-9-9
 683 00 0-9 -9-9-9 -9-9-9-9-9-9-9-9-9-9-9-9-9-9-9-9-9-9-9-9-9-9-9-9-9    -9 7286446664610190111113 3 163921173-9-9-9
 684 00 0-9 -9-9-9 -9-9-9-9-9-9-9-9-9-9-9-9-9-9-9-9-9-9-9-9-9-9-9-9-9    -9 4233519705097899111113 1 413316181 6 414
 685 00 0-9 -9-9-9 -9-9-9-9-9-9-9-9-9-9-9-9-9-9-9-9-9-9-9-9-9-9-9-9-9    -910929669996915300111113 3 365021147-9-9-9
 686 00 0-9 -9-9-9 -9-9-9-9-9-9-9-9-9-9-9-9-9-9-9-9-9-9-9-9-9-9-9-9-9    -9 4233519705097899111113 1 317436135-9-9-9
 687 00 0-9 -9-9-9 -9-9-9-9-9-9-9-9-9-9-9-9-9-9-9-9-9-9-9-9-9-9-9-9-9    -9 7286446664610190111113 3 563521182 6 614
 688 00 0-9 -9-9-9 -9-9-9-9-9-9-9-9-9-9-9-9-9-9-9-9-9-9-9-9-9-9-9-9-9    -912700559115293690111113 3 412716172 9 7 9
 689 00 0-9 -9-9-9 -9-9-9-9-9-9-9-9-9-9-9-9-9-9-9-9-9-9-9-9-9-9-9-9-9    -9 8467039410195790111113 2 513846151 61715
 690 00 0-9 -9-9-9 -9-9-9-9-9-9-9-9-9-9-9-9-9-9-9-9-9-9-9-9-9-9-9-9-9    -9 7286446664610190111113 2 366321147-9-9-9
 691 00 0-9 -9-9-9 -9-9-9-9-9-9-9-9-9-9-9-9-9-9-9-9-9-9-9-9-9-9-9-9-9    -910929669996915300111113 39865346147-9-9-9
 692 00 0-9 -9-9-9 -9-9-9-9-9-9-9-9-9-9-9-9-9-9-9-9-9-9-9-9-9-9-9-9-9    -9 7286446664610190111113 2 565821155-9-9-9
 693 00 0-9 -9-9-9 -9-9-9-9-9-9-9-9-9-9-9-9-9-9-9-9-9-9-9-9-9-9-9-9-9    -910929669996915300111113 3 564116174-9-9-9
 694 00 0-9 -9-9-9 -9-9-9-9-9-9-9-9-9-9-9-9-9-9-9-9-9-9-9-9-9-9-9-9-9    -9 8467039410195790111113 2 316321125-9-9-9
 695 00 0-9 -9-9-9 -9-9-9-9-9-9-9-9-9-9-9-9-9-9-9-9-9-9-9-9-9-9-9-9-9    -9 7286446664610190111113 3 563911192 7 317
 696 00 0-9 -9-9-9 -9-9-9-9-9-9-9-9-9-9-9-9-9-9-9-9-9-9-9-9-9-9-9-9-9    -9 7286446664610190111113 2 363716171 6 7 7
 697 00 0-9 -9-9-9 -9-9-9-9-9-9-9-9-9-9-9-9-9-9-9-9-9-9-9-9-9-9-9-9-9    -9 7286446664610190111113 2 266036147-9-9-9
 698 00 0-9 -9-9-9 -9-9-9-9-9-9-9-9-9-9-9-9-9-9-9-9-9-9-9-9-9-9-9-9-9    -920416663174439520111132 5 115121143-9-9-9
 699 00 0-9 -9-9-9 -9-9-9-9-9-9-9-9-9-9-9-9-9-9-9-9-9-9-9-9-9-9-9-9-9    -9 7027954876918400111132 4 363421173-9-9-9
 700 00 0-9 -9-9-9 -9-9-9-9-9-9-9-9-9-9-9-9-9-9-9-9-9-9-9-9-9-9-9-9-9    -9 4083332634887907111132 1 416916145-9-9-9
 701 00 0-9 -9-9-9 -9-9-9-9-9-9-9-9-9-9-9-9-9-9-9-9-9-9-9-9-9-9-9-9-9    -910541932315377610111132 3 464921167-9-9-9
 702 00 0-9 -9-9-9 -9-9-9-9-9-9-9-9-9-9-9-9-9-9-9-9-9-9-9-9-9-9-9-9-9    -9 8166665269775810111132 2 314821161 711 6
 703 00 0-9 -9-9-9 -9-9-9-9-9-9-9-9-9-9-9-9-9-9-9-9-9-9-9-9-9-9-9-9-9    -9 7027954876918400111132 2 266121137-9-9-9
 704 20 0 2 68-941 682121 4 1 0-9 2 6 1 6 6 6 6 6 6 6 6 6 6 6 1 1 8-9 1128614055909753836810111132 4 862616181 7 316
 705 00 0-9 -9-9-9 -9-9-9-9-9-9-9-9-9-9-9-9-9-9-9-9-9-9-9-9-9-9-9-9-9    -916333330539551620111132 5 515221151 6 4 6
 706 10 0 1 681111 684141 1 2 0 3 1 1 6 6 6 6 6 6 6 6 6 6 6 6 1 6 5-9 10990 8166665269775810111132 2 215921131 1 1 7
 707 00 0-9 -9-9-9 -9-9-9-9-9-9-9-9-9-9-9-9-9-9-9-9-9-9-9-9-9-9-9-9-9    -916333330539551620111132 4 614821141 61715
 708 00 0-9 -9-9-9 -9-9-9-9-9-9-9-9-9-9-9-9-9-9-9-9-9-9-9-9-9-9-9-9-9    -9 3643223332305100111133 1 267436137-9-9-9
 709 00 0-9 -9-9-9 -9-9-9-9-9-9-9-9-9-9-9-9-9-9-9-9-9-9-9-9-9-9-9-9-9    -9 4233519705097899111133 1 216836135-9-9-9
 710 00 0-9 -9-9-9 -9-9-9-9-9-9-9-9-9-9-9-9-9-9-9-9-9-9-9-9-9-9-9-9-9    -916934078820391590111133 4 211716134-9-9-9
 711 00 0-9 -9-9-9 -9-9-9-9-9-9-9-9-9-9-9-9-9-9-9-9-9-9-9-9-9-9-9-9-9    -9 7286446664610190111133 2 267336127-9-9-9
 712 00 0-9 -9-9-9 -9-9-9-9-9-9-9-9-9-9-9-9-9-9-9-9-9-9-9-9-9-9-9-9-9    -9 7286446664610190111133 2 763126181 6 5 3
 713 00 0-9 -9-9-9 -9-9-9-9-9-9-9-9-9-9-9-9-9-9-9-9-9-9-9-9-9-9-9-9-9    -921167598525489490111133 5 518321135-9-9-9
 714 00 0-9 -9-9-9 -9-9-9-9-9-9-9-9-9-9-9-9-9-9-9-9-9-9-9-9-9-9-9-9-9    -9 8467039410195790111133 2 215416143-9-9-9
 715 00 0-9 -9-9-9 -9-9-9-9-9-9-9-9-9-9-9-9-9-9-9-9-9-9-9-9-9-9-9-9-9    -912700559115293690111133 3 315121173-9-9-9
 716 00 0-9 -9-9-9 -9-9-9-9-9-9-9-9-9-9-9-9-9-9-9-9-9-9-9-9-9-9-9-9-9    -9 8467039410195790111133 2 317421125-9-9-9
 717 00 0-9 -9-9-9 -9-9-9-9-9-9-9-9-9-9-9-9-9-9-9-9-9-9-9-9-9-9-9-9-9    -914572893329220390111133 4 362016162 6 817
 718 22 0 1 681111 68-9 8 1 345 3 2 1 6 6 6 6 6 6 6 6 1 6 6 6 6 1-9-9 91770 8467039410195790111133 4 813421191 6 4 3
 719 00 0-9 -9-9-9 -9-9-9-9-9-9-9-9-9-9-9-9-9-9-9-9-9-9-9-9-9-9-9-9-9    -9 7286446664610190111133 2 265821131 4 7 9
 720 00 0-9 -9-9-9 -9-9-9-9-9-9-9-9-9-9-9-9-9-9-9-9-9-9-9-9-9-9-9-9-9    -9 7286446664610190111133 2 268421137-9-9-9
 721 00 0-9 -9-9-9 -9-9-9-9-9-9-9-9-9-9-9-9-9-9-9-9-9-9-9-9-9-9-9-9-9    -9 8467039410195790111133 4 414321181 7 512
 722 10 0 1 681111 68-9 4 4 5 0-9 2 1 6 6 6 6 6 6 6 6 6 6 6 6 1 1 8-9 35017 8467039410195790111133 2 216321141 6 715
 723 00 0-9 -9-9-9 -9-9-9-9-9-9-9-9-9-9-9-9-9-9-9-9-9-9-9-9-9-9-9-9-9    -916934078820391590111133 4 312416163-9-9-9
 724 00 0-9 -9-9-9 -9-9-9-9-9-9-9-9-9-9-9-9-9-9-9-9-9-9-9-9-9-9-9-9-9    -9 7286446664610190111133 3 163846143-9-9-9
 725 00 0-9 -9-9-9 -9-9-9-9-9-9-9-9-9-9-9-9-9-9-9-9-9-9-9-9-9-9-9-9-9    -9 3643223332305100111133 1 168936136-9-9-9
 726 10 0 1 681111 681818 7 315-9 1 1 6 6 6 6 6 6 6 6 6 6 6 6 1 1 8-9 24300 8467039410195790111133 3 815321151 6 4 3
 727 00 0-9 -9-9-9 -9-9-9-9-9-9-9-9-9-9-9-9-9-9-9-9-9-9-9-9-9-9-9-9-9    -9 7286446664610190111133 2 265321131 1 116
 728 00 0-9 -9-9-9 -9-9-9-9-9-9-9-9-9-9-9-9-9-9-9-9-9-9-9-9-9-9-9-9-9    -914572893329220390111133 5 165021127-9-9-9
 729 00 0-9 -9-9-9 -9-9-9-9-9-9-9-9-9-9-9-9-9-9-9-9-9-9-9-9-9-9-9-9-9    -9 8467039410195790111133 2 111916164-9-9-9
 730 00 0-9 -9-9-9 -9-9-9-9-9-9-9-9-9-9-9-9-9-9-9-9-9-9-9-9-9-9-9-9-9    -9 3643223332305100111133 1 165126127-9-9-9
 731 00 0-9 -9-9-9 -9-9-9-9-9-9-9-9-9-9-9-9-9-9-9-9-9-9-9-9-9-9-9-9-9    -9 3643223332305100111133 1 266836132 915 3
 732 10 0 1 681111 68-941 5 230-9 2 6 6 6 6 6 1 6 6 6 6 6 6 6 1 6-9 1 12051 8467039410195790111133 2 217521155-9-9-9
 733 00 0-9 -9-9-9 -9-9-9-9-9-9-9-9-9-9-9-9-9-9-9-9-9-9-9-9-9-9-9-9-9    -921167598525489490111133 6 214621133-9-9-9
 734 00 0-9 -9-9-9 -9-9-9-9-9-9-9-9-9-9-9-9-9-9-9-9-9-9-9-9-9-9-9-9-9    -910929669996915300111133 3 268121137-9-9-9
 735 00 0-9 -9-9-9 -9-9-9-9-9-9-9-9-9-9-9-9-9-9-9-9-9-9-9-9-9-9-9-9-9    -9 3643223332305100111133 1 268436127-9-9-9
 736 00 0-9 -9-9-9 -9-9-9-9-9-9-9-9-9-9-9-9-9-9-9-9-9-9-9-9-9-9-9-9-9    -9 7286446664610190111133 4 563121147-9-9-9
 737 00 0-9 -9-9-9 -9-9-9-9-9-9-9-9-9-9-9-9-9-9-9-9-9-9-9-9-9-9-9-9-9    -9 8467039410195790111133 2 217321135-9-9-9
 738 00 0-9 -9-9-9 -9-9-9-9-9-9-9-9-9-9-9-9-9-9-9-9-9-9-9-9-9-9-9-9-9    -918216116661525500111133 5 265421137-9-9-9
 739 00 0-9 -9-9-9 -9-9-9-9-9-9-9-9-9-9-9-9-9-9-9-9-9-9-9-9-9-9-9-9-9    -914572893329220390111133 4 365121147-9-9-9
 740 00 0-9 -9-9-9 -9-9-9-9-9-9-9-9-9-9-9-9-9-9-9-9-9-9-9-9-9-9-9-9-9    -9 7286446664610190111133 4 363821233-9-9-9
 741 00 0-9 -9-9-9 -9-9-9-9-9-9-9-9-9-9-9-9-9-9-9-9-9-9-9-9-9-9-9-9-9    -914572893329220390111133 4 865021127-9-9-9
 742 00 0-9 -9-9-9 -9-9-9-9-9-9-9-9-9-9-9-9-9-9-9-9-9-9-9-9-9-9-9-9-9    -9 8467039410195790111133 3 413421141 6 719
 743 00 0-9 -9-9-9 -9-9-9-9-9-9-9-9-9-9-9-9-9-9-9-9-9-9-9-9-9-9-9-9-9    -9 7286446664610190111133 2 266821127-9-9-9
 744 01 0 1 681111 68-9 7 8 230-9 2 6 6 6 6 6 6 1 6 6 1 6 6 6 1 1-912 86919 7286446664610190111133 2 466121133-9-9-9
 745 00 0-9 -9-9-9 -9-9-9-9-9-9-9-9-9-9-9-9-9-9-9-9-9-9-9-9-9-9-9-9-9    -921167598525489490111133 6 415421136-9-9-9
 746 00 0-9 -9-9-9 -9-9-9-9-9-9-9-9-9-9-9-9-9-9-9-9-9-9-9-9-9-9-9-9-9    -9 7286446664610190111133 2 267621127-9-9-9
 747 00 0-9 -9-9-9 -9-9-9-9-9-9-9-9-9-9-9-9-9-9-9-9-9-9-9-9-9-9-9-9-9    -9 8467039410195790111133 4 414021171 6 915
 748 00 0-9 -9-9-9 -9-9-9-9-9-9-9-9-9-9-9-9-9-9-9-9-9-9-9-9-9-9-9-9-9    -9 8467039410195790111133 2 214141141 7 915
 749 10 0 1 681111 68-941 4 210-9 1 6 1 6 6 6 6 6 6 6 6 6 6 6 1 6 4-9 12079 7286446664610190111133 5 663821152 9 411
 750 00 0-9 -9-9-9 -9-9-9-9-9-9-9-9-9-9-9-9-9-9-9-9-9-9-9-9-9-9-9-9-9    -9 7286446664610190111133 3 663121141 6 7 7
 751 00 0-9 -9-9-9 -9-9-9-9-9-9-9-9-9-9-9-9-9-9-9-9-9-9-9-9-9-9-9-9-9    -9 7286446664610190111133 2 564126143-9-9-9
 752 00 0-9 -9-9-9 -9-9-9-9-9-9-9-9-9-9-9-9-9-9-9-9-9-9-9-9-9-9-9-9-9    -9 7286446664610190111133 4 263621177-9-9-9
 753 00 0-9 -9-9-9 -9-9-9-9-9-9-9-9-9-9-9-9-9-9-9-9-9-9-9-9-9-9-9-9-9    -9 7286446664610190111133 2 263111168-9-9-9
 754 00 0-9 -9-9-9 -9-9-9-9-9-9-9-9-9-9-9-9-9-9-9-9-9-9-9-9-9-9-9-9-9    -912700559115293690111133 4 514421141 712 3
 755 00 0-9 -9-9-9 -9-9-9-9-9-9-9-9-9-9-9-9-9-9-9-9-9-9-9-9-9-9-9-9-9    -9 8467039410195790111133 3 313121141 614 3
 756 00 0-9 -9-9-9 -9-9-9-9-9-9-9-9-9-9-9-9-9-9-9-9-9-9-9-9-9-9-9-9-9    -916934078820391590111133 4 216221136-9-9-9
 757 00 0-9 -9-9-9 -9-9-9-9-9-9-9-9-9-9-9-9-9-9-9-9-9-9-9-9-9-9-9-9-9    -9 7286446664610190111133 2 366321137-9-9-9
 758 00 0-9 -9-9-9 -9-9-9-9-9-9-9-9-9-9-9-9-9-9-9-9-9-9-9-9-9-9-9-9-9    -918216116661525500111133 5 261916154-9-9-9
 759 00 0-9 -9-9-9 -9-9-9-9-9-9-9-9-9-9-9-9-9-9-9-9-9-9-9-9-9-9-9-9-9    -9 8467039410195790111133 2 217121125-9-9-9
 760 00 0-9 -9-9-9 -9-9-9-9-9-9-9-9-9-9-9-9-9-9-9-9-9-9-9-9-9-9-9-9-9    -910929669996915300111133 3 465621142 615 3
 761 00 0-9 -9-9-9 -9-9-9-9-9-9-9-9-9-9-9-9-9-9-9-9-9-9-9-9-9-9-9-9-9    -9 7286446664610190111133 4 263721137-9-9-9
 762 00 0-9 -9-9-9 -9-9-9-9-9-9-9-9-9-9-9-9-9-9-9-9-9-9-9-9-9-9-9-9-9    -9 3643223332305100111133 3 264746141 715 7
 763 00 0-9 -9-9-9 -9-9-9-9-9-9-9-9-9-9-9-9-9-9-9-9-9-9-9-9-9-9-9-9-9    -910929669996915300111133 3 266921127-9-9-9
 764 00 0-9 -9-9-9 -9-9-9-9-9-9-9-9-9-9-9-9-9-9-9-9-9-9-9-9-9-9-9-9-9    -910929669996915300111133 4 264621147-9-9-9
 765 00 0-9 -9-9-9 -9-9-9-9-9-9-9-9-9-9-9-9-9-9-9-9-9-9-9-9-9-9-9-9-9    -910929669996915300111133 4 161716148-9-9-9
 766 00 0-9 -9-9-9 -9-9-9-9-9-9-9-9-9-9-9-9-9-9-9-9-9-9-9-9-9-9-9-9-9    -9 7286446664610190111133 5 363521147-9-9-9
 767 20 0 1 681111 68-941 7 130-9 1 1 6 6 6 6 6 6 6 6 6 6 6 6 1 111-9 11950 8467039410195790111133 3 613821171 61715
 768 00 0-9 -9-9-9 -9-9-9-9-9-9-9-9-9-9-9-9-9-9-9-9-9-9-9-9-9-9-9-9-9    -9 7286446664610190111133 4 163641141 9 7 7
 769 00 0-9 -9-9-9 -9-9-9-9-9-9-9-9-9-9-9-9-9-9-9-9-9-9-9-9-9-9-9-9-9    -910929669996915300111133 5 362116144-9-9-9
 770 00 0-9 -9-9-9 -9-9-9-9-9-9-9-9-9-9-9-9-9-9-9-9-9-9-9-9-9-9-9-9-9    -9 8467039410195790111133 4 112521143-9-9-9
 771 00 0-9 -9-9-9 -9-9-9-9-9-9-9-9-9-9-9-9-9-9-9-9-9-9-9-9-9-9-9-9-9    -9 8467039410195790111133 4 113011132 714 8
 772 00 0-9 -9-9-9 -9-9-9-9-9-9-9-9-9-9-9-9-9-9-9-9-9-9-9-9-9-9-9-9-9    -912700559115293690111133 3 216121125-9-9-9
 773 00 0-9 -9-9-9 -9-9-9-9-9-9-9-9-9-9-9-9-9-9-9-9-9-9-9-9-9-9-9-9-9    -9 8467039410195790111133 3 313321161 612 3
 774 00 0-9 -9-9-9 -9-9-9-9-9-9-9-9-9-9-9-9-9-9-9-9-9-9-9-9-9-9-9-9-9    -9 4233519705097899111133 1 113416143-9-9-9
 775 00 0-9 -9-9-9 -9-9-9-9-9-9-9-9-9-9-9-9-9-9-9-9-9-9-9-9-9-9-9-9-9    -9 3643223332305100111133 1 267736127-9-9-9
 776 00 0-9 -9-9-9 -9-9-9-9-9-9-9-9-9-9-9-9-9-9-9-9-9-9-9-9-9-9-9-9-9    -9 8467039410195790111133 2 216521125-9-9-9
 777 00 0-9 -9-9-9 -9-9-9-9-9-9-9-9-9-9-9-9-9-9-9-9-9-9-9-9-9-9-9-9-9    -912700559115293690111133 3 115821126-9-9-9
 778 00 0-9 -9-9-9 -9-9-9-9-9-9-9-9-9-9-9-9-9-9-9-9-9-9-9-9-9-9-9-9-9    -918216116661525500111133 6 364521147-9-9-9
 779 00 0-9 -9-9-9 -9-9-9-9-9-9-9-9-9-9-9-9-9-9-9-9-9-9-9-9-9-9-9-9-9    -9 4233519705097899111133 1 111816142 9 216
 780 00 0-9 -9-9-9 -9-9-9-9-9-9-9-9-9-9-9-9-9-9-9-9-9-9-9-9-9-9-9-9-9    -916934078820391590111133 4 216521125-9-9-9
 781 00 0-9 -9-9-9 -9-9-9-9-9-9-9-9-9-9-9-9-9-9-9-9-9-9-9-9-9-9-9-9-9    -912700559115293690111133 3 218321125-9-9-9
 782 00 0-9 -9-9-9 -9-9-9-9-9-9-9-9-9-9-9-9-9-9-9-9-9-9-9-9-9-9-9-9-9    -9 8467039410195790111133 2 213421133-9-9-9
 783 00 0-9 -9-9-9 -9-9-9-9-9-9-9-9-9-9-9-9-9-9-9-9-9-9-9-9-9-9-9-9-9    -910929669996915300111133 4 465321137-9-9-9
 784 00 0-9 -9-9-9 -9-9-9-9-9-9-9-9-9-9-9-9-9-9-9-9-9-9-9-9-9-9-9-9-9    -9 8467039410195790111133 2 215621141 716 1
 785 00 0-9 -9-9-9 -9-9-9-9-9-9-9-9-9-9-9-9-9-9-9-9-9-9-9-9-9-9-9-9-9    -918216116661525500111133 5 261716133-9-9-9
 786 00 0-9 -9-9-9 -9-9-9-9-9-9-9-9-9-9-9-9-9-9-9-9-9-9-9-9-9-9-9-9-9    -9 8467039410195790111133 2 212516133-9-9-9
 787 00 0-9 -9-9-9 -9-9-9-9-9-9-9-9-9-9-9-9-9-9-9-9-9-9-9-9-9-9-9-9-9    -9 7286446664610190111133 4 363821177-9-9-9
 788 10 0 1 681111 68-941 7 130-9 1 1 6 6 6 6 6 6 6 6 6 6 6 6 1 1 4-9 12558 8913460312169440111131 2 414721171 614 5
 789 01 0 1 681111 68-947 4 7 0-9 2 6 1 6 6 6 6 6 6 6 6 6 6 6 1 1 8-9 59881 7670621337079680111131 29765021157-9-9-9
 790 00 0-9 -9-9-9 -9-9-9-9-9-9-9-9-9-9-9-9-9-9-9-9-9-9-9-9-9-9-9-9-9    -9 3835310668539841111131 1 168636127-9-9-9
 791 10 0 1 681111 68-929 6 3 0-9 1 1 6 6 6 6 6 1 6 6 6 6 6 6 1 6-9-9 13853 8913460312169440111131 2 416621145-9-9-9
 792 02 0 1 681111 68-928 1 3 0 3 2 6 1 6 6 6 6 6 1 6 6 6 6 6 1 1-9-9 5074013370190468254160111131 3 417921195-9-9-9
 793 01 0 1 681111 68-9 6 4 2 0-9 1 1 6 6 6 6 6 6 6 6 6 6 6 6 1 1 1-9 2603513370190468254160111131 3 416521155-9-9-9
 794 20 0 1 681111 68-929 7 2 0-9 1 1 6 6 6 6 6 6 6 6 6 6 6 6 1 6 8-9 13881 8913460312169440111131 4 815021141 61520
 795 00 0-9 -9-9-9 -9-9-9-9-9-9-9-9-9-9-9-9-9-9-9-9-9-9-9-9-9-9-9-9-9    -9 7670621337079680111131 2 163011143-9-9-9
 796 00 0-9 -9-9-9 -9-9-9-9-9-9-9-9-9-9-9-9-9-9-9-9-9-9-9-9-9-9-9-9-9    -915341242674159360111131 59761716144-9-9-9
 797 00 0-9 -9-9-9 -9-9-9-9-9-9-9-9-9-9-9-9-9-9-9-9-9-9-9-9-9-9-9-9-9    -9 8913460312169440111131 2 812811141 4 1 8
 798 11 0 2 681211 68-929 1 130 5 1 1 1 6 6 6 6 6 6 6 6 6 6 6 1 611-9  9902 8913460312169440111131 3 513121141 6 915
 799 00 0-9 -9-9-9 -9-9-9-9-9-9-9-9-9-9-9-9-9-9-9-9-9-9-9-9-9-9-9-9-9    -913370190468254160111131 3 217721125-9-9-9
 800 00 0-9 -9-9-9 -9-9-9-9-9-9-9-9-9-9-9-9-9-9-9-9-9-9-9-9-9-9-9-9-9    -9 8913460312169440111131 2 113416354-9-9-9
 801 00 0-9 -9-9-9 -9-9-9-9-9-9-9-9-9-9-9-9-9-9-9-9-9-9-9-9-9-9-9-9-9    -919176553342699200111131 5 162111163-9-9-9
 802 10 0 1 681111 68-941 4 130-9 2 6 1 6 6 6 6 6 6 6 6 6 6 6 1 1 7-9 11644 7670621337079680111131 5 463921153-9-9-9
 803 00 0-9 -9-9-9 -9-9-9-9-9-9-9-9-9-9-9-9-9-9-9-9-9-9-9-9-9-9-9-9-9    -915341242674159360111131 5 364021143-9-9-9
 804 00 0-9 -9-9-9 -9-9-9-9-9-9-9-9-9-9-9-9-9-9-9-9-9-9-9-9-9-9-9-9-9    -917826920624338880111131 4 413216164-9-9-9
 805 00 0-9 -9-9-9 -9-9-9-9-9-9-9-9-9-9-9-9-9-9-9-9-9-9-9-9-9-9-9-9-9    -911505932005619520111131 4 366621127-9-9-9
 806 00 0-9 -9-9-9 -9-9-9-9-9-9-9-9-9-9-9-9-9-9-9-9-9-9-9-9-9-9-9-9-9    -9 7670621337079680111131 2 268421126-9-9-9
 807 00 0-9 -9-9-9 -9-9-9-9-9-9-9-9-9-9-9-9-9-9-9-9-9-9-9-9-9-9-9-9-9    -9 3835310668539841111131 1 166746133-9-9-9
 808 00 0-9 -9-9-9 -9-9-9-9-9-9-9-9-9-9-9-9-9-9-9-9-9-9-9-9-9-9-9-9-9    -9 3643223332305100111123 1 267136135-9-9-9
 809 00 0-9 -9-9-9 -9-9-9-9-9-9-9-9-9-9-9-9-9-9-9-9-9-9-9-9-9-9-9-9-9    -9 3643223332305100111123 1 268736147-9-9-9
 810 10 0 1 681111 68 4 4 1 5 0 5 2 1 6 6 6 6 6 6 6 6 6 6 6 6 6 1 8-9 3307112700559115293690111123 3 614316171 6 313
 811 00 0-9 -9-9-9 -9-9-9-9-9-9-9-9-9-9-9-9-9-9-9-9-9-9-9-9-9-9-9-9-9    -916934078820391590111123 4 211916144-9-9-9
 812 00 0-9 -9-9-9 -9-9-9-9-9-9-9-9-9-9-9-9-9-9-9-9-9-9-9-9-9-9-9-9-9    -9 7286446664610190111123 3 363421143-9-9-9
 813 00 0-9 -9-9-9 -9-9-9-9-9-9-9-9-9-9-9-9-9-9-9-9-9-9-9-9-9-9-9-9-9    -914572893329220390111123 4 562216143-9-9-9
 814 00 0-9 -9-9-9 -9-9-9-9-9-9-9-9-9-9-9-9-9-9-9-9-9-9-9-9-9-9-9-9-9    -916934078820391590111123 4 215421141 6 4 7
 815 00 0-9 -9-9-9 -9-9-9-9-9-9-9-9-9-9-9-9-9-9-9-9-9-9-9-9-9-9-9-9-9    -912700559115293690111123 3 218321125-9-9-9
 816 00 0-9 -9-9-9 -9-9-9-9-9-9-9-9-9-9-9-9-9-9-9-9-9-9-9-9-9-9-9-9-9    -9 7286446664610190111123 49764721173-9-9-9
 817 00 0-9 -9-9-9 -9-9-9-9-9-9-9-9-9-9-9-9-9-9-9-9-9-9-9-9-9-9-9-9-9    -9 8467039410195790111123 3 314441143-9-9-9
 818 10 0 1 681111 682121 6 2 0-9 1 6 6 6 6 6 6 6 6 1 6 1 6 6 1 1-912  9622 8467039410195790111123 29815421191 6 217
 819 00 0-9 -9-9-9 -9-9-9-9-9-9-9-9-9-9-9-9-9-9-9-9-9-9-9-9-9-9-9-9-9    -9 8467039410195790111123 2 816321171 1 1 3
 820 00 0-9 -9-9-9 -9-9-9-9-9-9-9-9-9-9-9-9-9-9-9-9-9-9-9-9-9-9-9-9-9    -914572893329220390111123 4 665421191 1 217
 821 00 0-9 -9-9-9 -9-9-9-9-9-9-9-9-9-9-9-9-9-9-9-9-9-9-9-9-9-9-9-9-9    -914572893329220390111123 49865721146-9-9-9
 822 00 1 1 681111187-9-9 6 430-9 2 6 1 6 6 1 6 6 6 6 6 6 6 6 1 1 8-9 3869814572893329220390111123 49765421162 4 3 3
 823 00 0-9 -9-9-9 -9-9-9-9-9-9-9-9-9-9-9-9-9-9-9-9-9-9-9-9-9-9-9-9-9    -9 4233519705097899111123 1 517346191 9 313
 824 00 0-9 -9-9-9 -9-9-9-9-9-9-9-9-9-9-9-9-9-9-9-9-9-9-9-9-9-9-9-9-9    -9 7286446664610190111123 29865521181 6 217
 825 00 0-9 -9-9-9 -9-9-9-9-9-9-9-9-9-9-9-9-9-9-9-9-9-9-9-9-9-9-9-9-9    -914572893329220390111123 4 561616144-9-9-9
 826 00 0-9 -9-9-9 -9-9-9-9-9-9-9-9-9-9-9-9-9-9-9-9-9-9-9-9-9-9-9-9-9    -9 7286446664610190111123 29767736125-9-9-9
 827 01 0 1 681111 68-9 8 41130-9 2 1 6 6 6 6 6 6 6 6 6 6 6 6 1 1 8-9 89636 8467039410195790111123 2 616421195-9-9-9
 828 01 0 2 681111 68-938 8 2 0-9 2 1 6 6 6 6 6 6 6 6 1 6 6 6 1 1-9-9    -1 8467039410195790111123 3 513921151 6 915
 829 40 0 1 681111 68-921 8 230-9 2 6 1 6 6 6 6 6 6 6 6 6 6 6 1 1 1-9 11639 7286446664610190111123 3 863721162 6 3 7
 830 00 0-9 -9-9-9 -9-9-9-9-9-9-9-9-9-9-9-9-9-9-9-9-9-9-9-9-9-9-9-9-9    -9 8467039410195790111123 4 813121141 41219
 831 00 0-9 -9-9-9 -9-9-9-9-9-9-9-9-9-9-9-9-9-9-9-9-9-9-9-9-9-9-9-9-9    -9 7286446664610190111123 4 863921191 6 217
 832 00 0-9 -9-9-9 -9-9-9-9-9-9-9-9-9-9-9-9-9-9-9-9-9-9-9-9-9-9-9-9-9    -9 7286446664610190111123 6 763421171 6 617
 833 10 0 1 681111 681818 1 3 0 5 2 6 1 6 6 6 6 6 6 6 6 6 6 6 1 1 8-9 2318810929669996915300111123 6 862916251 61520
 834 00 0-9 -9-9-9 -9-9-9-9-9-9-9-9-9-9-9-9-9-9-9-9-9-9-9-9-9-9-9-9-9    -9 7286446664610190111123 49763021157-9-9-9
 835 00 0-9 -9-9-9 -9-9-9-9-9-9-9-9-9-9-9-9-9-9-9-9-9-9-9-9-9-9-9-9-9    -9 7286446664610190111123 5 663721171 6 515
 836 80 0 1 681111 68-941 1 1 0 2 1 1 6 6 6 6 6 6 6 6 6 6 6 6 6 6 9-9  9150 8467039410195790111123 3 713721191 6 110
 837 00 0-9 -9-9-9 -9-9-9-9-9-9-9-9-9-9-9-9-9-9-9-9-9-9-9-9-9-9-9-9-9    -9 7286446664610190111123 3 863521181 6 217
 838 00 0-9 -9-9-9 -9-9-9-9-9-9-9-9-9-9-9-9-9-9-9-9-9-9-9-9-9-9-9-9-9    -9 8467039410195790111123 3 413621131 61519
 839 00 0-9 -9-9-9 -9-9-9-9-9-9-9-9-9-9-9-9-9-9-9-9-9-9-9-9-9-9-9-9-9    -9 8467039410195790111123 4 213621143-9-9-9
 840 00 0-9 -9-9-9 -9-9-9-9-9-9-9-9-9-9-9-9-9-9-9-9-9-9-9-9-9-9-9-9-9    -9 7286446664610190111123 2 266221137-9-9-9
 841 00 0-9 -9-9-9 -9-9-9-9-9-9-9-9-9-9-9-9-9-9-9-9-9-9-9-9-9-9-9-9-9    -914572893329220390111123 4 362316144-9-9-9
 842 20 0 1 681111 684141 2 2 5 3 2 6 6 6 6 6 6 6 1 6 6 6 6 6 6 1-9 2  809214572893329220390111123 4 362116184-9-9-9
 843 00 0-9 -9-9-9 -9-9-9-9-9-9-9-9-9-9-9-9-9-9-9-9-9-9-9-9-9-9-9-9-9    -9 3643223332305100111123 2 164446141 6 7 7
 844 10 0 1 681111 68-929 4 2 0-9 2 6 1 6 6 6 6 6 6 6 6 6 6 6 1 1 8-9  825414572893329220390111123 4 362916183-9-9-9
 845 00 0-9 -9-9-9 -9-9-9-9-9-9-9-9-9-9-9-9-9-9-9-9-9-9-9-9-9-9-9-9-9    -910929669996915300111123 4 464821121 61514
 846 00 1 1 681111195-9-9 130 0 5 2 6 6 6 6 6 6 6 6 6 1 6 6 6 6 1-91291130812700559115293690111123 5 614721141 712 3
 847 00 0-9 -9-9-9 -9-9-9-9-9-9-9-9-9-9-9-9-9-9-9-9-9-9-9-9-9-9-9-9-9    -9 7286446664610190111123 3 363821143-9-9-9
 848 00 0-9 -9-9-9 -9-9-9-9-9-9-9-9-9-9-9-9-9-9-9-9-9-9-9-9-9-9-9-9-9    -9 7286446664610190111123 2 465421137-9-9-9
 849 00 0-9 -9-9-9 -9-9-9-9-9-9-9-9-9-9-9-9-9-9-9-9-9-9-9-9-9-9-9-9-9    -9 7286446664610190111123 29862821172 7 610
 850 00 0-9 -9-9-9 -9-9-9-9-9-9-9-9-9-9-9-9-9-9-9-9-9-9-9-9-9-9-9-9-9    -9 7286446664610190111123 2 266621125-9-9-9
 851 20 0 1 681111 68-941 7 130-9 1 1 6 6 6 6 6 6 6 6 6 6 6 6 1 6 8-9  916312700559115293690111123 3 416221142 612 7
 852 00 0-9 -9-9-9 -9-9-9-9-9-9-9-9-9-9-9-9-9-9-9-9-9-9-9-9-9-9-9-9-9    -9 8467039410195790111123 2 216721145-9-9-9
 853 00 0-9 -9-9-9 -9-9-9-9-9-9-9-9-9-9-9-9-9-9-9-9-9-9-9-9-9-9-9-9-9    -9 8467039410195790111123 2 216821135-9-9-9
 854 00 0-9 -9-9-9 -9-9-9-9-9-9-9-9-9-9-9-9-9-9-9-9-9-9-9-9-9-9-9-9-9    -9 7286446664610190111123 2 466421137-9-9-9
 855 00 0-9 -9-9-9 -9-9-9-9-9-9-9-9-9-9-9-9-9-9-9-9-9-9-9-9-9-9-9-9-9    -9 7286446664610190111123 2 365616146-9-9-9
 856 00 0-9 -9-9-9 -9-9-9-9-9-9-9-9-9-9-9-9-9-9-9-9-9-9-9-9-9-9-9-9-9    -910929669996915300111123 39766021127-9-9-9
 857 00 0-9 -9-9-9 -9-9-9-9-9-9-9-9-9-9-9-9-9-9-9-9-9-9-9-9-9-9-9-9-9    -918216116661525500111123 59765721137-9-9-9
 858 00 0-9 -9-9-9 -9-9-9-9-9-9-9-9-9-9-9-9-9-9-9-9-9-9-9-9-9-9-9-9-9    -9 7027954876918400111122 4 162511133-9-9-9
 859 01 0 1 681111 68-917 4 530-9 2 6 1 6 6 6 6 6 6 6 1 6 6 6 1 1-9-9 96983 7027954876918400111122 3 264621123-9-9-9
 860 00 0-9 -9-9-9 -9-9-9-9-9-9-9-9-9-9-9-9-9-9-9-9-9-9-9-9-9-9-9-9-9    -9 3513977438459205111122 1 165946125-9-9-9
 861 00 0-9 -9-9-9 -9-9-9-9-9-9-9-9-9-9-9-9-9-9-9-9-9-9-9-9-9-9-9-9-9    -9 3513977438459205111122 1 165246123-9-9-9
 862 00 0-9 -9-9-9 -9-9-9-9-9-9-9-9-9-9-9-9-9-9-9-9-9-9-9-9-9-9-9-9-9    -9 7027954876918400111122 2 462911173-9-9-9
 863 01 0 1 681111 68-9 6 6 3 0-9 1 6 1 6 6 6 6 6 6 6 6 6 6 6 1 6 8-9 2240016333330539551620111122 4 212316143-9-9-9
 864 00 0-9 -9-9-9 -9-9-9-9-9-9-9-9-9-9-9-9-9-9-9-9-9-9-9-9-9-9-9-9-9    -912249997904663710111122 3 214221145-9-9-9
 865 00 0-9 -9-9-9 -9-9-9-9-9-9-9-9-9-9-9-9-9-9-9-9-9-9-9-9-9-9-9-9-9    -916333330539551620111122 5 312216174-9-9-9
 866 00 0-9 -9-9-9 -9-9-9-9-9-9-9-9-9-9-9-9-9-9-9-9-9-9-9-9-9-9-9-9-9    -9 8467039410195790111123 2 417321135-9-9-9
 867 00 0-9 -9-9-9 -9-9-9-9-9-9-9-9-9-9-9-9-9-9-9-9-9-9-9-9-9-9-9-9-9    -9 8467039410195790111123 2 317421135-9-9-9
 868 00 0-9 -9-9-9 -9-9-9-9-9-9-9-9-9-9-9-9-9-9-9-9-9-9-9-9-9-9-9-9-9    -9 3643223332305100111123 2 363916171 6 613
 869 00 0-9 -9-9-9 -9-9-9-9-9-9-9-9-9-9-9-9-9-9-9-9-9-9-9-9-9-9-9-9-9    -9 7286446664610190111123 3 668236147-9-9-9
 870 10 0 1 681111 684141 4 130-9 1 6 1 6 6 6 6 6 6 6 6 6 6 6 1 611-9  7735 7286446664610190111123 2 863621161 6 817
 871 00 0-9 -9-9-9 -9-9-9-9-9-9-9-9-9-9-9-9-9-9-9-9-9-9-9-9-9-9-9-9-9    -9 7286446664610190111123 29765121163-9-9-9
 872 00 0-9 -9-9-9 -9-9-9-9-9-9-9-9-9-9-9-9-9-9-9-9-9-9-9-9-9-9-9-9-9    -9 8467039410195790111123 3 814721191 6 112
 873 10 0 1 681111 68 4 4 6 6 0-9 2 6 6 1 6 6 6 6 6 6 6 6 6 6 6 1 4-9 32741 8467039410195790111123 49815021151 4 4 7
 874 10 0 1 681111 68-941 3 130-9 1 1 6 6 6 6 6 6 6 6 6 6 6 6 1 6 9-9  8984 7286446664610190111123 2 764011181 6 515
 875 00 0-9 -9-9-9 -9-9-9-9-9-9-9-9-9-9-9-9-9-9-9-9-9-9-9-9-9-9-9-9-9    -9 7286446664610190111123 4 563621193-9-9-9
 876 00 0-9 -9-9-9 -9-9-9-9-9-9-9-9-9-9-9-9-9-9-9-9-9-9-9-9-9-9-9-9-9    -9 7286446664610190111123 3 362921147-9-9-9
 877 00 0-9 -9-9-9 -9-9-9-9-9-9-9-9-9-9-9-9-9-9-9-9-9-9-9-9-9-9-9-9-9    -912700559115293690111123 3 217221125-9-9-9
 878 00 0-9 -9-9-9 -9-9-9-9-9-9-9-9-9-9-9-9-9-9-9-9-9-9-9-9-9-9-9-9-9    -9 8467039410195790111123 3 413021141 6 7 3
 879 00 0-9 -9-9-9 -9-9-9-9-9-9-9-9-9-9-9-9-9-9-9-9-9-9-9-9-9-9-9-9-9    -9 7286446664610190111123 3 263321173-9-9-9
 880 00 0-9 -9-9-9 -9-9-9-9-9-9-9-9-9-9-9-9-9-9-9-9-9-9-9-9-9-9-9-9-9    -9 8467039410195790111123 3 213721143-9-9-9
 881 20 0 1 681111 68-941 4 030-9 1 6 1 6 6 6 6 6 6 6 6 6 6 6 1 6 9-9  1869 7286446664610190111123 2 363921143-9-9-9
 882 00 0-9 -9-9-9 -9-9-9-9-9-9-9-9-9-9-9-9-9-9-9-9-9-9-9-9-9-9-9-9-9    -9 7286446664610190111123 3 263421141 4 7 7
 883 00 0-9 -9-9-9 -9-9-9-9-9-9-9-9-9-9-9-9-9-9-9-9-9-9-9-9-9-9-9-9-9    -912700559115293690111123 39712016133-9-9-9
 884 00 0-9 -9-9-9 -9-9-9-9-9-9-9-9-9-9-9-9-9-9-9-9-9-9-9-9-9-9-9-9-9    -910929669996915300111123 3 565721131 6 7 9
 885 00 0-9 -9-9-9 -9-9-9-9-9-9-9-9-9-9-9-9-9-9-9-9-9-9-9-9-9-9-9-9-9    -9 7286446664610190111123 2 266121122 91520
 886 00 0-9 -9-9-9 -9-9-9-9-9-9-9-9-9-9-9-9-9-9-9-9-9-9-9-9-9-9-9-9-9    -916934078820391590111123 4 212416132 7 718
 887 00 0-9 -9-9-9 -9-9-9-9-9-9-9-9-9-9-9-9-9-9-9-9-9-9-9-9-9-9-9-9-9    -9 8467039410195790111123 2 318321125-9-9-9
 888 00 0-9 -9-9-9 -9-9-9-9-9-9-9-9-9-9-9-9-9-9-9-9-9-9-9-9-9-9-9-9-9    -9 7286446664610190111123 2 267121127-9-9-9
 889 00 0-9 -9-9-9 -9-9-9-9-9-9-9-9-9-9-9-9-9-9-9-9-9-9-9-9-9-9-9-9-9    -9 7286446664610190111123 5 564221162 716 7
 890 00 0-9 -9-9-9 -9-9-9-9-9-9-9-9-9-9-9-9-9-9-9-9-9-9-9-9-9-9-9-9-9    -914572893329220390111123 4 266321127-9-9-9
 891 00 0-9 -9-9-9 -9-9-9-9-9-9-9-9-9-9-9-9-9-9-9-9-9-9-9-9-9-9-9-9-9    -9 7286446664610190111123 2 564311151 4 7 7
 892 00 0-9 -9-9-9 -9-9-9-9-9-9-9-9-9-9-9-9-9-9-9-9-9-9-9-9-9-9-9-9-9    -9 4233519705097899111123 1 118536125-9-9-9
 893 00 0-9 -9-9-9 -9-9-9-9-9-9-9-9-9-9-9-9-9-9-9-9-9-9-9-9-9-9-9-9-9    -9 7286446664610190111123 2 265721127-9-9-9
 894 00 0-9 -9-9-9 -9-9-9-9-9-9-9-9-9-9-9-9-9-9-9-9-9-9-9-9-9-9-9-9-9    -9 4233519705097899111123 1 216146135-9-9-9
 895 00 0-9 -9-9-9 -9-9-9-9-9-9-9-9-9-9-9-9-9-9-9-9-9-9-9-9-9-9-9-9-9    -912700559115293690111123 4 411716144-9-9-9
 896 00 0-9 -9-9-9 -9-9-9-9-9-9-9-9-9-9-9-9-9-9-9-9-9-9-9-9-9-9-9-9-9    -9 7286446664610190111123 4 264521143-9-9-9
 897 00 0-9 -9-9-9 -9-9-9-9-9-9-9-9-9-9-9-9-9-9-9-9-9-9-9-9-9-9-9-9-9    -9 7286446664610190111123 4 763721143-9-9-9
 898 00 0-9 -9-9-9 -9-9-9-9-9-9-9-9-9-9-9-9-9-9-9-9-9-9-9-9-9-9-9-9-9    -9 7286446664610190111123 4 363621161 6 817
 899 00 0-9 -9-9-9 -9-9-9-9-9-9-9-9-9-9-9-9-9-9-9-9-9-9-9-9-9-9-9-9-9    -9 7286446664610190111123 2 366921125-9-9-9
 900 10 0 1 681111 684141 6 130-9 2 6 1 6 6 6 6 6 1 6 6 6 6 6 1 1-9-9  679714572893329220390111123 59761616134-9-9-9
 901 00 0-9 -9-9-9 -9-9-9-9-9-9-9-9-9-9-9-9-9-9-9-9-9-9-9-9-9-9-9-9-9    -9 3643223332305100111123 1 166646137-9-9-9
 902 00 0-9 -9-9-9 -9-9-9-9-9-9-9-9-9-9-9-9-9-9-9-9-9-9-9-9-9-9-9-9-9    -9 8467039410195790111123 2 218021125-9-9-9
 903 00 0-9 -9-9-9 -9-9-9-9-9-9-9-9-9-9-9-9-9-9-9-9-9-9-9-9-9-9-9-9-9    -914572893329220390111123 4 466021147-9-9-9
 904 00 0-9 -9-9-9 -9-9-9-9-9-9-9-9-9-9-9-9-9-9-9-9-9-9-9-9-9-9-9-9-9    -916934078820391590111123 4 415321131 615 3
 905 00 0-9 -9-9-9 -9-9-9-9-9-9-9-9-9-9-9-9-9-9-9-9-9-9-9-9-9-9-9-9-9    -9 7286446664610190111123 4 364321193-9-9-9
 906 20 1 2126-9-9 68414110 110-9 1 6 6 6 6 6 6 6 6 6 1 6 6 6 1 1-9 716439416934078820391590111123 4 612216151 7 6 9
 907 10 0 1 681111 684141 4 1 0-9 2 6 1 6 6 6 6 6 1 6 6 6 6 6 1 1-9-9  694010929669996915300111123 3 561716144-9-9-9
 908 00 0-9 -9-9-9 -9-9-9-9-9-9-9-9-9-9-9-9-9-9-9-9-9-9-9-9-9-9-9-9-9    -9 4233519705097899111123 1 412316141 712 3
 909 00 0-9 -9-9-9 -9-9-9-9-9-9-9-9-9-9-9-9-9-9-9-9-9-9-9-9-9-9-9-9-9    -9 8467039410195790111123 4 213121171 612 3
 910 40 0 1 681111 68-929 1 2 0 4 1 6 1 6 6 6 6 6 1 6 6 6 6 6 1 6-9-9 12536 7286446664610190111123 3 464021381 4 210
 911 00 0-9 -9-9-9 -9-9-9-9-9-9-9-9-9-9-9-9-9-9-9-9-9-9-9-9-9-9-9-9-9    -912700559115293690111123 3 515421141 6 415
 912 00 0-9 -9-9-9 -9-9-9-9-9-9-9-9-9-9-9-9-9-9-9-9-9-9-9-9-9-9-9-9-9    -921167598525489490111123 5 511916154-9-9-9
 913 00 0-9 -9-9-9 -9-9-9-9-9-9-9-9-9-9-9-9-9-9-9-9-9-9-9-9-9-9-9-9-9    -9 8467039410195790111123 2 315521145-9-9-9
 914 00 0-9 -9-9-9 -9-9-9-9-9-9-9-9-9-9-9-9-9-9-9-9-9-9-9-9-9-9-9-9-9    -9 7286446664610190111123 29762616192 7 617
 915 00 0-9 -9-9-9 -9-9-9-9-9-9-9-9-9-9-9-9-9-9-9-9-9-9-9-9-9-9-9-9-9    -9 8467039410195790111123 3 413421161 615 3
 916 00 0-9 -9-9-9 -9-9-9-9-9-9-9-9-9-9-9-9-9-9-9-9-9-9-9-9-9-9-9-9-9    -9 7027954876918400111122 29864021171 6 111
 917 10 0 1 681111 682929 6 2 0-9 2 1 6 6 6 6 6 6 6 6 6 6 6 6 1 1 8-9 15071 8166665269775810111122 3 413621143-9-9-9
 918 00 0-9 -9-9-9 -9-9-9-9-9-9-9-9-9-9-9-9-9-9-9-9-9-9-9-9-9-9-9-9-9    -9 8166665269775810111122 3 513821183-9-9-9
 919 00 0-9 -9-9-9 -9-9-9-9-9-9-9-9-9-9-9-9-9-9-9-9-9-9-9-9-9-9-9-9-9    -9 7027954876918400111122 3 363821173-9-9-9
 920 00 0-9 -9-9-9 -9-9-9-9-9-9-9-9-9-9-9-9-9-9-9-9-9-9-9-9-9-9-9-9-9    -9 7027954876918400111122 5 562821173-9-9-9
 921 00 0-9 -9-9-9 -9-9-9-9-9-9-9-9-9-9-9-9-9-9-9-9-9-9-9-9-9-9-9-9-9    -9 8166665269775810111122 3 214021141 611 5
 922 01 0 1 681111 68-95110 230-9 1 1 6 6 6 6 6 6 6 1 6 6 6 6 1 6-9-9 11056 8166665269775810111122 39813621141 1 7 7
 923 00 0-9 -9-9-9 -9-9-9-9-9-9-9-9-9-9-9-9-9-9-9-9-9-9-9-9-9-9-9-9-9    -9 7027954876918400111122 2 463321172 6 410
 924 00 0-9 -9-9-9 -9-9-9-9-9-9-9-9-9-9-9-9-9-9-9-9-9-9-9-9-9-9-9-9-9    -9 7027954876918400111122 4 263221163-9-9-9
 925 60 0 1 681111 684141 1 050 1 1 1 1 6 6 6 6 6 6 6 6 6 6 6 1 611-9  7973 8166665269775810111122 3 413711141 711 6
 926 00 0-9 -9-9-9 -9-9-9-9-9-9-9-9-9-9-9-9-9-9-9-9-9-9-9-9-9-9-9-9-9    -9 7670621337079680111121 3 363121143-9-9-9
 927 00 0-9 -9-9-9 -9-9-9-9-9-9-9-9-9-9-9-9-9-9-9-9-9-9-9-9-9-9-9-9-9    -9 4456730156084722111121 1 313316191 6 613
 928 20 0 1 681111 684141 7 130-9 1 1 6 6 6 6 6 6 6 6 6 6 6 6 1 611-9  7922 4456730156084722111121 1 313516148-9-9-9
 929 01 0 1 681111 68-951 1 3 0 5 2 1 6 6 6 6 6 6 6 1 6 6 6 6 1 1-9-9 11045 8913460312169440111121 2 712811161 6 710
 930 00 0-9 -9-9-9 -9-9-9-9-9-9-9-9-9-9-9-9-9-9-9-9-9-9-9-9-9-9-9-9-9    -9 3835310668539841111121 2 563016193-9-9-9
 931 00 0-9 -9-9-9 -9-9-9-9-9-9-9-9-9-9-9-9-9-9-9-9-9-9-9-9-9-9-9-9-9    -9 7670621337079680111121 2 362921163-9-9-9
 932 00 0-9 -9-9-9 -9-9-9-9-9-9-9-9-9-9-9-9-9-9-9-9-9-9-9-9-9-9-9-9-9    -9 7670621337079680111121 4 564121173-9-9-9
 933 00 0-9 -9-9-9 -9-9-9-9-9-9-9-9-9-9-9-9-9-9-9-9-9-9-9-9-9-9-9-9-9    -913370190468254160111121 3 516421125-9-9-9
 934 00 0-9 -9-9-9 -9-9-9-9-9-9-9-9-9-9-9-9-9-9-9-9-9-9-9-9-9-9-9-9-9    -9 7670621337079680111121 4 463511193-9-9-9
 935 10 0 2 -1-1-1 681111 2 045-9 1 6 1 6 6 6 6 6 6 6 6 6 6 6 1 6 8-9    -1 4456730156084722111121 1 112716143-9-9-9
 936 00 0-9 -9-9-9 -9-9-9-9-9-9-9-9-9-9-9-9-9-9-9-9-9-9-9-9-9-9-9-9-9    -910929669996915300111123 39764816133-9-9-9
 937 00 0-9 -9-9-9 -9-9-9-9-9-9-9-9-9-9-9-9-9-9-9-9-9-9-9-9-9-9-9-9-9    -918216116661525500111123 5 164211127-9-9-9
 938 00 0-9 -9-9-9 -9-9-9-9-9-9-9-9-9-9-9-9-9-9-9-9-9-9-9-9-9-9-9-9-9    -9 7286446664610190111123 2 266836126-9-9-9
 939 00 0-9 -9-9-9 -9-9-9-9-9-9-9-9-9-9-9-9-9-9-9-9-9-9-9-9-9-9-9-9-9    -9 7286446664610190111123 3 162221243-9-9-9
 940 00 0-9 -9-9-9 -9-9-9-9-9-9-9-9-9-9-9-9-9-9-9-9-9-9-9-9-9-9-9-9-9    -9 7286446664610190111123 29767236125-9-9-9
 941 00 0-9 -9-9-9 -9-9-9-9-9-9-9-9-9-9-9-9-9-9-9-9-9-9-9-9-9-9-9-9-9    -910929669996915300111123 3 165521123-9-9-9
 942 00 0-9 -9-9-9 -9-9-9-9-9-9-9-9-9-9-9-9-9-9-9-9-9-9-9-9-9-9-9-9-9    -918216116661525500111123 5 268536127-9-9-9
 943 00 0-9 -9-9-9 -9-9-9-9-9-9-9-9-9-9-9-9-9-9-9-9-9-9-9-9-9-9-9-9-9    -9 8467039410195790111123 2 217421125-9-9-9
 944 00 0-9 -9-9-9 -9-9-9-9-9-9-9-9-9-9-9-9-9-9-9-9-9-9-9-9-9-9-9-9-9    -9 3643223332305100111123 19867236127-9-9-9
 945 00 0-9 -9-9-9 -9-9-9-9-9-9-9-9-9-9-9-9-9-9-9-9-9-9-9-9-9-9-9-9-9    -9 8467039410195790111123 2 415721131 615 5
 946 00 0-9 -9-9-9 -9-9-9-9-9-9-9-9-9-9-9-9-9-9-9-9-9-9-9-9-9-9-9-9-9    -910929669996915300111123 7 263421133-9-9-9
 947 00 0-9 -9-9-9 -9-9-9-9-9-9-9-9-9-9-9-9-9-9-9-9-9-9-9-9-9-9-9-9-9    -9 3643223332305100111123 3 264046142 7 817
 948 00 0-9 -9-9-9 -9-9-9-9-9-9-9-9-9-9-9-9-9-9-9-9-9-9-9-9-9-9-9-9-9    -912700559115293690111123 4 315521131 6 7 7
 949 01 0 1 681111 68-936 9 120-9 2 6 6 6 6 6 6 6 6 6 1 6 6 6 1 1-9 1 67135 3643223332305100111123 2 364646161 7 614
 950 00 0-9 -9-9-9 -9-9-9-9-9-9-9-9-9-9-9-9-9-9-9-9-9-9-9-9-9-9-9-9-9    -9 3643223332305100111123 1 164746133-9-9-9
 951 00 0-9 -9-9-9 -9-9-9-9-9-9-9-9-9-9-9-9-9-9-9-9-9-9-9-9-9-9-9-9-9    -9 8467039410195790111123 39812911141 616 1
 952 00 0-9 -9-9-9 -9-9-9-9-9-9-9-9-9-9-9-9-9-9-9-9-9-9-9-9-9-9-9-9-9    -9 8467039410195790111123 2 115421133-9-9-9
 953 00 0-9 -9-9-9 -9-9-9-9-9-9-9-9-9-9-9-9-9-9-9-9-9-9-9-9-9-9-9-9-9    -910929669996915300111123 4 464621132 91519
 954 00 0-9 -9-9-9 -9-9-9-9-9-9-9-9-9-9-9-9-9-9-9-9-9-9-9-9-9-9-9-9-9    -914572893329220390111123 4 264821133-9-9-9
 955 00 0-9 -9-9-9 -9-9-9-9-9-9-9-9-9-9-9-9-9-9-9-9-9-9-9-9-9-9-9-9-9    -910929669996915300111123 4 364721137-9-9-9
 956 00 0-9 -9-9-9 -9-9-9-9-9-9-9-9-9-9-9-9-9-9-9-9-9-9-9-9-9-9-9-9-9    -9 8467039410195790111123 3 514521141 111 3
 957 00 0-9 -9-9-9 -9-9-9-9-9-9-9-9-9-9-9-9-9-9-9-9-9-9-9-9-9-9-9-9-9    -9 8467039410195790111123 4 714621171 6 4 6
 958 00 0-9 -9-9-9 -9-9-9-9-9-9-9-9-9-9-9-9-9-9-9-9-9-9-9-9-9-9-9-9-9    -9 8467039410195790111123 3 414321191 6 316
 959 00 0-9 -9-9-9 -9-9-9-9-9-9-9-9-9-9-9-9-9-9-9-9-9-9-9-9-9-9-9-9-9    -912700559115293690111123 39712116173-9-9-9
 960 00 0-9 -9-9-9 -9-9-9-9-9-9-9-9-9-9-9-9-9-9-9-9-9-9-9-9-9-9-9-9-9    -9 7286446664610190111123 39764421147-9-9-9
 961 00 0-9 -9-9-9 -9-9-9-9-9-9-9-9-9-9-9-9-9-9-9-9-9-9-9-9-9-9-9-9-9    -912700559115293690111123 4 214621133-9-9-9
 962 00 0-9 -9-9-9 -9-9-9-9-9-9-9-9-9-9-9-9-9-9-9-9-9-9-9-9-9-9-9-9-9    -9 8467039410195790111123 4 314421171 615 6
 963 33 0 2 68-941 681111 1 120-9 1 6 6 6 6 6 6 6 6 6 6 6 1 6 6 1 9-9  865612700559115293690111123 3 214446141 1 1 8
 964 00 0-9 -9-9-9 -9-9-9-9-9-9-9-9-9-9-9-9-9-9-9-9-9-9-9-9-9-9-9-9-9    -9 7286446664610190111123 3 564511161 61517
 965 10 0 1 681111 68-941 1 1 0 4 1 1 6 6 6 6 6 6 6 6 6 6 6 6 6 6 9-9  9403 3643223332305100111123 2 363216181 6 416
 966 00 0-9 -9-9-9 -9-9-9-9-9-9-9-9-9-9-9-9-9-9-9-9-9-9-9-9-9-9-9-9-9    -911505932005619520111121 3 464421181 6 216
 967 10 0 1 681111 68-941 6 1 0-9 1 6 1 6 6 6 6 6 6 6 6 6 6 6 1 6 8-9  9468 7670621337079680111121 3 463721141 6 7 9
 968 00 0-9 -9-9-9 -9-9-9-9-9-9-9-9-9-9-9-9-9-9-9-9-9-9-9-9-9-9-9-9-9    -9 8913460312169440111121 2 613111182 7 216
 969 01 0 1 681111 68-939 6 2 0-9 2 6 6 6 6 6 6 6 6 6 1 6 6 6 6 1-912 74769 7670621337079680111121 2 563421151 6 6 8
 970 00 0-9 -9-9-9 -9-9-9-9-9-9-9-9-9-9-9-9-9-9-9-9-9-9-9-9-9-9-9-9-9    -9 7670621337079680111121 2 762921191 6 611
 971 00 0-9 -9-9-9 -9-9-9-9-9-9-9-9-9-9-9-9-9-9-9-9-9-9-9-9-9-9-9-9-9    -9 7670621337079680111121 4 564421193-9-9-9
 972 00 0-9 -9-9-9 -9-9-9-9-9-9-9-9-9-9-9-9-9-9-9-9-9-9-9-9-9-9-9-9-9    -9 7670621337079680111121 39864521173-9-9-9
 973 00 0-9 -9-9-9 -9-9-9-9-9-9-9-9-9-9-9-9-9-9-9-9-9-9-9-9-9-9-9-9-9    -9 7670621337079680111121 3 664121181 7 217
 974 00 0-9 -9-9-9 -9-9-9-9-9-9-9-9-9-9-9-9-9-9-9-9-9-9-9-9-9-9-9-9-9    -9 8913460312169440111121 4 614421181 7 513
 975 00 0-9 -9-9-9 -9-9-9-9-9-9-9-9-9-9-9-9-9-9-9-9-9-9-9-9-9-9-9-9-9    -9 8913460312169440111121 3 814921181 6 615
 976 00 0-9 -9-9-9 -9-9-9-9-9-9-9-9-9-9-9-9-9-9-9-9-9-9-9-9-9-9-9-9-9    -9 4456730156084722111121 1 117116125-9-9-9
 977 00 0-9 -9-9-9 -9-9-9-9-9-9-9-9-9-9-9-9-9-9-9-9-9-9-9-9-9-9-9-9-9    -913370190468254160111121 3 412016133-9-9-9
 978 00 0-9 -9-9-9 -9-9-9-9-9-9-9-9-9-9-9-9-9-9-9-9-9-9-9-9-9-9-9-9-9    -9 8913460312169440111121 2 216721122 615 1
 979 00 0-9 -9-9-9 -9-9-9-9-9-9-9-9-9-9-9-9-9-9-9-9-9-9-9-9-9-9-9-9-9    -911505932005619520111121 4 364021132 916 1
 980 11 0 1 681111 68 4 4 8 430-9 2 1 6 6 6 6 6 6 6 6 6 6 6 6 1 1 8-9 3321413370190468254160111121 3 815221192 6 217
 981 00 0-9 -9-9-9 -9-9-9-9-9-9-9-9-9-9-9-9-9-9-9-9-9-9-9-9-9-9-9-9-9    -915341242674159360111121 59761816164-9-9-9
 982 00 0-9 -9-9-9 -9-9-9-9-9-9-9-9-9-9-9-9-9-9-9-9-9-9-9-9-9-9-9-9-9    -9 8913460312169440111121 29712616131 714 2
 983 00 0-9 -9-9-9 -9-9-9-9-9-9-9-9-9-9-9-9-9-9-9-9-9-9-9-9-9-9-9-9-9    -9 8913460312169440111121 29817121125-9-9-9
 984 00 0-9 -9-9-9 -9-9-9-9-9-9-9-9-9-9-9-9-9-9-9-9-9-9-9-9-9-9-9-9-9    -911505932005619520111121 3 165521127-9-9-9
 985 00 0-9 -9-9-9 -9-9-9-9-9-9-9-9-9-9-9-9-9-9-9-9-9-9-9-9-9-9-9-9-9    -9 7670621337079680111121 2 266936127-9-9-9
 986 00 0-9 -9-9-9 -9-9-9-9-9-9-9-9-9-9-9-9-9-9-9-9-9-9-9-9-9-9-9-9-9    -9 7027954876918400111122 2 267321125-9-9-9
 987 00 0-9 -9-9-9 -9-9-9-9-9-9-9-9-9-9-9-9-9-9-9-9-9-9-9-9-9-9-9-9-9    -9 8166665269775810111122 2 218036124-9-9-9
 988 00 0-9 -9-9-9 -9-9-9-9-9-9-9-9-9-9-9-9-9-9-9-9-9-9-9-9-9-9-9-9-9    -916333330539551620111122 4 512616143-9-9-9
 989 00 0-9 -9-9-9 -9-9-9-9-9-9-9-9-9-9-9-9-9-9-9-9-9-9-9-9-9-9-9-9-9    -9 7027954876918400111122 2 262711161 7 719
 990 00 0-9 -9-9-9 -9-9-9-9-9-9-9-9-9-9-9-9-9-9-9-9-9-9-9-9-9-9-9-9-9    -9 8166665269775810111122 2 112821143-9-9-9
 991 00 0-9 -9-9-9 -9-9-9-9-9-9-9-9-9-9-9-9-9-9-9-9-9-9-9-9-9-9-9-9-9    -9 3513977438459205111122 1 267636128-9-9-9
 992 10 0 1 681111 681414 6 3 0-9 2 1 6 6 6 6 6 6 6 6 6 6 6 6 1 111-9 1670612249997904663710111122 3 612516161 6 915
 993 10 0 2 681111 684141 6 1 0-9 1 1 6 6 6 6 6 6 6 6 6 6 6 6 1 611-9  7042 8166665269775810111122 4 314721171 6 7 7
 994 00 0-9 -9-9-9 -9-9-9-9-9-9-9-9-9-9-9-9-9-9-9-9-9-9-9-9-9-9-9-9-9    -9 7027954876918400111122 2 266936126-9-9-9
 995 00 0-9 -9-9-9 -9-9-9-9-9-9-9-9-9-9-9-9-9-9-9-9-9-9-9-9-9-9-9-9-9    -910541932315377610111122 39762616143-9-9-9
 996 10 0 1 681111 684141 4 130-9 1 6 1 6 6 6 6 6 6 6 6 6 6 6 1 6 5-9  9098 7286446664610190111133 29865121191 6 514
 997 00 0-9 -9-9-9 -9-9-9-9-9-9-9-9-9-9-9-9-9-9-9-9-9-9-9-9-9-9-9-9-9    -9 7286446664610190111133 2 362616182 7 216
 998 00 0-9 -9-9-9 -9-9-9-9-9-9-9-9-9-9-9-9-9-9-9-9-9-9-9-9-9-9-9-9-9    -9 8467039410195790111133 2 113341143-9-9-9
 999 00 0-9 -9-9-9 -9-9-9-9-9-9-9-9-9-9-9-9-9-9-9-9-9-9-9-9-9-9-9-9-9    -912700559115293690111133 4 311716144-9-9-9
1000 00 0-9 -9-9-9 -9-9-9-9-9-9-9-9-9-9-9-9-9-9-9-9-9-9-9-9-9-9-9-9-9    -9 3643223332305100111133 2 264016163-9-9-9
1001 00 0-9 -9-9-9 -9-9-9-9-9-9-9-9-9-9-9-9-9-9-9-9-9-9-9-9-9-9-9-9-9    -9 7286446664610190111133 2 468236185-9-9-9
1002 00 0-9 -9-9-9 -9-9-9-9-9-9-9-9-9-9-9-9-9-9-9-9-9-9-9-9-9-9-9-9-9    -910929669996915300111133 4 164021143-9-9-9
1003 00 0-9 -9-9-9 -9-9-9-9-9-9-9-9-9-9-9-9-9-9-9-9-9-9-9-9-9-9-9-9-9    -9 8467039410195790111133 5 414521168-9-9-9
1004 00 0-9 -9-9-9 -9-9-9-9-9-9-9-9-9-9-9-9-9-9-9-9-9-9-9-9-9-9-9-9-9    -9 3643223332305100111133 1 167716127-9-9-9
1005 00 0-9 -9-9-9 -9-9-9-9-9-9-9-9-9-9-9-9-9-9-9-9-9-9-9-9-9-9-9-9-9    -9 3643223332305100111133 3 264616131 4 7 7
1006 00 0-9 -9-9-9 -9-9-9-9-9-9-9-9-9-9-9-9-9-9-9-9-9-9-9-9-9-9-9-9-9    -916934078820391590111133 49714216141 112 3
1007 00 0-9 -9-9-9 -9-9-9-9-9-9-9-9-9-9-9-9-9-9-9-9-9-9-9-9-9-9-9-9-9    -9 8467039410195790111133 4 114721143-9-9-9
1008 00 0-9 -9-9-9 -9-9-9-9-9-9-9-9-9-9-9-9-9-9-9-9-9-9-9-9-9-9-9-9-9    -914572893329220390111133 4 665121147-9-9-9
1009 00 0-9 -9-9-9 -9-9-9-9-9-9-9-9-9-9-9-9-9-9-9-9-9-9-9-9-9-9-9-9-9    -9 4233519705097899111133 1 117546185-9-9-9
1010 01 0 1 681111 68-938 8 2 0-9 2 6 6 6 6 6 6 6 6 6 1 6 6 6 1 1-912    -110929669996915300111133 39865321131 6 7 9
1011 00 0-9 -9-9-9 -9-9-9-9-9-9-9-9-9-9-9-9-9-9-9-9-9-9-9-9-9-9-9-9-9    -9 3643223332305100111133 1 167836117-9-9-9
1012 00 0-9 -9-9-9 -9-9-9-9-9-9-9-9-9-9-9-9-9-9-9-9-9-9-9-9-9-9-9-9-9    -912700559115293690111133 4 611716154-9-9-9
1013 00 0-9 -9-9-9 -9-9-9-9-9-9-9-9-9-9-9-9-9-9-9-9-9-9-9-9-9-9-9-9-9    -912700559115293690111133 49712016264-9-9-9
1014 00 0-9 -9-9-9 -9-9-9-9-9-9-9-9-9-9-9-9-9-9-9-9-9-9-9-9-9-9-9-9-9    -9 3643223332305100111133 1 268036137-9-9-9
1015 00 0-9 -9-9-9 -9-9-9-9-9-9-9-9-9-9-9-9-9-9-9-9-9-9-9-9-9-9-9-9-9    -916934078820391590111133 4 114921141 1 1 7
1016 00 0-9 -9-9-9 -9-9-9-9-9-9-9-9-9-9-9-9-9-9-9-9-9-9-9-9-9-9-9-9-9    -9 8913460312169440111131 2 116221123-9-9-9
1017 00 0-9 -9-9-9 -9-9-9-9-9-9-9-9-9-9-9-9-9-9-9-9-9-9-9-9-9-9-9-9-9    -9 7670621337079680111131 39864021168-9-9-9
1018 10 0 1 681111 68-941 7 120-9 1 6 1 6 6 6 6 6 6 6 6 6 6 6 1 6 7-9 10527 8913460312169440111131 2 213811253-9-9-9
1019 00 0-9 -9-9-9 -9-9-9-9-9-9-9-9-9-9-9-9-9-9-9-9-9-9-9-9-9-9-9-9-9    -9 7670621337079680111131 4 564021177-9-9-9
1020 10 0 1 681111 681818 7 3 0-9 1 6 1 6 6 6 6 6 6 6 6 6 6 6 1 6 4-9 24505 7670621337079680111131 29865121157-9-9-9
1021 10 0 1 681111 68-923 4 320-9 2 1 6 6 6 6 6 6 6 6 6 6 6 6 1 1 7-9 29458 8913460312169440111131 4 814021191 6 415
1022 00 0-9 -9-9-9 -9-9-9-9-9-9-9-9-9-9-9-9-9-9-9-9-9-9-9-9-9-9-9-9-9    -9 8913460312169440111131 29815921151 2 1 6
1023 00 0-9 -9-9-9 -9-9-9-9-9-9-9-9-9-9-9-9-9-9-9-9-9-9-9-9-9-9-9-9-9    -913370190468254160111131 3 613516193-9-9-9
1024 00 0-9 -9-9-9 -9-9-9-9-9-9-9-9-9-9-9-9-9-9-9-9-9-9-9-9-9-9-9-9-9    -9 8913460312169440111131 3 615621181 6 915
1025 10 0 1 681111 68-941 5 115-9 1 6 1 6 6 6 6 6 6 6 6 6 6 6 1 6 2-9 1047115341242674159360111131 49765321167-9-9-9
1026 00 0-9 -9-9-9 -9-9-9-9-9-9-9-9-9-9-9-9-9-9-9-9-9-9-9-9-9-9-9-9-9    -9 3643223332305100111133 2 264826167-9-9-9
1027 00 0-9 -9-9-9 -9-9-9-9-9-9-9-9-9-9-9-9-9-9-9-9-9-9-9-9-9-9-9-9-9    -9 3643223332305100111133 19765116153-9-9-9
1028 00 0-9 -9-9-9 -9-9-9-9-9-9-9-9-9-9-9-9-9-9-9-9-9-9-9-9-9-9-9-9-9    -9 8467039410195790111133 49713821141 6 7 7
1029 00 0-9 -9-9-9 -9-9-9-9-9-9-9-9-9-9-9-9-9-9-9-9-9-9-9-9-9-9-9-9-9    -9 3643223332305100111133 2 164136137-9-9-9
1030 01 0 1 681111 68-9 6 6 3 0-9 2 6 1 6 6 6 6 6 6 6 6 6 6 6 1 1 8-9 23481 7286446664610190111133 49863921183-9-9-9
1031 10 0 1 681111 684141 1 1 0 3 1 1 6 6 6 6 6 6 6 6 6 6 6 6 6 6 8-9  6881 8467039410195790111133 4 814021191 1 119
1032 01 0 1 681111 68-947 6 7 0-9 2 6 1 6 6 6 6 6 6 6 6 6 6 6 1 1 8-9 57217 7286446664610190111133 2 764621191 6 216
1033 00 0-9 -9-9-9 -9-9-9-9-9-9-9-9-9-9-9-9-9-9-9-9-9-9-9-9-9-9-9-9-9    -9 7286446664610190111133 29868836126-9-9-9
1034 00 0-9 -9-9-9 -9-9-9-9-9-9-9-9-9-9-9-9-9-9-9-9-9-9-9-9-9-9-9-9-9    -9 7286446664610190111133 3 563721281 6 614
1035 00 0-9 -9-9-9 -9-9-9-9-9-9-9-9-9-9-9-9-9-9-9-9-9-9-9-9-9-9-9-9-9    -9 8467039410195790111133 4 513221141 6 4 9
1036 00 0-9 -9-9-9 -9-9-9-9-9-9-9-9-9-9-9-9-9-9-9-9-9-9-9-9-9-9-9-9-9    -9 7286446664610190111133 3 864721141 4 413
1037 10 0 2 681111 68-941 1 120 5 1 6 6 6 6 6 6 6 1 6 6 6 6 6 6 1-9 1 10379 8467039410195790111133 2 415721131 6 111
1038 20 0 2 -1-1-1 68-941 4 130-9 1 6 6 6 6 6 6 6 1 6 6 6 6 6 6 6-9 1    -110929669996915300111133 3 265436147-9-9-9
1039 00 0-9 -9-9-9 -9-9-9-9-9-9-9-9-9-9-9-9-9-9-9-9-9-9-9-9-9-9-9-9-9    -9 8467039410195790111133 3 315021171 61518
1040 00 0-9 -9-9-9 -9-9-9-9-9-9-9-9-9-9-9-9-9-9-9-9-9-9-9-9-9-9-9-9-9    -9 8467039410195790111133 3 314921161 1 1 7
1041 00 0-9 -9-9-9 -9-9-9-9-9-9-9-9-9-9-9-9-9-9-9-9-9-9-9-9-9-9-9-9-9    -9 8467039410195790111133 29813311151 6 915
1042 10 0 2 681111 68-941 1 130 5 1 1 6 6 6 6 6 6 6 6 6 6 6 6 1 1 9-9 1074016934078820391590111133 4 315021141 114 8
1043 10 0 1 681111 68-929 4 3 0-9 1 1 6 6 6 6 6 6 6 6 6 6 6 6 1 6 8-9 13406 7286446664610190111133 5 363621191 1 216
1044 00 1 1 681111 69-9-9 610 0-9 2 6 6 6 6 6 6 6 6 6 1 6 6 6 1 1-91282673410929669996915300111133 39864816171 6 5 7
1045 00 0-9 -9-9-9 -9-9-9-9-9-9-9-9-9-9-9-9-9-9-9-9-9-9-9-9-9-9-9-9-9    -9 7286446664610190111133 4 763421181 1 115
1046 00 0-9 -9-9-9 -9-9-9-9-9-9-9-9-9-9-9-9-9-9-9-9-9-9-9-9-9-9-9-9-9    -919176553342699200111131 5 565121147-9-9-9
1047 00 0-9 -9-9-9 -9-9-9-9-9-9-9-9-9-9-9-9-9-9-9-9-9-9-9-9-9-9-9-9-9    -911505932005619520111131 3 361616134-9-9-9
1048 00 0-9 -9-9-9 -9-9-9-9-9-9-9-9-9-9-9-9-9-9-9-9-9-9-9-9-9-9-9-9-9    -915341242674159360111131 7 361916133-9-9-9
1049 00 0-9 -9-9-9 -9-9-9-9-9-9-9-9-9-9-9-9-9-9-9-9-9-9-9-9-9-9-9-9-9    -913370190468254160111131 3 214116133-9-9-9
1050 00 0-9 -9-9-9 -9-9-9-9-9-9-9-9-9-9-9-9-9-9-9-9-9-9-9-9-9-9-9-9-9    -9 7670621337079680111131 4 363221151 6 7 7
1051 00 0-9 -9-9-9 -9-9-9-9-9-9-9-9-9-9-9-9-9-9-9-9-9-9-9-9-9-9-9-9-9    -9 7670621337079680111131 4 364121177-9-9-9
1052 00 0-9 -9-9-9 -9-9-9-9-9-9-9-9-9-9-9-9-9-9-9-9-9-9-9-9-9-9-9-9-9    -9 8913460312169440111131 4 314521148-9-9-9
1053 00 0-9 -9-9-9 -9-9-9-9-9-9-9-9-9-9-9-9-9-9-9-9-9-9-9-9-9-9-9-9-9    -9 8913460312169440111131 5 314421171 61417
1054 00 0-9 -9-9-9 -9-9-9-9-9-9-9-9-9-9-9-9-9-9-9-9-9-9-9-9-9-9-9-9-9    -9 7670621337079680111131 2 268836147-9-9-9
1055 00 0-9 -9-9-9 -9-9-9-9-9-9-9-9-9-9-9-9-9-9-9-9-9-9-9-9-9-9-9-9-9    -915341242674159360111131 5 164526123-9-9-9
1056 00 0-9 -9-9-9 -9-9-9-9-9-9-9-9-9-9-9-9-9-9-9-9-9-9-9-9-9-9-9-9-9    -9 8166665269775810111132 29714946151 1 1 9
1057 01 0 1 681111 68-947 4 630-9 2 6 1 6 6 6 6 6 6 6 6 6 6 6 1 1 4-9 57429 8166665269775810111132 39711616144-9-9-9
1058 31 0 1 681111 68-941 6 115-9 2 6 6 6 6 6 6 6 1 6 6 6 6 6 6 1-9 1 10687 8166665269775810111132 2 516831195-9-9-9
1059 00 0-9 -9-9-9 -9-9-9-9-9-9-9-9-9-9-9-9-9-9-9-9-9-9-9-9-9-9-9-9-9    -9 3513977438459205111132 1 267736138-9-9-9
1060 00 0-9 -9-9-9 -9-9-9-9-9-9-9-9-9-9-9-9-9-9-9-9-9-9-9-9-9-9-9-9-9    -9 7027954876918400111132 4 564121187-9-9-9
1061 00 0-9 -9-9-9 -9-9-9-9-9-9-9-9-9-9-9-9-9-9-9-9-9-9-9-9-9-9-9-9-9    -9 3513977438459205111132 3 864816183-9-9-9
1062 00 0-9 -9-9-9 -9-9-9-9-9-9-9-9-9-9-9-9-9-9-9-9-9-9-9-9-9-9-9-9-9    -9 3513977438459205111132 1 268136138-9-9-9
1063 01 0 1 681111 68-940 4 7 0-9 2 6 1 6 6 6 6 6 1 6 6 6 6 6 1 1-9-9 54378 8166665269775810111132 4 713921161 6 915
1064 00 0-9 -9-9-9 -9-9-9-9-9-9-9-9-9-9-9-9-9-9-9-9-9-9-9-9-9-9-9-9-9    -9 8166665269775810111132 29816441155-9-9-9
1065 00 0-9 -9-9-9 -9-9-9-9-9-9-9-9-9-9-9-9-9-9-9-9-9-9-9-9-9-9-9-9-9    -9 4083332634887907111132 1 214946193-9-9-9
1066 00 0-9 -9-9-9 -9-9-9-9-9-9-9-9-9-9-9-9-9-9-9-9-9-9-9-9-9-9-9-9-9    -9 8467039410195790111143 2 317221125-9-9-9
1067 00 0-9 -9-9-9 -9-9-9-9-9-9-9-9-9-9-9-9-9-9-9-9-9-9-9-9-9-9-9-9-9    -9 4233519705097899111143 1 415716141 615 3
1068 10 0 1 681111 68-918 8 430-9 2 6 1 6 6 6 6 6 6 6 6 6 6 6 1 1 2-9 22563 7286446664610190111143 3 563921171 6 217
1069 00 0-9 -9-9-9 -9-9-9-9-9-9-9-9-9-9-9-9-9-9-9-9-9-9-9-9-9-9-9-9-9    -912700559115293690111143 4 214121163-9-9-9
1070 00 0-9 -9-9-9 -9-9-9-9-9-9-9-9-9-9-9-9-9-9-9-9-9-9-9-9-9-9-9-9-9    -9 8467039410195790111143 4 214321173-9-9-9
1071 00 0-9 -9-9-9 -9-9-9-9-9-9-9-9-9-9-9-9-9-9-9-9-9-9-9-9-9-9-9-9-9    -912700559115293690111143 4 718636135-9-9-9
1072 00 0-9 -9-9-9 -9-9-9-9-9-9-9-9-9-9-9-9-9-9-9-9-9-9-9-9-9-9-9-9-9    -914572893329220390111143 4 365521143-9-9-9
1073 01 0 1 681111 68-930 1 5 0 5 2 1 6 6 6 6 6 6 6 6 6 6 6 6 1 1 8-9 44860 8467039410195790111143 2 514111151 6 416
1074 00 0-9 -9-9-9 -9-9-9-9-9-9-9-9-9-9-9-9-9-9-9-9-9-9-9-9-9-9-9-9-9    -910929669996915300111143 3 264921161 7 817
1075 00 0-9 -9-9-9 -9-9-9-9-9-9-9-9-9-9-9-9-9-9-9-9-9-9-9-9-9-9-9-9-9    -921859339993830600111143 79762511141 1 1 7
1076 00 0-9 -9-9-9 -9-9-9-9-9-9-9-9-9-9-9-9-9-9-9-9-9-9-9-9-9-9-9-9-9    -912700559115293690111143 3 316721125-9-9-9
1077 00 0-9 -9-9-9 -9-9-9-9-9-9-9-9-9-9-9-9-9-9-9-9-9-9-9-9-9-9-9-9-9    -914572893329220390111143 5 864311137-9-9-9
1078 00 0-9 -9-9-9 -9-9-9-9-9-9-9-9-9-9-9-9-9-9-9-9-9-9-9-9-9-9-9-9-9    -916934078820391590111143 4 514421168-9-9-9
1079 00 0-9 -9-9-9 -9-9-9-9-9-9-9-9-9-9-9-9-9-9-9-9-9-9-9-9-9-9-9-9-9    -9 7286446664610190111143 2 565816151 6 5 3
1080 00 0-9 -9-9-9 -9-9-9-9-9-9-9-9-9-9-9-9-9-9-9-9-9-9-9-9-9-9-9-9-9    -914572893329220390111143 4 266121161 1 719
1081 00 0-9 -9-9-9 -9-9-9-9-9-9-9-9-9-9-9-9-9-9-9-9-9-9-9-9-9-9-9-9-9    -9 7286446664610190111143 3 363721173-9-9-9
1082 00 0-9 -9-9-9 -9-9-9-9-9-9-9-9-9-9-9-9-9-9-9-9-9-9-9-9-9-9-9-9-9    -9 7286446664610190111143 4 864721181 6 316
1083 00 0-9 -9-9-9 -9-9-9-9-9-9-9-9-9-9-9-9-9-9-9-9-9-9-9-9-9-9-9-9-9    -9 8467039410195790111143 2 218321125-9-9-9
1084 10 0 1 681111 682929 8 2 0-9 2 1 6 6 6 6 6 6 6 6 6 6 6 6 1 1 8-9 1595812700559115293690111143 4 515221161 6 4 3
1085 00 0-9 -9-9-9 -9-9-9-9-9-9-9-9-9-9-9-9-9-9-9-9-9-9-9-9-9-9-9-9-9    -9 8467039410195790111143 2 217221125-9-9-9
1086 00 0-9 -9-9-9 -9-9-9-9-9-9-9-9-9-9-9-9-9-9-9-9-9-9-9-9-9-9-9-9-9    -9 3643223332305100111143 1 265146141 71514
1087 01 0 2 681111 68-928 6 7 0-9 2 6 6 6 6 6 1 6 6 6 6 6 6 6 1 1-912 4933216934078820391590111143 4 712416171 615 8
1088 00 0-9 -9-9-9 -9-9-9-9-9-9-9-9-9-9-9-9-9-9-9-9-9-9-9-9-9-9-9-9-9    -914572893329220390111143 5 461816144-9-9-9
1089 00 0-9 -9-9-9 -9-9-9-9-9-9-9-9-9-9-9-9-9-9-9-9-9-9-9-9-9-9-9-9-9    -9 8467039410195790111143 4 214521141 711 6
1090 00 0-9 -9-9-9 -9-9-9-9-9-9-9-9-9-9-9-9-9-9-9-9-9-9-9-9-9-9-9-9-9    -910929669996915300111143 3 266821127-9-9-9
1091 01 0 1 681111 68-9 3 6 8 0-9 2 6 1 6 6 6 6 6 6 6 6 6 6 6 1 1 1-9 5511014572893329220390111143 49765521127-9-9-9
1092 00 0-9 -9-9-9 -9-9-9-9-9-9-9-9-9-9-9-9-9-9-9-9-9-9-9-9-9-9-9-9-9    -914572893329220390111143 59763516143-9-9-9
1093 10 0 1 681111 68-941 1 130 5 1 1 6 6 6 6 6 6 6 6 6 6 6 6 1 6 8-9 10798 7286446664610190111143 49763841141 1 112
1094 00 0-9 -9-9-9 -9-9-9-9-9-9-9-9-9-9-9-9-9-9-9-9-9-9-9-9-9-9-9-9-9    -910929669996915300111143 39767021127-9-9-9
1095 00 0-9 -9-9-9 -9-9-9-9-9-9-9-9-9-9-9-9-9-9-9-9-9-9-9-9-9-9-9-9-9    -912700559115293690111143 39711916131 7 7 9
1096 00 0-9 -9-9-9 -9-9-9-9-9-9-9-9-9-9-9-9-9-9-9-9-9-9-9-9-9-9-9-9-9    -9 3643223332305100111133 1 266936137-9-9-9
1097 00 0-9 -9-9-9 -9-9-9-9-9-9-9-9-9-9-9-9-9-9-9-9-9-9-9-9-9-9-9-9-9    -9 7286446664610190111133 2 362911162 7 7 7
1098 00 0-9 -9-9-9 -9-9-9-9-9-9-9-9-9-9-9-9-9-9-9-9-9-9-9-9-9-9-9-9-9    -9 3643223332305100111133 1 266146146-9-9-9
1099 00 0-9 -9-9-9 -9-9-9-9-9-9-9-9-9-9-9-9-9-9-9-9-9-9-9-9-9-9-9-9-9    -9 8467039410195790111133 2 515716172 612 3
1100 00 0-9 -9-9-9 -9-9-9-9-9-9-9-9-9-9-9-9-9-9-9-9-9-9-9-9-9-9-9-9-9    -914572893329220390111133 6 162111133-9-9-9
1101 00 0-9 -9-9-9 -9-9-9-9-9-9-9-9-9-9-9-9-9-9-9-9-9-9-9-9-9-9-9-9-9    -912700559115293690111133 3 313016142 7 7 9
1102 10 0 1 681111 684141 6 130-9 2 1 1 6 6 6 6 6 6 6 6 6 6 6 1 6 8-9 10384 3643223332305100111133 2 564646181 6 216
1103 00 0-9 -9-9-9 -9-9-9-9-9-9-9-9-9-9-9-9-9-9-9-9-9-9-9-9-9-9-9-9-9    -9 8467039410195790111133 4 214421171 6 7 7
1104 11 0 1 681111 68-941 2 1 0 5 1 6 1 6 6 6 6 6 6 6 6 6 6 6 1 1 8-9 1161510929669996915300111133 3 461816154-9-9-9
1105 00 0-9 -9-9-9 -9-9-9-9-9-9-9-9-9-9-9-9-9-9-9-9-9-9-9-9-9-9-9-9-9    -9 3643223332305100111133 1 267736127-9-9-9
1106 00 0-9 -9-9-9 -9-9-9-9-9-9-9-9-9-9-9-9-9-9-9-9-9-9-9-9-9-9-9-9-9    -9 7286446664610190111133 4 363921152 615 9
1107 00 0-9 -9-9-9 -9-9-9-9-9-9-9-9-9-9-9-9-9-9-9-9-9-9-9-9-9-9-9-9-9    -9 7286446664610190111133 2 468021127-9-9-9
1108 00 0-9 -9-9-9 -9-9-9-9-9-9-9-9-9-9-9-9-9-9-9-9-9-9-9-9-9-9-9-9-9    -9 7286446664610190111133 2 262721183-9-9-9
1109 00 0-9 -9-9-9 -9-9-9-9-9-9-9-9-9-9-9-9-9-9-9-9-9-9-9-9-9-9-9-9-9    -921167598525489490111133 6 712316154-9-9-9
1110 00 0-9 -9-9-9 -9-9-9-9-9-9-9-9-9-9-9-9-9-9-9-9-9-9-9-9-9-9-9-9-9    -912700559115293690111133 3 512016154-9-9-9
1111 00 0-9 -9-9-9 -9-9-9-9-9-9-9-9-9-9-9-9-9-9-9-9-9-9-9-9-9-9-9-9-9    -9 3643223332305100111133 1 266436137-9-9-9
1112 00 0-9 -9-9-9 -9-9-9-9-9-9-9-9-9-9-9-9-9-9-9-9-9-9-9-9-9-9-9-9-9    -921167598525489490111133 5 316221145-9-9-9
1113 00 0-9 -9-9-9 -9-9-9-9-9-9-9-9-9-9-9-9-9-9-9-9-9-9-9-9-9-9-9-9-9    -918216116661525500111133 5 661616144-9-9-9
1114 00 0-9 -9-9-9 -9-9-9-9-9-9-9-9-9-9-9-9-9-9-9-9-9-9-9-9-9-9-9-9-9    -9 8467039410195790111133 2 218321145-9-9-9
1115 00 0-9 -9-9-9 -9-9-9-9-9-9-9-9-9-9-9-9-9-9-9-9-9-9-9-9-9-9-9-9-9    -9 7286446664610190111133 2 566221137-9-9-9
1116 00 0-9 -9-9-9 -9-9-9-9-9-9-9-9-9-9-9-9-9-9-9-9-9-9-9-9-9-9-9-9-9    -9 8467039410195790111133 2 317521145-9-9-9
1117 00 0-9 -9-9-9 -9-9-9-9-9-9-9-9-9-9-9-9-9-9-9-9-9-9-9-9-9-9-9-9-9    -912700559115293690111133 5 514521191 6 515
1118 00 0-9 -9-9-9 -9-9-9-9-9-9-9-9-9-9-9-9-9-9-9-9-9-9-9-9-9-9-9-9-9    -9 8467039410195790111133 2 713811141 61415
1119 00 0-9 -9-9-9 -9-9-9-9-9-9-9-9-9-9-9-9-9-9-9-9-9-9-9-9-9-9-9-9-9    -9 7286446664610190111133 3 463021143-9-9-9
1120 00 0-9 -9-9-9 -9-9-9-9-9-9-9-9-9-9-9-9-9-9-9-9-9-9-9-9-9-9-9-9-9    -9 3643223332305100111133 1 266836137-9-9-9
1121 00 0-9 -9-9-9 -9-9-9-9-9-9-9-9-9-9-9-9-9-9-9-9-9-9-9-9-9-9-9-9-9    -9 4233519705097899111133 1 217536145-9-9-9
1122 00 0-9 -9-9-9 -9-9-9-9-9-9-9-9-9-9-9-9-9-9-9-9-9-9-9-9-9-9-9-9-9    -925401118230587390111133 6 117521145-9-9-9
1123 00 0-9 -9-9-9 -9-9-9-9-9-9-9-9-9-9-9-9-9-9-9-9-9-9-9-9-9-9-9-9-9    -9 8467039410195790111133 2 316721165-9-9-9
1124 00 0-9 -9-9-9 -9-9-9-9-9-9-9-9-9-9-9-9-9-9-9-9-9-9-9-9-9-9-9-9-9    -9 3643223332305100111133 1 165516147-9-9-9
1125 00 0-9 -9-9-9 -9-9-9-9-9-9-9-9-9-9-9-9-9-9-9-9-9-9-9-9-9-9-9-9-9    -9 8467039410195790111133 2 216736175-9-9-9
1126 10 0 1 681111 68-941 2 130 3 2 6 6 6 6 6 6 6 1 6 6 6 6 6 1 1-9 3 1164810929669996915300111133 4 562016154-9-9-9
1127 00 0-9 -9-9-9 -9-9-9-9-9-9-9-9-9-9-9-9-9-9-9-9-9-9-9-9-9-9-9-9-9    -910929669996915300111133 3 267121137-9-9-9
1128 00 0-9 -9-9-9 -9-9-9-9-9-9-9-9-9-9-9-9-9-9-9-9-9-9-9-9-9-9-9-9-9    -9 3643223332305100111133 1 169016137-9-9-9
1129 00 0-9 -9-9-9 -9-9-9-9-9-9-9-9-9-9-9-9-9-9-9-9-9-9-9-9-9-9-9-9-9    -9 3643223332305100111133 1 267936137-9-9-9
1130 00 0-9 -9-9-9 -9-9-9-9-9-9-9-9-9-9-9-9-9-9-9-9-9-9-9-9-9-9-9-9-9    -9 8467039410195790111133 2 311816134-9-9-9
1131 00 0-9 -9-9-9 -9-9-9-9-9-9-9-9-9-9-9-9-9-9-9-9-9-9-9-9-9-9-9-9-9    -912700559115293690111133 3 515221181 6 215
1132 00 0-9 -9-9-9 -9-9-9-9-9-9-9-9-9-9-9-9-9-9-9-9-9-9-9-9-9-9-9-9-9    -9 7286446664610190111133 2 466721132 5 7 7
1133 00 0-9 -9-9-9 -9-9-9-9-9-9-9-9-9-9-9-9-9-9-9-9-9-9-9-9-9-9-9-9-9    -9 8467039410195790111133 4 414621161 712 3
1134 00 0-9 -9-9-9 -9-9-9-9-9-9-9-9-9-9-9-9-9-9-9-9-9-9-9-9-9-9-9-9-9    -914572893329220390111133 4 861716144-9-9-9
1135 00 0-9 -9-9-9 -9-9-9-9-9-9-9-9-9-9-9-9-9-9-9-9-9-9-9-9-9-9-9-9-9    -9 7286446664610190111133 3 462821243-9-9-9
1136 00 0-9 -9-9-9 -9-9-9-9-9-9-9-9-9-9-9-9-9-9-9-9-9-9-9-9-9-9-9-9-9    -9 7286446664610190111133 3 262621163-9-9-9
1137 00 0-9 -9-9-9 -9-9-9-9-9-9-9-9-9-9-9-9-9-9-9-9-9-9-9-9-9-9-9-9-9    -910929669996915300111133 3 162416154-9-9-9
1138 00 0-9 -9-9-9 -9-9-9-9-9-9-9-9-9-9-9-9-9-9-9-9-9-9-9-9-9-9-9-9-9    -910929669996915300111133 4 261916134-9-9-9
1139 00 0-9 -9-9-9 -9-9-9-9-9-9-9-9-9-9-9-9-9-9-9-9-9-9-9-9-9-9-9-9-9    -912700559115293690111133 4 111716134-9-9-9
1140 01 1 1 681111187-9-9 6 9 0-9 2 1 6 6 6 6 6 6 6 6 6 6 6 6 1 1 1-9 40556 8467039410195790111133 2 617021291 2 116
1141 00 0-9 -9-9-9 -9-9-9-9-9-9-9-9-9-9-9-9-9-9-9-9-9-9-9-9-9-9-9-9-9    -9 8467039410195790111133 2 415146136-9-9-9
1142 00 0-9 -9-9-9 -9-9-9-9-9-9-9-9-9-9-9-9-9-9-9-9-9-9-9-9-9-9-9-9-9    -914572893329220390111133 4 362316154-9-9-9
1143 00 0-9 -9-9-9 -9-9-9-9-9-9-9-9-9-9-9-9-9-9-9-9-9-9-9-9-9-9-9-9-9    -910929669996915300111133 3 561916144-9-9-9
1144 00 1 1 681111 83-9-9 1 8 0 5 2 6 6 6 6 6 6 6 6 6 1 6 6 6 1 1-91225679912700559115293690111133 3 414621151 61715
1145 00 0-9 -9-9-9 -9-9-9-9-9-9-9-9-9-9-9-9-9-9-9-9-9-9-9-9-9-9-9-9-9    -921167598525489490111133 5 612116154-9-9-9
1146 00 0-9 -9-9-9 -9-9-9-9-9-9-9-9-9-9-9-9-9-9-9-9-9-9-9-9-9-9-9-9-9    -9 8467039410195790111133 2 212716133-9-9-9
1147 00 0-9 -9-9-9 -9-9-9-9-9-9-9-9-9-9-9-9-9-9-9-9-9-9-9-9-9-9-9-9-9    -9 3643223332305100111133 2 164246143-9-9-9
1148 00 0-9 -9-9-9 -9-9-9-9-9-9-9-9-9-9-9-9-9-9-9-9-9-9-9-9-9-9-9-9-9    -9 8467039410195790111133 5 313721143-9-9-9
1149 00 0-9 -9-9-9 -9-9-9-9-9-9-9-9-9-9-9-9-9-9-9-9-9-9-9-9-9-9-9-9-9    -910929669996915300111133 3 462316172 7 217
1150 00 0-9 -9-9-9 -9-9-9-9-9-9-9-9-9-9-9-9-9-9-9-9-9-9-9-9-9-9-9-9-9    -9 8467039410195790111133 4 414221161 81518
1151 00 0-9 -9-9-9 -9-9-9-9-9-9-9-9-9-9-9-9-9-9-9-9-9-9-9-9-9-9-9-9-9    -914572893329220390111133 5 561716144-9-9-9
1152 10 0 1 681111 684141 1 2 0 1 1 6 6 6 6 6 6 6 1 6 6 6 6 6 6 6-9 7 1046212700559115293690111133 4 513921161 61215
1153 00 0-9 -9-9-9 -9-9-9-9-9-9-9-9-9-9-9-9-9-9-9-9-9-9-9-9-9-9-9-9-9    -9 7286446664610190111133 3 763511181 6 217
1154 00 0-9 -9-9-9 -9-9-9-9-9-9-9-9-9-9-9-9-9-9-9-9-9-9-9-9-9-9-9-9-9    -9 4233519705097899111133 1 218236135-9-9-9
1155 00 0-9 -9-9-9 -9-9-9-9-9-9-9-9-9-9-9-9-9-9-9-9-9-9-9-9-9-9-9-9-9    -914572893329220390111133 4 162216173-9-9-9
1156 10 0 1 681111 684141 4 2 0-9 1 6 1 6 6 6 6 6 6 6 6 6 6 6 1 1 8-9 1061616934078820391590111133 4 411616144-9-9-9
1157 00 0-9 -9-9-9 -9-9-9-9-9-9-9-9-9-9-9-9-9-9-9-9-9-9-9-9-9-9-9-9-9    -9 8467039410195790111133 2 517221195-9-9-9
1158 00 0-9 -9-9-9 -9-9-9-9-9-9-9-9-9-9-9-9-9-9-9-9-9-9-9-9-9-9-9-9-9    -910929669996915300111133 39765621127-9-9-9
1159 00 0-9 -9-9-9 -9-9-9-9-9-9-9-9-9-9-9-9-9-9-9-9-9-9-9-9-9-9-9-9-9    -912700559115293690111133 3 815821161 1 119
1160 00 0-9 -9-9-9 -9-9-9-9-9-9-9-9-9-9-9-9-9-9-9-9-9-9-9-9-9-9-9-9-9    -910929669996915300111133 3 466121147-9-9-9
1161 00 0-9 -9-9-9 -9-9-9-9-9-9-9-9-9-9-9-9-9-9-9-9-9-9-9-9-9-9-9-9-9    -9 4233519705097899111133 1 416116135-9-9-9
1162 00 0-9 -9-9-9 -9-9-9-9-9-9-9-9-9-9-9-9-9-9-9-9-9-9-9-9-9-9-9-9-9    -912700559115293690111133 4 516321155-9-9-9
1163 00 0-9 -9-9-9 -9-9-9-9-9-9-9-9-9-9-9-9-9-9-9-9-9-9-9-9-9-9-9-9-9    -9 8467039410195790111133 2 315821131 6 615
1164 00 0-9 -9-9-9 -9-9-9-9-9-9-9-9-9-9-9-9-9-9-9-9-9-9-9-9-9-9-9-9-9    -9 7286446664610190111133 2 168636116-9-9-9
1165 00 0-9 -9-9-9 -9-9-9-9-9-9-9-9-9-9-9-9-9-9-9-9-9-9-9-9-9-9-9-9-9    -912700559115293690111133 3 812716141 6 914
1166 01 0 1 681111 68-9 6 4 3 0-9 2 1 6 6 6 6 6 6 6 6 6 6 6 6 1 1 1-9 24999 7286446664610190111133 3 363521183-9-9-9
1167 00 0-9 -9-9-9 -9-9-9-9-9-9-9-9-9-9-9-9-9-9-9-9-9-9-9-9-9-9-9-9-9    -910929669996915300111133 3 565136143-9-9-9
1168 00 0-9 -9-9-9 -9-9-9-9-9-9-9-9-9-9-9-9-9-9-9-9-9-9-9-9-9-9-9-9-9    -9 7286446664610190111133 49863621182 6 817
1169 00 0-9 -9-9-9 -9-9-9-9-9-9-9-9-9-9-9-9-9-9-9-9-9-9-9-9-9-9-9-9-9    -910929669996915300111133 3 366421147-9-9-9
1170 00 0-9 -9-9-9 -9-9-9-9-9-9-9-9-9-9-9-9-9-9-9-9-9-9-9-9-9-9-9-9-9    -910929669996915300111133 4 864421181 9 216
1171 00 0-9 -9-9-9 -9-9-9-9-9-9-9-9-9-9-9-9-9-9-9-9-9-9-9-9-9-9-9-9-9    -9 8467039410195790111133 2 217821145-9-9-9
1172 00 0-9 -9-9-9 -9-9-9-9-9-9-9-9-9-9-9-9-9-9-9-9-9-9-9-9-9-9-9-9-9    -9 7286446664610190111133 29865621181 6 216
1173 00 0-9 -9-9-9 -9-9-9-9-9-9-9-9-9-9-9-9-9-9-9-9-9-9-9-9-9-9-9-9-9    -9 3643223332305100111133 4 163116143-9-9-9
1174 00 0-9 -9-9-9 -9-9-9-9-9-9-9-9-9-9-9-9-9-9-9-9-9-9-9-9-9-9-9-9-9    -9 3643223332305100111133 1 267636127-9-9-9
1175 00 0-9 -9-9-9 -9-9-9-9-9-9-9-9-9-9-9-9-9-9-9-9-9-9-9-9-9-9-9-9-9    -9 7286446664610190111133 3 463621151 6 7 7
1176 10 0 1 681111 682929 4 3 0-9 1 6 1 6 6 6 6 6 6 6 6 6 6 6 1 6 8-9 1619816934078820391590111133 49711616144-9-9-9
1177 10 0 1 681111 684141 4 115-9 1 1 6 6 6 6 6 6 6 6 6 6 6 6 1 6 8-9 1055510929669996915300111133 3 465346181 6 217
1178 00 0-9 -9-9-9 -9-9-9-9-9-9-9-9-9-9-9-9-9-9-9-9-9-9-9-9-9-9-9-9-9    -9 4233519705097899111133 1 514716191 6 216
1179 00 0-9 -9-9-9 -9-9-9-9-9-9-9-9-9-9-9-9-9-9-9-9-9-9-9-9-9-9-9-9-9    -912700559115293690111133 4 214421141 614 8
1180 00 0-9 -9-9-9 -9-9-9-9-9-9-9-9-9-9-9-9-9-9-9-9-9-9-9-9-9-9-9-9-9    -9 7286446664610190111133 2 164221143-9-9-9
1181 00 0-9 -9-9-9 -9-9-9-9-9-9-9-9-9-9-9-9-9-9-9-9-9-9-9-9-9-9-9-9-9    -9 7286446664610190111133 2 464716171 6 616
1182 00 0-9 -9-9-9 -9-9-9-9-9-9-9-9-9-9-9-9-9-9-9-9-9-9-9-9-9-9-9-9-9    -9 8467039410195790111133 2 513621141 61715
1183 00 0-9 -9-9-9 -9-9-9-9-9-9-9-9-9-9-9-9-9-9-9-9-9-9-9-9-9-9-9-9-9    -9 7286446664610190111133 2 266921127-9-9-9
1184 00 0-9 -9-9-9 -9-9-9-9-9-9-9-9-9-9-9-9-9-9-9-9-9-9-9-9-9-9-9-9-9    -916934078820391590111133 5 215421123-9-9-9
1185 00 0-9 -9-9-9 -9-9-9-9-9-9-9-9-9-9-9-9-9-9-9-9-9-9-9-9-9-9-9-9-9    -914572893329220390111133 4 562916141 6 7 9
1186 10 0 1 681111 684141 4 145-9 2 6 6 6 6 6 6 6 1 6 6 6 6 6 6 1-9 3 1066718216116661525500111133 5 462016144-9-9-9
1187 00 0-9 -9-9-9 -9-9-9-9-9-9-9-9-9-9-9-9-9-9-9-9-9-9-9-9-9-9-9-9-9    -9 7286446664610190111133 2 465921127-9-9-9
1188 00 0-9 -9-9-9 -9-9-9-9-9-9-9-9-9-9-9-9-9-9-9-9-9-9-9-9-9-9-9-9-9    -910929669996915300111133 3 365221127-9-9-9
1189 01 1 1 681111 68-928 6 7 0-9 1 1 6 6 6 6 6 6 6 6 6 6 6 6 1 111-9 49908 8467039410195790111133 2 813811181 6 915
1190 00 0-9 -9-9-9 -9-9-9-9-9-9-9-9-9-9-9-9-9-9-9-9-9-9-9-9-9-9-9-9-9    -9 8467039410195790111133 2 416621165-9-9-9
1191 00 0-9 -9-9-9 -9-9-9-9-9-9-9-9-9-9-9-9-9-9-9-9-9-9-9-9-9-9-9-9-9    -910929669996915300111133 3 365046151 4 418
1192 00 0-9 -9-9-9 -9-9-9-9-9-9-9-9-9-9-9-9-9-9-9-9-9-9-9-9-9-9-9-9-9    -912700559115293690111133 3 515521151 61715
1193 00 0-9 -9-9-9 -9-9-9-9-9-9-9-9-9-9-9-9-9-9-9-9-9-9-9-9-9-9-9-9-9    -9 8467039410195790111133 3 413621181 6 6 9
1194 10 0 1 681111 68-923 6 6 0-9 2 1 6 6 6 6 6 6 6 6 6 6 6 6 1 1 1-9 3286112700559115293690111133 3 615121165-9-9-9
1195 00 0-9 -9-9-9 -9-9-9-9-9-9-9-9-9-9-9-9-9-9-9-9-9-9-9-9-9-9-9-9-9    -912249997904663710111132 39716521145-9-9-9
1196 82 0 1 681111 68-928 1 7 0 2 2 1 6 6 6 6 6 6 6 6 6 6 6 6 1 1 8-9 4718724499995809327430111132 7 814146181 6 519
1197 00 0-9 -9-9-9 -9-9-9-9-9-9-9-9-9-9-9-9-9-9-9-9-9-9-9-9-9-9-9-9-9    -910541932315377610111132 3 264721143-9-9-9
1198 00 0-9 -9-9-9 -9-9-9-9-9-9-9-9-9-9-9-9-9-9-9-9-9-9-9-9-9-9-9-9-9    -9 8166665269775810111132 39814221161 6 515
1199 00 0-9 -9-9-9 -9-9-9-9-9-9-9-9-9-9-9-9-9-9-9-9-9-9-9-9-9-9-9-9-9    -9 8166665269775810111132 4 413621151 410 1
1200 00 0-9 -9-9-9 -9-9-9-9-9-9-9-9-9-9-9-9-9-9-9-9-9-9-9-9-9-9-9-9-9    -910541932315377610111132 49764321137-9-9-9
1201 10 0 1 681111 684141 7 130-9 1 1 6 6 6 6 6 6 6 6 6 6 6 6 6 6 5-9  7602 4083332634887907111132 1 417246155-9-9-9
1202 00 0-9 -9-9-9 -9-9-9-9-9-9-9-9-9-9-9-9-9-9-9-9-9-9-9-9-9-9-9-9-9    -9 8166665269775810111132 2 318021125-9-9-9
1203 00 0-9 -9-9-9 -9-9-9-9-9-9-9-9-9-9-9-9-9-9-9-9-9-9-9-9-9-9-9-9-9    -9 7027954876918400111132 2 463216192 7 217
1204 00 0-9 -9-9-9 -9-9-9-9-9-9-9-9-9-9-9-9-9-9-9-9-9-9-9-9-9-9-9-9-9    -9 4083332634887907111132 1 115316123-9-9-9
1205 00 0-9 -9-9-9 -9-9-9-9-9-9-9-9-9-9-9-9-9-9-9-9-9-9-9-9-9-9-9-9-9    -9 7027954876918400111132 3 163021163-9-9-9
1206 00 0-9 -9-9-9 -9-9-9-9-9-9-9-9-9-9-9-9-9-9-9-9-9-9-9-9-9-9-9-9-9    -9 7027954876918400111132 5 163321137-9-9-9
1207 00 0-9 -9-9-9 -9-9-9-9-9-9-9-9-9-9-9-9-9-9-9-9-9-9-9-9-9-9-9-9-9    -9 8166665269775810111132 3 213111141 4 113
1208 00 0-9 -9-9-9 -9-9-9-9-9-9-9-9-9-9-9-9-9-9-9-9-9-9-9-9-9-9-9-9-9    -9 8166665269775810111132 2 212911142 710 1
1209 00 0-9 -9-9-9 -9-9-9-9-9-9-9-9-9-9-9-9-9-9-9-9-9-9-9-9-9-9-9-9-9    -9 7027954876918400111132 3 163221137-9-9-9
1210 00 0-9 -9-9-9 -9-9-9-9-9-9-9-9-9-9-9-9-9-9-9-9-9-9-9-9-9-9-9-9-9    -917569887192296020111132 8 263921137-9-9-9
1211 10 0 1 681111 684141 7 1 0-9 1 6 1 6 6 6 6 6 6 6 6 6 6 6 1 6 4-9  7815 8166665269775810111132 4 414421141 6 815
1212 00 0-9 -9-9-9 -9-9-9-9-9-9-9-9-9-9-9-9-9-9-9-9-9-9-9-9-9-9-9-9-9    -914055909753836810111132 5 164921121 716 1
1213 00 0-9 -9-9-9 -9-9-9-9-9-9-9-9-9-9-9-9-9-9-9-9-9-9-9-9-9-9-9-9-9    -9 8166665269775810111132 4 214711163-9-9-9
1214 00 0-9 -9-9-9 -9-9-9-9-9-9-9-9-9-9-9-9-9-9-9-9-9-9-9-9-9-9-9-9-9    -9 7027954876918400111132 3 163521142 71520
1215 00 0-9 -9-9-9 -9-9-9-9-9-9-9-9-9-9-9-9-9-9-9-9-9-9-9-9-9-9-9-9-9    -9 7286446664610190111133 2 165736113-9-9-9
1216 00 0-9 -9-9-9 -9-9-9-9-9-9-9-9-9-9-9-9-9-9-9-9-9-9-9-9-9-9-9-9-9    -9 8467039410195790111133 2 217721125-9-9-9
1217 00 0-9 -9-9-9 -9-9-9-9-9-9-9-9-9-9-9-9-9-9-9-9-9-9-9-9-9-9-9-9-9    -9 7286446664610190111133 2 265621117-9-9-9
1218 00 0-9 -9-9-9 -9-9-9-9-9-9-9-9-9-9-9-9-9-9-9-9-9-9-9-9-9-9-9-9-9    -918216116661525500111133 6 266421122 71515
1219 00 0-9 -9-9-9 -9-9-9-9-9-9-9-9-9-9-9-9-9-9-9-9-9-9-9-9-9-9-9-9-9    -912700559115293690111133 3 217021125-9-9-9
1220 00 0-9 -9-9-9 -9-9-9-9-9-9-9-9-9-9-9-9-9-9-9-9-9-9-9-9-9-9-9-9-9    -929634637935685290111133 7 214221123-9-9-9
1221 00 0-9 -9-9-9 -9-9-9-9-9-9-9-9-9-9-9-9-9-9-9-9-9-9-9-9-9-9-9-9-9    -914572893329220390111133 4 368236115-9-9-9
1222 00 0-9 -9-9-9 -9-9-9-9-9-9-9-9-9-9-9-9-9-9-9-9-9-9-9-9-9-9-9-9-9    -910929669996915300111133 4 363811133-9-9-9
1223 00 0-9 -9-9-9 -9-9-9-9-9-9-9-9-9-9-9-9-9-9-9-9-9-9-9-9-9-9-9-9-9    -910929669996915300111133 5 264646143-9-9-9
1224 00 0-9 -9-9-9 -9-9-9-9-9-9-9-9-9-9-9-9-9-9-9-9-9-9-9-9-9-9-9-9-9    -910929669996915300111133 3 265421122 71514
1225 00 0-9 -9-9-9 -9-9-9-9-9-9-9-9-9-9-9-9-9-9-9-9-9-9-9-9-9-9-9-9-9    -9 7286446664610190111133 39763421142 81519
1226 00 0-9 -9-9-9 -9-9-9-9-9-9-9-9-9-9-9-9-9-9-9-9-9-9-9-9-9-9-9-9-9    -9 8467039410195790111133 2 117021126-9-9-9
1227 00 0-9 -9-9-9 -9-9-9-9-9-9-9-9-9-9-9-9-9-9-9-9-9-9-9-9-9-9-9-9-9    -9 7286446664610190111133 39763221147-9-9-9
1228 00 0-9 -9-9-9 -9-9-9-9-9-9-9-9-9-9-9-9-9-9-9-9-9-9-9-9-9-9-9-9-9    -9 7286446664610190111133 2 363521143-9-9-9
1229 00 0-9 -9-9-9 -9-9-9-9-9-9-9-9-9-9-9-9-9-9-9-9-9-9-9-9-9-9-9-9-9    -9 3643223332305100111133 1 264016173-9-9-9
1230 00 0-9 -9-9-9 -9-9-9-9-9-9-9-9-9-9-9-9-9-9-9-9-9-9-9-9-9-9-9-9-9    -9 8467039410195790111133 4 313821142 7 915
1231 00 0-9 -9-9-9 -9-9-9-9-9-9-9-9-9-9-9-9-9-9-9-9-9-9-9-9-9-9-9-9-9    -9 7286446664610190111133 3 563721141 6 7 7
1232 00 0-9 -9-9-9 -9-9-9-9-9-9-9-9-9-9-9-9-9-9-9-9-9-9-9-9-9-9-9-9-9    -9 7286446664610190111133 4 363721147-9-9-9
1233 00 0-9 -9-9-9 -9-9-9-9-9-9-9-9-9-9-9-9-9-9-9-9-9-9-9-9-9-9-9-9-9    -9 7286446664610190111133 5 264321167-9-9-9
1234 00 0-9 -9-9-9 -9-9-9-9-9-9-9-9-9-9-9-9-9-9-9-9-9-9-9-9-9-9-9-9-9    -912700559115293690111133 39717421125-9-9-9
1235 00 0-9 -9-9-9 -9-9-9-9-9-9-9-9-9-9-9-9-9-9-9-9-9-9-9-9-9-9-9-9-9    -9 7286446664610190111133 3 663721181 6 5 7
1236 00 0-9 -9-9-9 -9-9-9-9-9-9-9-9-9-9-9-9-9-9-9-9-9-9-9-9-9-9-9-9-9    -9 7286446664610190111133 2 167321127-9-9-9
1237 00 0-9 -9-9-9 -9-9-9-9-9-9-9-9-9-9-9-9-9-9-9-9-9-9-9-9-9-9-9-9-9    -921167598525489490111133 69711716134-9-9-9
1238 00 0-9 -9-9-9 -9-9-9-9-9-9-9-9-9-9-9-9-9-9-9-9-9-9-9-9-9-9-9-9-9    -918216116661525500111133 6 362916142 6 7 7
1239 00 0-9 -9-9-9 -9-9-9-9-9-9-9-9-9-9-9-9-9-9-9-9-9-9-9-9-9-9-9-9-9    -9 7286446664610190111133 2 265921122 71511
1240 00 0-9 -9-9-9 -9-9-9-9-9-9-9-9-9-9-9-9-9-9-9-9-9-9-9-9-9-9-9-9-9    -912700559115293690111133 3 216821125-9-9-9
1241 00 0-9 -9-9-9 -9-9-9-9-9-9-9-9-9-9-9-9-9-9-9-9-9-9-9-9-9-9-9-9-9    -9 7286446664610190111133 4 264321142 91520
1242 00 0-9 -9-9-9 -9-9-9-9-9-9-9-9-9-9-9-9-9-9-9-9-9-9-9-9-9-9-9-9-9    -9 3643223332305100111133 1 168516145-9-9-9
1243 00 0-9 -9-9-9 -9-9-9-9-9-9-9-9-9-9-9-9-9-9-9-9-9-9-9-9-9-9-9-9-9    -9 4233519705097899111133 1 115326153-9-9-9
1244 00 0-9 -9-9-9 -9-9-9-9-9-9-9-9-9-9-9-9-9-9-9-9-9-9-9-9-9-9-9-9-9    -914572893329220390111133 4 265021136-9-9-9
1245 10 0 1 681111 684141 6 115-9 1 1 6 6 6 6 6 6 6 6 6 6 6 6 1 611-9  792917826920624338880111131 4 614821161 6 216
1246 10 0 1 681111 684141 2 2 0 4 1 6 1 6 6 6 1 6 6 6 6 6 6 6 1 6-9-9  693911505932005619520111131 3 362116184-9-9-9
1247 00 0-9 -9-9-9 -9-9-9-9-9-9-9-9-9-9-9-9-9-9-9-9-9-9-9-9-9-9-9-9-9    -913370190468254160111131 39712816183-9-9-9
1248 00 0-9 -9-9-9 -9-9-9-9-9-9-9-9-9-9-9-9-9-9-9-9-9-9-9-9-9-9-9-9-9    -9 8913460312169440111131 2 317231125-9-9-9
1249 00 0-9 -9-9-9 -9-9-9-9-9-9-9-9-9-9-9-9-9-9-9-9-9-9-9-9-9-9-9-9-9    -915341242674159360111131 49762116144-9-9-9
1250 00 0-9 -9-9-9 -9-9-9-9-9-9-9-9-9-9-9-9-9-9-9-9-9-9-9-9-9-9-9-9-9    -9 8913460312169440111131 2 212916143-9-9-9
1251 00 0-9 -9-9-9 -9-9-9-9-9-9-9-9-9-9-9-9-9-9-9-9-9-9-9-9-9-9-9-9-9    -917826920624338880111131 4 111616144-9-9-9
1252 00 0-9 -9-9-9 -9-9-9-9-9-9-9-9-9-9-9-9-9-9-9-9-9-9-9-9-9-9-9-9-9    -9 8913460312169440111131 2 217121125-9-9-9
1253 00 0-9 -9-9-9 -9-9-9-9-9-9-9-9-9-9-9-9-9-9-9-9-9-9-9-9-9-9-9-9-9    -9 3835310668539841111131 1 168136115-9-9-9
1254 00 0-9 -9-9-9 -9-9-9-9-9-9-9-9-9-9-9-9-9-9-9-9-9-9-9-9-9-9-9-9-9    -915341242674159360111131 59762316174-9-9-9
1255 20 0 1 681111 68-941 4 215-9 2 6 6 6 6 6 1 6 6 6 6 6 6 6 6 1-9 4  939210929669996915300111133 3 265221127-9-9-9
1256 00 0-9 -9-9-9 -9-9-9-9-9-9-9-9-9-9-9-9-9-9-9-9-9-9-9-9-9-9-9-9-9    -912700559115293690111133 49717936126-9-9-9
1257 00 0-9 -9-9-9 -9-9-9-9-9-9-9-9-9-9-9-9-9-9-9-9-9-9-9-9-9-9-9-9-9    -9 7286446664610190111133 2 264141143-9-9-9
1258 20 0 1 681111 68-941 2 3 0 2 1 6 6 6 6 6 6 6 1 6 6 6 6 6 1 6-9 5  942410929669996915300111133 39862616194-9-9-9
1259 00 0-9 -9-9-9 -9-9-9-9-9-9-9-9-9-9-9-9-9-9-9-9-9-9-9-9-9-9-9-9-9    -9 8467039410195790111133 5 213921143-9-9-9
1260 20 0 1 681111 68-941 1 1 0 5 1 6 1 6 6 6 1 6 6 6 6 6 6 6 1 6-9-9  9381 3643223332305100111133 1 164016183-9-9-9
1261 00 0-9 -9-9-9 -9-9-9-9-9-9-9-9-9-9-9-9-9-9-9-9-9-9-9-9-9-9-9-9-9    -9 7286446664610190111133 3 363721192 6 817
1262 00 0-9 -9-9-9 -9-9-9-9-9-9-9-9-9-9-9-9-9-9-9-9-9-9-9-9-9-9-9-9-9    -910929669996915300111133 49764921117-9-9-9
1263 00 0-9 -9-9-9 -9-9-9-9-9-9-9-9-9-9-9-9-9-9-9-9-9-9-9-9-9-9-9-9-9    -910929669996915300111133 3 164541123-9-9-9
1264 00 0-9 -9-9-9 -9-9-9-9-9-9-9-9-9-9-9-9-9-9-9-9-9-9-9-9-9-9-9-9-9    -912700559115293690111133 39715821143-9-9-9
1265 00 0-9 -9-9-9 -9-9-9-9-9-9-9-9-9-9-9-9-9-9-9-9-9-9-9-9-9-9-9-9-9    -912700559115293690111133 3 215521126-9-9-9
1266 00 0-9 -9-9-9 -9-9-9-9-9-9-9-9-9-9-9-9-9-9-9-9-9-9-9-9-9-9-9-9-9    -9 7286446664610190111133 2 166236125-9-9-9
1267 00 0-9 -9-9-9 -9-9-9-9-9-9-9-9-9-9-9-9-9-9-9-9-9-9-9-9-9-9-9-9-9    -910929669996915300111133 39765921147-9-9-9
1268 00 0-9 -9-9-9 -9-9-9-9-9-9-9-9-9-9-9-9-9-9-9-9-9-9-9-9-9-9-9-9-9    -916934078820391590111133 5 114821123-9-9-9
1269 00 0-9 -9-9-9 -9-9-9-9-9-9-9-9-9-9-9-9-9-9-9-9-9-9-9-9-9-9-9-9-9    -9 7286446664610190111133 3 564221162 715 9
1270 00 0-9 -9-9-9 -9-9-9-9-9-9-9-9-9-9-9-9-9-9-9-9-9-9-9-9-9-9-9-9-9    -9 7286446664610190111133 2 263416191 6 5 7
1271 00 0-9 -9-9-9 -9-9-9-9-9-9-9-9-9-9-9-9-9-9-9-9-9-9-9-9-9-9-9-9-9    -9 7286446664610190111133 2 166321117-9-9-9
1272 00 0-9 -9-9-9 -9-9-9-9-9-9-9-9-9-9-9-9-9-9-9-9-9-9-9-9-9-9-9-9-9    -914572893329220390111133 5 162116133-9-9-9
1273 00 0-9 -9-9-9 -9-9-9-9-9-9-9-9-9-9-9-9-9-9-9-9-9-9-9-9-9-9-9-9-9    -9 3643223332305100111133 19767336125-9-9-9
1274 00 0-9 -9-9-9 -9-9-9-9-9-9-9-9-9-9-9-9-9-9-9-9-9-9-9-9-9-9-9-9-9    -9 8467039410195790111133 2 313321163-9-9-9
1275 00 0-9 -9-9-9 -9-9-9-9-9-9-9-9-9-9-9-9-9-9-9-9-9-9-9-9-9-9-9-9-9    -9 7286446664610190111163 29762421163-9-9-9
1276 20 0 1 681111 682121 6 230-9 2 6 1 6 6 6 6 6 6 6 6 6 6 6 1 1 1-9  4043 8467039410195790111163 2 311916148-9-9-9
1277 00 0-9 -9-9-9 -9-9-9-9-9-9-9-9-9-9-9-9-9-9-9-9-9-9-9-9-9-9-9-9-9    -9 3643223332305100111163 19768136115-9-9-9
1278 00 0-9 -9-9-9 -9-9-9-9-9-9-9-9-9-9-9-9-9-9-9-9-9-9-9-9-9-9-9-9-9    -9 8467039410195790111163 2 217821115-9-9-9
1279 00 0-9 -9-9-9 -9-9-9-9-9-9-9-9-9-9-9-9-9-9-9-9-9-9-9-9-9-9-9-9-9    -9 3643223332305100111163 19767636115-9-9-9
1280 00 0-9 -9-9-9 -9-9-9-9-9-9-9-9-9-9-9-9-9-9-9-9-9-9-9-9-9-9-9-9-9    -916934078820391590111163 4 115221143-9-9-9
1281 10 0 1 681111 681414 5 215-9 2 6 1 6 6 6 6 6 6 6 6 6 6 6 1 1 8-9 16704 7286446664610190111163 3 263621192 4 7 7
1282 00 0-9 -9-9-9 -9-9-9-9-9-9-9-9-9-9-9-9-9-9-9-9-9-9-9-9-9-9-9-9-9    -9 3643223332305100111163 19867636125-9-9-9
1283 00 0-9 -9-9-9 -9-9-9-9-9-9-9-9-9-9-9-9-9-9-9-9-9-9-9-9-9-9-9-9-9    -9 3643223332305100111163 1 168936115-9-9-9
1284 00 0-9 -9-9-9 -9-9-9-9-9-9-9-9-9-9-9-9-9-9-9-9-9-9-9-9-9-9-9-9-9    -9 3643223332305100111163 1 268436125-9-9-9
1285 10 0 1 681111 682929 6 2 0-9 1 1 6 6 6 6 6 6 6 6 6 6 6 6 1 6 3-9  6255 4323812749183459111233 4 414421271 6 521
1286 01 0 1 681111 68-924 4 8 0-9 2 6 1 6 6 6 6 6 6 6 6 6 6 6 1 1 8-9 71952 1840850671658827111233 1 467316185-9-9-9
1287 00 0-9 -9-9-9 -9-9-9-9-9-9-9-9-9-9-9-9-9-9-9-9-9-9-9-9-9-9-9-9-9    -9 7363402686635300111233 4 461716144-9-9-9
1288 00 0-9 -9-9-9 -9-9-9-9-9-9-9-9-9-9-9-9-9-9-9-9-9-9-9-9-9-9-9-9-9    -9 3681701343317653111233 29766236127-9-9-9
1289 00 0-9 -9-9-9 -9-9-9-9-9-9-9-9-9-9-9-9-9-9-9-9-9-9-9-9-9-9-9-9-9    -9 4323812749183459111233 2 316426135-9-9-9
1290 00 0-9 -9-9-9 -9-9-9-9-9-9-9-9-9-9-9-9-9-9-9-9-9-9-9-9-9-9-9-9-9    -9 3681701343317653111233 2 663316181 6 8 8
1291 00 0-9 -9-9-9 -9-9-9-9-9-9-9-9-9-9-9-9-9-9-9-9-9-9-9-9-9-9-9-9-9    -9 4323812749183459111233 3 213321161 6 7 7
1292 00 0-9 -9-9-9 -9-9-9-9-9-9-9-9-9-9-9-9-9-9-9-9-9-9-9-9-9-9-9-9-9    -9 6485719123775180111233 3 511916133-9-9-9
1293 00 0-9 -9-9-9 -9-9-9-9-9-9-9-9-9-9-9-9-9-9-9-9-9-9-9-9-9-9-9-9-9    -9 3681701343317653111233 2 368821135-9-9-9
1294 00 0-9 -9-9-9 -9-9-9-9-9-9-9-9-9-9-9-9-9-9-9-9-9-9-9-9-9-9-9-9-9    -9 3681701343317653111233 2 266821147-9-9-9
1295 00 0-9 -9-9-9 -9-9-9-9-9-9-9-9-9-9-9-9-9-9-9-9-9-9-9-9-9-9-9-9-9    -9 3681701343317653111233 2 566321137-9-9-9
1296 00 0-9 -9-9-9 -9-9-9-9-9-9-9-9-9-9-9-9-9-9-9-9-9-9-9-9-9-9-9-9-9    -9 2161906374591730111233 3 414336141 6 915
1297 00 0-9 -9-9-9 -9-9-9-9-9-9-9-9-9-9-9-9-9-9-9-9-9-9-9-9-9-9-9-9-9    -910809531872958640111233 5 315221151 115 3
1298 00 0-9 -9-9-9 -9-9-9-9-9-9-9-9-9-9-9-9-9-9-9-9-9-9-9-9-9-9-9-9-9    -9 3681701343317653111233 4 864121191 1 313
1299 00 0-9 -9-9-9 -9-9-9-9-9-9-9-9-9-9-9-9-9-9-9-9-9-9-9-9-9-9-9-9-9    -9 1840850671658827111233 1 168536127-9-9-9
1300 00 0-9 -9-9-9 -9-9-9-9-9-9-9-9-9-9-9-9-9-9-9-9-9-9-9-9-9-9-9-9-9    -9 1840850671658827111233 1 167616145-9-9-9
1301 00 0-9 -9-9-9 -9-9-9-9-9-9-9-9-9-9-9-9-9-9-9-9-9-9-9-9-9-9-9-9-9    -9 3681701343317653111233 29864746176-9-9-9
1302 00 0-9 -9-9-9 -9-9-9-9-9-9-9-9-9-9-9-9-9-9-9-9-9-9-9-9-9-9-9-9-9    -9 6485719123775180111233 4 712216171 7 6 4
1303 00 0-9 -9-9-9 -9-9-9-9-9-9-9-9-9-9-9-9-9-9-9-9-9-9-9-9-9-9-9-9-9    -9 1840850671658827111233 1 463916191 6 216
1304 00 0-9 -9-9-9 -9-9-9-9-9-9-9-9-9-9-9-9-9-9-9-9-9-9-9-9-9-9-9-9-9    -9 3681701343317653111233 3 562321163-9-9-9
1305 00 0-9 -9-9-9 -9-9-9-9-9-9-9-9-9-9-9-9-9-9-9-9-9-9-9-9-9-9-9-9-9    -9 3681701343317653111233 4 364021147-9-9-9
1306 00 0-9 -9-9-9 -9-9-9-9-9-9-9-9-9-9-9-9-9-9-9-9-9-9-9-9-9-9-9-9-9    -9 3681701343317653111233 29765641131 61517
1307 10 0 1 681111 68-929 6 240-9 2 6 1 6 6 6 6 6 6 6 6 6 6 6 1 1 8-9 15687 3681701343317653111233 29864711171 6 6 7
1308 00 0-9 -9-9-9 -9-9-9-9-9-9-9-9-9-9-9-9-9-9-9-9-9-9-9-9-9-9-9-9-9    -9 8647625498366910111233 4 213616143-9-9-9
1309 00 0-9 -9-9-9 -9-9-9-9-9-9-9-9-9-9-9-9-9-9-9-9-9-9-9-9-9-9-9-9-9    -9 3681701343317653111233 3 564621153-9-9-9
1310 00 0-9 -9-9-9 -9-9-9-9-9-9-9-9-9-9-9-9-9-9-9-9-9-9-9-9-9-9-9-9-9    -9 5522552014976470111233 5 267321148-9-9-9
1311 00 0-9 -9-9-9 -9-9-9-9-9-9-9-9-9-9-9-9-9-9-9-9-9-9-9-9-9-9-9-9-9    -9 2161906374591730111233 1 217046135-9-9-9
1312 00 0-9 -9-9-9 -9-9-9-9-9-9-9-9-9-9-9-9-9-9-9-9-9-9-9-9-9-9-9-9-9    -9 4323812749183459111233 2 415821131 614 3
1313 00 0-9 -9-9-9 -9-9-9-9-9-9-9-9-9-9-9-9-9-9-9-9-9-9-9-9-9-9-9-9-9    -9 4323812749183459111233 3 313821161 614 3
1314 01 0 1 681111 68-9 8 6 3 0-9 2 6 1 6 6 6 6 6 6 6 1 6 6 6 1 1-9-9 89284 6485719123775180111233 4 212016144-9-9-9
1315 00 0-9 -9-9-9 -9-9-9-9-9-9-9-9-9-9-9-9-9-9-9-9-9-9-9-9-9-9-9-9-9    -9 2161906374591730111233 19714746141 11414
1316 10 0 1 681111 682929 6 110-9 2 1 6 6 6 6 6 6 6 6 6 6 6 6 1 1 8-9  9961 4323812749183459111233 5 414021131 613 3
1317 10 0 1 681111 682929 1 130 3 1 1 6 6 6 6 6 6 6 6 6 6 6 6 6 611-9 11325 6485719123775180111233 3 313121251 1 7 7
1318 00 0-9 -9-9-9 -9-9-9-9-9-9-9-9-9-9-9-9-9-9-9-9-9-9-9-9-9-9-9-9-9    -9 6485719123775180111233 4 211616134-9-9-9
1319 00 0-9 -9-9-9 -9-9-9-9-9-9-9-9-9-9-9-9-9-9-9-9-9-9-9-9-9-9-9-9-9    -9 1840850671658827111233 19868736127-9-9-9
1320 00 0-9 -9-9-9 -9-9-9-9-9-9-9-9-9-9-9-9-9-9-9-9-9-9-9-9-9-9-9-9-9    -9 3681701343317653111233 2 165021143-9-9-9
1321 00 0-9 -9-9-9 -9-9-9-9-9-9-9-9-9-9-9-9-9-9-9-9-9-9-9-9-9-9-9-9-9    -9 5173724238705850111232 39763811181 6 615
1322 20 0 1 681111 684141 1 210 3 1 1 6 6 6 6 6 6 6 6 6 6 6 6 1 6 4-9 14744 6076053633377450111232 3 815421181 3 110
1323 00 0-9 -9-9-9 -9-9-9-9-9-9-9-9-9-9-9-9-9-9-9-9-9-9-9-9-9-9-9-9-9    -9 3449149492470570111232 29764846153-9-9-9
1324 00 0-9 -9-9-9 -9-9-9-9-9-9-9-9-9-9-9-9-9-9-9-9-9-9-9-9-9-9-9-9-9    -9 2025351211125816111232 1 617336196-9-9-9
1325 10 0 1 681111 68-929 6 2 0-9 1 1 6 6 6 6 6 6 6 6 6 6 6 6 1 6 8-9  9948 5173724238705850111232 39865021151 6 4 3
1326 00 0-9 -9-9-9 -9-9-9-9-9-9-9-9-9-9-9-9-9-9-9-9-9-9-9-9-9-9-9-9-9    -9 6076053633377450111232 39816721155-9-9-9
1327 00 0-9 -9-9-9 -9-9-9-9-9-9-9-9-9-9-9-9-9-9-9-9-9-9-9-9-9-9-9-9-9    -9 2025351211125816111232 1 415246175-9-9-9
1328 00 0-9 -9-9-9 -9-9-9-9-9-9-9-9-9-9-9-9-9-9-9-9-9-9-9-9-9-9-9-9-9    -9 3449149492470570111232 29867121155-9-9-9
1329 00 0-9 -9-9-9 -9-9-9-9-9-9-9-9-9-9-9-9-9-9-9-9-9-9-9-9-9-9-9-9-9    -9 4047441649027366111231 29866216188-9-9-9
1330 00 0-9 -9-9-9 -9-9-9-9-9-9-9-9-9-9-9-9-9-9-9-9-9-9-9-9-9-9-9-9-9    -9 4753340418392190111231 4 313521143-9-9-9
1331 00 1 1 681111154-9-9 4 130-9 2 6 6 6 6 6 6 6 6 1 6 6 6 6 1 1-912 47825 2023720824513683111231 39862826243-9-9-9
1332 00 0-9 -9-9-9 -9-9-9-9-9-9-9-9-9-9-9-9-9-9-9-9-9-9-9-9-9-9-9-9-9    -9 4753340418392190111231 3 714121161 6 1 8
1333 10 0 1 681111 684141 6 2 0-9 1 6 1 6 6 6 6 6 6 6 6 6 6 6 1 6 8-9 14795 4047441649027366111231 29866536155-9-9-9
1334 00 0-9 -9-9-9 -9-9-9-9-9-9-9-9-9-9-9-9-9-9-9-9-9-9-9-9-9-9-9-9-9    -9 7130010627588290111231 3 312716163-9-9-9
1335 10 0 1 681111 68-918 6 3 0-9 2 1 6 6 6 6 6 6 6 6 6 6 6 6 1 1 8-9 23436 8094883298054730111231 49763516191 6 3 3
1336 00 0-9 -9-9-9 -9-9-9-9-9-9-9-9-9-9-9-9-9-9-9-9-9-9-9-9-9-9-9-9-9    -9 2376670209196099111231 39813946143-9-9-9
1337 00 0-9 -9-9-9 -9-9-9-9-9-9-9-9-9-9-9-9-9-9-9-9-9-9-9-9-9-9-9-9-9    -9 2023720824513683111231 19867736126-9-9-9
1338 00 0-9 -9-9-9 -9-9-9-9-9-9-9-9-9-9-9-9-9-9-9-9-9-9-9-9-9-9-9-9-9    -9 4047441649027366111231 39864346151 6 7 9
1339 10 0 1 681111 682929 3 130-9 1 1 6 6 6 6 6 6 6 6 6 6 6 6 1 6 8-9 11460 3449149492470570111232 4 562921151 6 1 3
1340 10 0 1 681111 68-918 4 3 0-9 2 1 6 6 6 6 6 6 6 6 6 6 6 6 1 1 4-9 23563 4050702422251632111232 4 514221171 711 6
1341100 0 1 681111 682929 1 045 1 1 1 6 6 6 6 6 6 6 6 6 6 6 6 6 6 3-9  4339 3449149492470570111232 2 763221181 6 313
1342 00 0-9 -9-9-9 -9-9-9-9-9-9-9-9-9-9-9-9-9-9-9-9-9-9-9-9-9-9-9-9-9    -9 4050702422251632111232 29817821125-9-9-9
1343 00 0-9 -9-9-9 -9-9-9-9-9-9-9-9-9-9-9-9-9-9-9-9-9-9-9-9-9-9-9-9-9    -9 4050702422251632111232 2 512921171 7 817
1344 00 0-9 -9-9-9 -9-9-9-9-9-9-9-9-9-9-9-9-9-9-9-9-9-9-9-9-9-9-9-9-9    -9 4050702422251632111232 4 114321143-9-9-9
1345 00 0-9 -9-9-9 -9-9-9-9-9-9-9-9-9-9-9-9-9-9-9-9-9-9-9-9-9-9-9-9-9    -9 4050702422251632111232 4 513621181 6 4 3
1346 10 0 1 681111 682929 6 1 0-9 1 6 1 6 6 6 6 6 6 6 6 6 6 6 1 6 4-9 11436 3449149492470570111232 2 863411181 6 4 4
1347 00 0-9 -9-9-9 -9-9-9-9-9-9-9-9-9-9-9-9-9-9-9-9-9-9-9-9-9-9-9-9-9    -9 3449149492470570111232 5 863521147-9-9-9
1348 00 0-9 -9-9-9 -9-9-9-9-9-9-9-9-9-9-9-9-9-9-9-9-9-9-9-9-9-9-9-9-9    -9 4050702422251632111232 4 614421161 6 915
1349 00 0-9 -9-9-9 -9-9-9-9-9-9-9-9-9-9-9-9-9-9-9-9-9-9-9-9-9-9-9-9-9    -9 3681701343317653111233 29766421147-9-9-9
1350 00 0-9 -9-9-9 -9-9-9-9-9-9-9-9-9-9-9-9-9-9-9-9-9-9-9-9-9-9-9-9-9    -9 3681701343317653111233 3 162921243-9-9-9
1351 00 0-9 -9-9-9 -9-9-9-9-9-9-9-9-9-9-9-9-9-9-9-9-9-9-9-9-9-9-9-9-9    -9 5522552014976470111233 5 261916154-9-9-9
1352 00 0-9 -9-9-9 -9-9-9-9-9-9-9-9-9-9-9-9-9-9-9-9-9-9-9-9-9-9-9-9-9    -9 5522552014976470111233 49767721125-9-9-9
1353 00 0-9 -9-9-9 -9-9-9-9-9-9-9-9-9-9-9-9-9-9-9-9-9-9-9-9-9-9-9-9-9    -9 4323812749183459111233 4 112821143-9-9-9
1354 00 0-9 -9-9-9 -9-9-9-9-9-9-9-9-9-9-9-9-9-9-9-9-9-9-9-9-9-9-9-9-9    -9 4323812749183459111233 3 313511171 7 915
1355 00 0-9 -9-9-9 -9-9-9-9-9-9-9-9-9-9-9-9-9-9-9-9-9-9-9-9-9-9-9-9-9    -9 8647625498366910111233 49712416143-9-9-9
1356 00 0-9 -9-9-9 -9-9-9-9-9-9-9-9-9-9-9-9-9-9-9-9-9-9-9-9-9-9-9-9-9    -9 1840850671658827111233 3 162816143-9-9-9
1357 00 0-9 -9-9-9 -9-9-9-9-9-9-9-9-9-9-9-9-9-9-9-9-9-9-9-9-9-9-9-9-9    -9 3681701343317653111233 29765421137-9-9-9
1358 00 0-9 -9-9-9 -9-9-9-9-9-9-9-9-9-9-9-9-9-9-9-9-9-9-9-9-9-9-9-9-9    -9 7363402686635300111233 5 264821127-9-9-9
1359 00 0-9 -9-9-9 -9-9-9-9-9-9-9-9-9-9-9-9-9-9-9-9-9-9-9-9-9-9-9-9-9    -9 3449149492470570111232 2 466221133-9-9-9
1360 10 0 1 681111 684141 4 2 0-9 2 6 1 6 6 6 6 6 6 6 6 6 6 6 1 1 4-9 15001 5173724238705850111232 59761616144-9-9-9
1361 00 0-9 -9-9-9 -9-9-9-9-9-9-9-9-9-9-9-9-9-9-9-9-9-9-9-9-9-9-9-9-9    -9 8101404844503260111232 4 215221153-9-9-9
1362 00 0-9 -9-9-9 -9-9-9-9-9-9-9-9-9-9-9-9-9-9-9-9-9-9-9-9-9-9-9-9-9    -9 4050702422251632111232 29818321195-9-9-9
1363 10 0 1 681111 682929 6 030-9 1 1 1 6 6 6 6 6 6 6 6 6 6 6 1 611-9  3417 3449149492470570111232 4 863821191 6 113
1364 00 0-9 -9-9-9 -9-9-9-9-9-9-9-9-9-9-9-9-9-9-9-9-9-9-9-9-9-9-9-9-9    -9 5173724238705850111232 3 865021171 6 216
1365 00 0-9 -9-9-9 -9-9-9-9-9-9-9-9-9-9-9-9-9-9-9-9-9-9-9-9-9-9-9-9-9    -9 1724574746235285111232 1 262116144-9-9-9
1366 10 0 1 681111 684141 4 2 0-9 2 6 1 6 6 6 6 6 6 6 6 6 6 6 1 1 8-9 14949 3449149492470570111232 29866121191 6 216
1367 00 0-9 -9-9-9 -9-9-9-9-9-9-9-9-9-9-9-9-9-9-9-9-9-9-9-9-9-9-9-9-9    -9 4050702422251632111232 2 617221185-9-9-9
1368 10 0 2 681211 682121 7 3 0-9 1 6 1 6 6 6 6 6 6 6 6 6 6 6 1 6 8-9 18390 3449149492470570111232 2 163116193-9-9-9
1369 00 0-9 -9-9-9 -9-9-9-9-9-9-9-9-9-9-9-9-9-9-9-9-9-9-9-9-9-9-9-9-9    -9 3449149492470570111232 4 765221181 6 216
1370 00 0-9 -9-9-9 -9-9-9-9-9-9-9-9-9-9-9-9-9-9-9-9-9-9-9-9-9-9-9-9-9    -9 4050702422251632111232 3 712511141 616 8
1371 10 0 1 681111 682929 6 130-9 2 1 6 6 6 6 6 6 6 6 6 6 6 6 6 1 4-9 10829 8101404844503260111232 5 511916144-9-9-9
1372 00 0-9 -9-9-9 -9-9-9-9-9-9-9-9-9-9-9-9-9-9-9-9-9-9-9-9-9-9-9-9-9    -9 4050702422251632111232 4 314321141 6 1 8
1373 00 0-9 -9-9-9 -9-9-9-9-9-9-9-9-9-9-9-9-9-9-9-9-9-9-9-9-9-9-9-9-9    -9 3449149492470570111232 29763521181 6 217
1374 10 0 1 681111 684141 7 230-9 1 6 1 6 6 6 6 6 6 6 6 6 6 6 1 6 8-9 15055 6898298984941130111232 49865421131 4 412
1375 20 0 1 681111 682929 4 130-9 2 6 1 6 6 6 6 6 6 6 6 6 6 6 1 6 8-9 11486 3449149492470570111232 5 764121191 6 415
1376 00 0-9 -9-9-9 -9-9-9-9-9-9-9-9-9-9-9-9-9-9-9-9-9-9-9-9-9-9-9-9-9    -9 4050702422251632111232 4 613921191 6 111
1377 10 0 1 681111 68-929 6 130-9 1 6 6 6 6 6 6 6 1 6 6 6 6 6 1 1-9 1  7654 4050702422251632111232 5 513311161 616 8
1378 10 0 1 681111 684141 6 2 0-9 1 6 1 6 6 6 6 6 6 6 6 6 6 6 1 6 8-9 15044 3449149492470570111232 4 764621191 6 417
1379 00 0-9 -9-9-9 -9-9-9-9-9-9-9-9-9-9-9-9-9-9-9-9-9-9-9-9-9-9-9-9-9    -9 8647625498366910111233 4 211716134-9-9-9
1380 10 1 1 681111126-9-9 8 230-9 2 6 6 6 6 6 6 6 6 6 1 6 6 6 1 1-9 7167293 3681701343317653111233 2 763111141 61515
1381 00 0-9 -9-9-9 -9-9-9-9-9-9-9-9-9-9-9-9-9-9-9-9-9-9-9-9-9-9-9-9-9    -9 3681701343317653111233 29766121138-9-9-9
1382 10 0 1 681111 68-929 4 138-9 1 6 1 6 6 6 6 6 6 6 6 6 6 6 1 6 8-9 10032 6485719123775180111233 5 213311143-9-9-9
1383 00 0-9 -9-9-9 -9-9-9-9-9-9-9-9-9-9-9-9-9-9-9-9-9-9-9-9-9-9-9-9-9    -9 4323812749183459111233 4 213721143-9-9-9
1384 00 0-9 -9-9-9 -9-9-9-9-9-9-9-9-9-9-9-9-9-9-9-9-9-9-9-9-9-9-9-9-9    -9 8647625498366910111233 5 111816143-9-9-9
1385 00 0-9 -9-9-9 -9-9-9-9-9-9-9-9-9-9-9-9-9-9-9-9-9-9-9-9-9-9-9-9-9    -9 6485719123775180111233 4 314821156-9-9-9
1386 00 0-9 -9-9-9 -9-9-9-9-9-9-9-9-9-9-9-9-9-9-9-9-9-9-9-9-9-9-9-9-9    -9 3681701343317653111233 3 166136127-9-9-9
1387 10 0 1 681111 682929 4 130-9 1 6 1 6 6 6 6 6 6 6 6 6 6 6 1 6 8-9 11352 3681701343317653111233 3 262211147-9-9-9
1388 00 0-9 -9-9-9 -9-9-9-9-9-9-9-9-9-9-9-9-9-9-9-9-9-9-9-9-9-9-9-9-9    -9 5522552014976470111233 4 165021146-9-9-9
1389 00 0-9 -9-9-9 -9-9-9-9-9-9-9-9-9-9-9-9-9-9-9-9-9-9-9-9-9-9-9-9-9    -9 3681701343317653111233 2 266736135-9-9-9
1390 00 0-9 -9-9-9 -9-9-9-9-9-9-9-9-9-9-9-9-9-9-9-9-9-9-9-9-9-9-9-9-9    -9 2161906374591730111233 1 113916153-9-9-9
1391 10 0 1 681111 68-941 4 2 0-9 1 1 6 6 6 6 6 6 6 6 6 6 6 6 1 6 4-9 14634 4323812749183459111233 2 614121151 1 110
1392 00 0-9 -9-9-9 -9-9-9-9-9-9-9-9-9-9-9-9-9-9-9-9-9-9-9-9-9-9-9-9-9    -9 5522552014976470111233 3 264216173-9-9-9
1393 10 0 1 681111 684141 5 2 0-9 1 1 1 6 6 6 6 6 6 6 6 6 6 6 1 6 1-9 14743 2161906374591730111233 1 514646191 6 216
1394 00 0-9 -9-9-9 -9-9-9-9-9-9-9-9-9-9-9-9-9-9-9-9-9-9-9-9-9-9-9-9-9    -9 1840850671658827111233 2 162716134-9-9-9
1395 00 0-9 -9-9-9 -9-9-9-9-9-9-9-9-9-9-9-9-9-9-9-9-9-9-9-9-9-9-9-9-9    -9 4323812749183459111233 2 315546153-9-9-9
1396 00 0-9 -9-9-9 -9-9-9-9-9-9-9-9-9-9-9-9-9-9-9-9-9-9-9-9-9-9-9-9-9    -9 1840850671658827111233 1 263416193-9-9-9
1397 00 0-9 -9-9-9 -9-9-9-9-9-9-9-9-9-9-9-9-9-9-9-9-9-9-9-9-9-9-9-9-9    -9 3681701343317653111233 29767721125-9-9-9
1398 10 0 1 681111 684141 7 130-9 1 1 6 6 6 6 6 6 6 6 6 6 6 6 1 6 8-9 14773 6485719123775180111233 39715421165-9-9-9
1399 00 0-9 -9-9-9 -9-9-9-9-9-9-9-9-9-9-9-9-9-9-9-9-9-9-9-9-9-9-9-9-9    -9 1840850671658827111233 1 168036127-9-9-9
1400 00 0-9 -9-9-9 -9-9-9-9-9-9-9-9-9-9-9-9-9-9-9-9-9-9-9-9-9-9-9-9-9    -9 3681701343317653111233 29866526137-9-9-9
1401 10 0 1 681111 68-929 6 2 0-9 2 6 1 6 6 6 6 6 6 6 6 6 6 6 1 1 8-9  7347 3681701343317653111233 29766821137-9-9-9
1402 01 0 1 681111 68-913 4 430-9 2 6 6 6 6 6 6 6 1 6 6 6 6 6 6 1-9 1 34176 4323812749183459111233 2 413516193-9-9-9
1403 00 0-9 -9-9-9 -9-9-9-9-9-9-9-9-9-9-9-9-9-9-9-9-9-9-9-9-9-9-9-9-9    -9 2161906374591730111233 1 218536155-9-9-9
1404 00 0-9 -9-9-9 -9-9-9-9-9-9-9-9-9-9-9-9-9-9-9-9-9-9-9-9-9-9-9-9-9    -9 5522552014976470111233 3 465711131 6 6 8
1405 00 0-9 -9-9-9 -9-9-9-9-9-9-9-9-9-9-9-9-9-9-9-9-9-9-9-9-9-9-9-9-9    -9 9204253358294130111233 59765126133-9-9-9
1406 00 0-9 -9-9-9 -9-9-9-9-9-9-9-9-9-9-9-9-9-9-9-9-9-9-9-9-9-9-9-9-9    -9 4323812749183459111233 4 113621133-9-9-9
1407 00 0-9 -9-9-9 -9-9-9-9-9-9-9-9-9-9-9-9-9-9-9-9-9-9-9-9-9-9-9-9-9    -9 4323812749183459111233 3 714321133-9-9-9
1408 00 0-9 -9-9-9 -9-9-9-9-9-9-9-9-9-9-9-9-9-9-9-9-9-9-9-9-9-9-9-9-9    -9 3681701343317653111233 39764421132 61514
1409 00 0-9 -9-9-9 -9-9-9-9-9-9-9-9-9-9-9-9-9-9-9-9-9-9-9-9-9-9-9-9-9    -9 2161906374591730111233 1 216426125-9-9-9
1410 00 0-9 -9-9-9 -9-9-9-9-9-9-9-9-9-9-9-9-9-9-9-9-9-9-9-9-9-9-9-9-9    -9 6485719123775180111233 4 314521141 6 7 7
1411 10 0 1 681111 682929 4 2 0-9 1 1 6 6 6 6 6 6 6 6 6 6 6 6 1 6 7-9  6512 4323812749183459111233 29816511125-9-9-9
1412 00 0-9 -9-9-9 -9-9-9-9-9-9-9-9-9-9-9-9-9-9-9-9-9-9-9-9-9-9-9-9-9    -9 3681701343317653111233 2 166121127-9-9-9
1413 00 0-9 -9-9-9 -9-9-9-9-9-9-9-9-9-9-9-9-9-9-9-9-9-9-9-9-9-9-9-9-9    -9 3681701343317653111233 29763621147-9-9-9
1414 00 0-9 -9-9-9 -9-9-9-9-9-9-9-9-9-9-9-9-9-9-9-9-9-9-9-9-9-9-9-9-9    -9 2161906374591730111233 1 517036155-9-9-9
1415 00 0-9 -9-9-9 -9-9-9-9-9-9-9-9-9-9-9-9-9-9-9-9-9-9-9-9-9-9-9-9-9    -9 3681701343317653111233 4 163411137-9-9-9
1416 00 0-9 -9-9-9 -9-9-9-9-9-9-9-9-9-9-9-9-9-9-9-9-9-9-9-9-9-9-9-9-9    -9 4323812749183459111233 3 214511148-9-9-9
1417 00 0-9 -9-9-9 -9-9-9-9-9-9-9-9-9-9-9-9-9-9-9-9-9-9-9-9-9-9-9-9-9    -9 8647625498366910111233 4 315321143-9-9-9
1418 00 0-9 -9-9-9 -9-9-9-9-9-9-9-9-9-9-9-9-9-9-9-9-9-9-9-9-9-9-9-9-9    -9 7363402686635300111233 49764321163-9-9-9
1419 00 0-9 -9-9-9 -9-9-9-9-9-9-9-9-9-9-9-9-9-9-9-9-9-9-9-9-9-9-9-9-9    -910809531872958640111233 5 314821121 711 6
1420 00 0-9 -9-9-9 -9-9-9-9-9-9-9-9-9-9-9-9-9-9-9-9-9-9-9-9-9-9-9-9-9    -9 3681701343317653111233 29767721127-9-9-9
1421 00 0-9 -9-9-9 -9-9-9-9-9-9-9-9-9-9-9-9-9-9-9-9-9-9-9-9-9-9-9-9-9    -9 3681701343317653111233 3 264721132 61520
1422 00 0-9 -9-9-9 -9-9-9-9-9-9-9-9-9-9-9-9-9-9-9-9-9-9-9-9-9-9-9-9-9    -9 3681701343317653111233 4 363211127-9-9-9
1423 00 0-9 -9-9-9 -9-9-9-9-9-9-9-9-9-9-9-9-9-9-9-9-9-9-9-9-9-9-9-9-9    -9 4323812749183459111233 2 116121123-9-9-9
1424 00 0-9 -9-9-9 -9-9-9-9-9-9-9-9-9-9-9-9-9-9-9-9-9-9-9-9-9-9-9-9-9    -9 3681701343317653111233 29765521127-9-9-9
1425 10 0 1 681111 684141 6 2 0-9 1 6 1 6 6 6 6 6 6 6 6 6 6 6 1 6 8-9 14897 1840850671658827111233 1 266636127-9-9-9
1426 00 0-9 -9-9-9 -9-9-9-9-9-9-9-9-9-9-9-9-9-9-9-9-9-9-9-9-9-9-9-9-9    -9 3681701343317653111233 29765921127-9-9-9
1427 00 0-9 -9-9-9 -9-9-9-9-9-9-9-9-9-9-9-9-9-9-9-9-9-9-9-9-9-9-9-9-9    -9 1840850671658827111233 1 267036135-9-9-9
1428 00 0-9 -9-9-9 -9-9-9-9-9-9-9-9-9-9-9-9-9-9-9-9-9-9-9-9-9-9-9-9-9    -9 8647625498366910111233 49713716193-9-9-9
1429 00 0-9 -9-9-9 -9-9-9-9-9-9-9-9-9-9-9-9-9-9-9-9-9-9-9-9-9-9-9-9-9    -9 1840850671658827111233 1 164446133-9-9-9
1430 00 0-9 -9-9-9 -9-9-9-9-9-9-9-9-9-9-9-9-9-9-9-9-9-9-9-9-9-9-9-9-9    -9 4323812749183459111233 2 316721125-9-9-9
1431 00 0-9 -9-9-9 -9-9-9-9-9-9-9-9-9-9-9-9-9-9-9-9-9-9-9-9-9-9-9-9-9    -9 5522552014976470111233 39763311127-9-9-9
1432 00 0-9 -9-9-9 -9-9-9-9-9-9-9-9-9-9-9-9-9-9-9-9-9-9-9-9-9-9-9-9-9    -9 1840850671658827111233 19768136127-9-9-9
1433 00 0-9 -9-9-9 -9-9-9-9-9-9-9-9-9-9-9-9-9-9-9-9-9-9-9-9-9-9-9-9-9    -9 3681701343317653111233 3 664321141 7 817
1434 00 0-9 -9-9-9 -9-9-9-9-9-9-9-9-9-9-9-9-9-9-9-9-9-9-9-9-9-9-9-9-9    -9 2161906374591730111233 1 214916121 5 7 7
1435 00 0-9 -9-9-9 -9-9-9-9-9-9-9-9-9-9-9-9-9-9-9-9-9-9-9-9-9-9-9-9-9    -9 8647625498366910111233 49815021141 6 1 7
1436 01 0 1 681111 68-9 3 8 9 0-9 2 6 6 6 6 6 1 6 6 6 6 6 6 6 1 1-9 3 50563 4323812749183459111233 2 316521135-9-9-9
1437 10 1 1 681111 68-941 5 2 0-9 1 1 6 6 6 6 6 6 6 6 6 6 6 6 1 6 7-9 1471010809531872958640111233 6 212311132 71514
1438 00 0-9 -9-9-9 -9-9-9-9-9-9-9-9-9-9-9-9-9-9-9-9-9-9-9-9-9-9-9-9-9    -9 4323812749183459111233 2 218421125-9-9-9
1439 00 0-9 -9-9-9 -9-9-9-9-9-9-9-9-9-9-9-9-9-9-9-9-9-9-9-9-9-9-9-9-9    -9 4323812749183459111233 2 513421141 610 7
1440 00 0-9 -9-9-9 -9-9-9-9-9-9-9-9-9-9-9-9-9-9-9-9-9-9-9-9-9-9-9-9-9    -9 3681701343317653111233 49763921143-9-9-9
1441 10 0 1 681111 68-929 7 2 0-9 1 6 1 6 6 6 6 6 6 6 6 6 6 6 1 6 9-9 10089 3681701343317653111233 2 464821171 7 615
1442 00 0-9 -9-9-9 -9-9-9-9-9-9-9-9-9-9-9-9-9-9-9-9-9-9-9-9-9-9-9-9-9    -9 3681701343317653111233 2 268536125-9-9-9
1443 00 0-9 -9-9-9 -9-9-9-9-9-9-9-9-9-9-9-9-9-9-9-9-9-9-9-9-9-9-9-9-9    -9 3681701343317653111233 5 462321164-9-9-9
1444 00 0-9 -9-9-9 -9-9-9-9-9-9-9-9-9-9-9-9-9-9-9-9-9-9-9-9-9-9-9-9-9    -9 1724574746235285111232 1 268236125-9-9-9
1445 00 0-9 -9-9-9 -9-9-9-9-9-9-9-9-9-9-9-9-9-9-9-9-9-9-9-9-9-9-9-9-9    -9 4050702422251632111232 4 113721133-9-9-9
1446 00 0-9 -9-9-9 -9-9-9-9-9-9-9-9-9-9-9-9-9-9-9-9-9-9-9-9-9-9-9-9-9    -9 1724574746235285111232 1 266936135-9-9-9
1447 00 0-9 -9-9-9 -9-9-9-9-9-9-9-9-9-9-9-9-9-9-9-9-9-9-9-9-9-9-9-9-9    -9 4050702422251632111232 3 114641163-9-9-9
1448 00 0-9 -9-9-9 -9-9-9-9-9-9-9-9-9-9-9-9-9-9-9-9-9-9-9-9-9-9-9-9-9    -9 1724574746235285111232 1 267536125-9-9-9
1449 00 1 1 681111 81-981 1 035 2 1 6 1 6 6 6 6 6 6 6 6 6 6 6 1 6 8-9  102812152107266754900111232 7 212916143-9-9-9
1450 00 0-9 -9-9-9 -9-9-9-9-9-9-9-9-9-9-9-9-9-9-9-9-9-9-9-9-9-9-9-9-9    -9 4050702422251632111232 4 114321253-9-9-9
1451 10 0 1 681111 682929 3 115-9 1 6 1 6 6 6 6 6 6 6 6 6 6 6 1 6 3-9  9627 3449149492470570111232 4 462911242 7 7 9
1452 00 0-9 -9-9-9 -9-9-9-9-9-9-9-9-9-9-9-9-9-9-9-9-9-9-9-9-9-9-9-9-9    -9 1724574746235285111232 1 268236125-9-9-9
1453 00 0-9 -9-9-9 -9-9-9-9-9-9-9-9-9-9-9-9-9-9-9-9-9-9-9-9-9-9-9-9-9    -9 3449149492470570111232 2 267521127-9-9-9
1454 10 0 1 681111 68-929 6 2 0-9 1 6 1 6 6 6 6 6 6 6 6 6 6 6 1 6 1-9  6419 4047441649027366111231 4 462721162 7 7 9
1455 20 0 1 681111 68-941 5 230-9 2 6 1 6 6 6 6 6 6 6 6 6 6 6 1 1 8-9 15103 4047441649027366111231 49864121161 61514
1456 00 0-9 -9-9-9 -9-9-9-9-9-9-9-9-9-9-9-9-9-9-9-9-9-9-9-9-9-9-9-9-9    -9 4753340418392190111231 2 513211171 6 915
1457 00 0-9 -9-9-9 -9-9-9-9-9-9-9-9-9-9-9-9-9-9-9-9-9-9-9-9-9-9-9-9-9    -9 8094883298054730111231 6 263911137-9-9-9
1458 00 0-9 -9-9-9 -9-9-9-9-9-9-9-9-9-9-9-9-9-9-9-9-9-9-9-9-9-9-9-9-9    -9 4047441649027366111231 2 363516141 6 7 7
1459 00 0-9 -9-9-9 -9-9-9-9-9-9-9-9-9-9-9-9-9-9-9-9-9-9-9-9-9-9-9-9-9    -9 4753340418392190111231 4 814911191 6 511
1460 00 0-9 -9-9-9 -9-9-9-9-9-9-9-9-9-9-9-9-9-9-9-9-9-9-9-9-9-9-9-9-9    -9 8094883298054730111231 4 665521161 6 7 9
1461 00 0-9 -9-9-9 -9-9-9-9-9-9-9-9-9-9-9-9-9-9-9-9-9-9-9-9-9-9-9-9-9    -914260021255176590111231 6 113516133-9-9-9
1462 00 0-9 -9-9-9 -9-9-9-9-9-9-9-9-9-9-9-9-9-9-9-9-9-9-9-9-9-9-9-9-9    -9 4753340418392190111231 2 216421135-9-9-9
1463 00 0-9 -9-9-9 -9-9-9-9-9-9-9-9-9-9-9-9-9-9-9-9-9-9-9-9-9-9-9-9-9    -9 2376670209196099111231 19816246155-9-9-9
1464 00 0-9 -9-9-9 -9-9-9-9-9-9-9-9-9-9-9-9-9-9-9-9-9-9-9-9-9-9-9-9-9    -9 4323812749183459111233 4 314321143-9-9-9
1465 00 0-9 -9-9-9 -9-9-9-9-9-9-9-9-9-9-9-9-9-9-9-9-9-9-9-9-9-9-9-9-9    -9 3681701343317653111233 29767321137-9-9-9
1466 00 0-9 -9-9-9 -9-9-9-9-9-9-9-9-9-9-9-9-9-9-9-9-9-9-9-9-9-9-9-9-9    -9 3681701343317653111233 2 267431135-9-9-9
1467 10 1 1 681111 68-929 4 130-9 2 6 6 6 6 6 6 6 1 6 6 6 6 6 1 1-9 7  6787 3681701343317653111233 2 262211134-9-9-9
1468 00 0-9 -9-9-9 -9-9-9-9-9-9-9-9-9-9-9-9-9-9-9-9-9-9-9-9-9-9-9-9-9    -9 1840850671658827111233 2 463746183-9-9-9
1469 00 1 1 681111 81-981 6 030-9 1 1 6 6 6 6 6 6 6 6 6 6 6 6 1 6 8-9   938 3681701343317653111233 3 262216142 6 7 7
1470 00 0-9 -9-9-9 -9-9-9-9-9-9-9-9-9-9-9-9-9-9-9-9-9-9-9-9-9-9-9-9-9    -9 2161906374591730111233 19716716155-9-9-9
1471 00 0-9 -9-9-9 -9-9-9-9-9-9-9-9-9-9-9-9-9-9-9-9-9-9-9-9-9-9-9-9-9    -9 1840850671658827111233 1 267336145-9-9-9
1472 01 0 1 681111 68-9 610 315-9 2 1 6 6 6 6 6 6 6 6 6 6 6 6 1 1 1-9 29278 4323812749183459111233 2 516221185-9-9-9
1473 00 0-9 -9-9-9 -9-9-9-9-9-9-9-9-9-9-9-9-9-9-9-9-9-9-9-9-9-9-9-9-9    -9 3681701343317653111233 49862721247-9-9-9
1474 00 0-9 -9-9-9 -9-9-9-9-9-9-9-9-9-9-9-9-9-9-9-9-9-9-9-9-9-9-9-9-9    -9 4323812749183459111233 49812711253-9-9-9
1475 00 0-9 -9-9-9 -9-9-9-9-9-9-9-9-9-9-9-9-9-9-9-9-9-9-9-9-9-9-9-9-9    -9 4323812749183459111233 3 414921166-9-9-9
1476 00 0-9 -9-9-9 -9-9-9-9-9-9-9-9-9-9-9-9-9-9-9-9-9-9-9-9-9-9-9-9-9    -9 4323812749183459111233 3 613521171 6 4 8
1477 00 0-9 -9-9-9 -9-9-9-9-9-9-9-9-9-9-9-9-9-9-9-9-9-9-9-9-9-9-9-9-9    -9 6485719123775180111233 39814216151 6 719
1478 00 0-9 -9-9-9 -9-9-9-9-9-9-9-9-9-9-9-9-9-9-9-9-9-9-9-9-9-9-9-9-9    -9 1840850671658827111233 19767236127-9-9-9
1479 00 0-9 -9-9-9 -9-9-9-9-9-9-9-9-9-9-9-9-9-9-9-9-9-9-9-9-9-9-9-9-9    -9 3681701343317653111233 29863811152 7 817
1480 00 0-9 -9-9-9 -9-9-9-9-9-9-9-9-9-9-9-9-9-9-9-9-9-9-9-9-9-9-9-9-9    -9 8647625498366910111233 4 312916143-9-9-9
1481 00 0-9 -9-9-9 -9-9-9-9-9-9-9-9-9-9-9-9-9-9-9-9-9-9-9-9-9-9-9-9-9    -9 4323812749183459111233 2 217121155-9-9-9
1482 10 0 1 681111 684141 3 2 0-9 1 6 1 6 6 6 6 6 6 6 6 6 6 6 1 6 8-9 14677 4323812749183459111233 4 213311143-9-9-9
1483 00 0-9 -9-9-9 -9-9-9-9-9-9-9-9-9-9-9-9-9-9-9-9-9-9-9-9-9-9-9-9-9    -9 4323812749183459111233 2 415521151 614 8
1484 00 0-9 -9-9-9 -9-9-9-9-9-9-9-9-9-9-9-9-9-9-9-9-9-9-9-9-9-9-9-9-9    -9 4323812749183459111233 2 214421173-9-9-9
1485 00 0-9 -9-9-9 -9-9-9-9-9-9-9-9-9-9-9-9-9-9-9-9-9-9-9-9-9-9-9-9-9    -9 8647625498366910111233 6 315436121 714 6
1486 00 0-9 -9-9-9 -9-9-9-9-9-9-9-9-9-9-9-9-9-9-9-9-9-9-9-9-9-9-9-9-9    -9 2161906374591730111233 1 116916135-9-9-9
1487 00 0-9 -9-9-9 -9-9-9-9-9-9-9-9-9-9-9-9-9-9-9-9-9-9-9-9-9-9-9-9-9    -9 4323812749183459111233 4 114221143-9-9-9
1488 00 0-9 -9-9-9 -9-9-9-9-9-9-9-9-9-9-9-9-9-9-9-9-9-9-9-9-9-9-9-9-9    -912971438247550370111233 79715516133-9-9-9
1489 00 0-9 -9-9-9 -9-9-9-9-9-9-9-9-9-9-9-9-9-9-9-9-9-9-9-9-9-9-9-9-9    -9 9204253358294130111233 5 161616144-9-9-9
1490 00 0-9 -9-9-9 -9-9-9-9-9-9-9-9-9-9-9-9-9-9-9-9-9-9-9-9-9-9-9-9-9    -9 9204253358294130111233 59764216141 7 414
1491 00 0-9 -9-9-9 -9-9-9-9-9-9-9-9-9-9-9-9-9-9-9-9-9-9-9-9-9-9-9-9-9    -9 1840850671658827111233 1 167616127-9-9-9
1492 00 1 1 681111 81-981 3 030-9 1 1 6 6 6 6 6 6 6 6 6 6 6 6 1 6 9-9  1012 4323812749183459111233 3 312941141 616 5
1493 00 1 1 681111154-9-9 4 2 0-9 2 6 6 6 6 6 6 6 6 1 6 6 6 6 1 1-9 7 47891 4323812749183459111233 39812111133-9-9-9
1494 10 0 1 681111 682929 7 120-9 1 1 6 6 6 6 6 6 6 6 6 6 6 6 1 6 3-9 11332 4323812749183459111233 2 514221141 1 719
1495 00 0-9 -9-9-9 -9-9-9-9-9-9-9-9-9-9-9-9-9-9-9-9-9-9-9-9-9-9-9-9-9    -9 5522552014976470111233 3 161816163-9-9-9
1496 00 0-9 -9-9-9 -9-9-9-9-9-9-9-9-9-9-9-9-9-9-9-9-9-9-9-9-9-9-9-9-9    -9 8647625498366910111233 4 115221165-9-9-9
1497 00 0-9 -9-9-9 -9-9-9-9-9-9-9-9-9-9-9-9-9-9-9-9-9-9-9-9-9-9-9-9-9    -9 8647625498366910111233 4 715021181 6 317
1498 10 0 1 681111 -1-1-1 6 245-9 1 6 1 6 6 6 6 6 6 6 6 6 6 6 1 6 8-9    -1 3681701343317653111233 3 363521181 6 216
1499 00 0-9 -9-9-9 -9-9-9-9-9-9-9-9-9-9-9-9-9-9-9-9-9-9-9-9-9-9-9-9-9    -9 3681701343317653111233 4 263011143-9-9-9
1500 00 0-9 -9-9-9 -9-9-9-9-9-9-9-9-9-9-9-9-9-9-9-9-9-9-9-9-9-9-9-9-9    -9 4323812749183459111233 4 814721191 6 313
1501 00 0-9 -9-9-9 -9-9-9-9-9-9-9-9-9-9-9-9-9-9-9-9-9-9-9-9-9-9-9-9-9    -9 3681701343317653111233 4 863321181 6 216
1502 20 0 1 681111 682929 3 040-9 1 1 6 6 6 6 6 6 6 6 6 6 6 6 1 6 8-9  3313 1840850671658827111233 1 566316185-9-9-9
1503 10 0 1 681111 682929 6 110-9 2 6 1 6 6 6 6 6 6 6 6 6 6 6 1 1 8-9  6463 3681701343317653111233 3 664621147-9-9-9
1504 00 0-9 -9-9-9 -9-9-9-9-9-9-9-9-9-9-9-9-9-9-9-9-9-9-9-9-9-9-9-9-9    -9 3681701343317653111253 3 364021143-9-9-9
1505 00 0-9 -9-9-9 -9-9-9-9-9-9-9-9-9-9-9-9-9-9-9-9-9-9-9-9-9-9-9-9-9    -9 3681701343317653111253 29767036127-9-9-9
1506 00 0-9 -9-9-9 -9-9-9-9-9-9-9-9-9-9-9-9-9-9-9-9-9-9-9-9-9-9-9-9-9    -9 3681701343317653111253 4 664021167-9-9-9
1507 00 0-9 -9-9-9 -9-9-9-9-9-9-9-9-9-9-9-9-9-9-9-9-9-9-9-9-9-9-9-9-9    -9 4323812749183459111253 4 613421171 613 3
1508 00 0-9 -9-9-9 -9-9-9-9-9-9-9-9-9-9-9-9-9-9-9-9-9-9-9-9-9-9-9-9-9    -9 3681701343317653111253 4 463321174-9-9-9
1509 10 0 1 681111 68-941 6 130-9 1 6 1 6 6 6 6 6 6 6 6 6 6 6 1 6 1-9 13969 1840850671658827111253 1 262616161 6 817
1510 10 0 1 681111 682929 4 2 0-9 1 6 1 6 6 6 6 6 6 6 6 6 6 6 1 611-9  6392 3681701343317653111253 3 663911183-9-9-9
1511 00 0-9 -9-9-9 -9-9-9-9-9-9-9-9-9-9-9-9-9-9-9-9-9-9-9-9-9-9-9-9-9    -9 8647625498366910111253 49712716141 5 7 7
1512 00 0-9 -9-9-9 -9-9-9-9-9-9-9-9-9-9-9-9-9-9-9-9-9-9-9-9-9-9-9-9-9    -9 3681701343317653111253 29765621147-9-9-9
1513 10 0 1 681211 682929 5 040-9 1 1 6 6 6 6 6 6 6 6 6 6 6 6 1 6 8-9  4122 4323812749183459111253 29813721151 6 4 9
1514 00 0-9 -9-9-9 -9-9-9-9-9-9-9-9-9-9-9-9-9-9-9-9-9-9-9-9-9-9-9-9-9    -9 6485719123775180111253 39712816171 613 3
1515 00 0-9 -9-9-9 -9-9-9-9-9-9-9-9-9-9-9-9-9-9-9-9-9-9-9-9-9-9-9-9-9    -9 5522552014976470111253 3 265321137-9-9-9
1516 00 0-9 -9-9-9 -9-9-9-9-9-9-9-9-9-9-9-9-9-9-9-9-9-9-9-9-9-9-9-9-9    -9 7363402686635300111253 4 364921127-9-9-9
1517 20 0 1 681111 682929 6 1 0-9 1 6 1 6 6 6 6 6 6 6 6 6 6 6 1 6 1-9  8717 1840850671658827111253 4 164346163-9-9-9
1518 00 0-9 -9-9-9 -9-9-9-9-9-9-9-9-9-9-9-9-9-9-9-9-9-9-9-9-9-9-9-9-9    -9 6485719123775180111253 3 214921135-9-9-9
1519 10 0 1 681111 682929 4 1 0-9 1 6 1 6 6 6 6 6 6 6 6 6 6 6 1 6 8-9  6609 1840850671658827111253 1 165236133-9-9-9
1520 00 1 2 682929190-9-9 4 230-9 2 6 6 6 6 6 6 6 6 6 1 6 6 6 1 1-9 6194210 5522552014976470111253 4 464021147-9-9-9
1521 00 0-9 -9-9-9 -9-9-9-9-9-9-9-9-9-9-9-9-9-9-9-9-9-9-9-9-9-9-9-9-9    -9 4323812749183459111253 4 313421141 711 6
1522 00 0-9 -9-9-9 -9-9-9-9-9-9-9-9-9-9-9-9-9-9-9-9-9-9-9-9-9-9-9-9-9    -9 9204253358294130111253 5 664821137-9-9-9
1523 11 0 1 681111 68-938 4 4 0-9 2 6 1 6 6 6 6 6 6 6 1 6 6 6 1 1-9-9    -1 5522552014976470111253 3 864941151 6 615
1524 00 0-9 -9-9-9 -9-9-9-9-9-9-9-9-9-9-9-9-9-9-9-9-9-9-9-9-9-9-9-9-9    -9 7363402686635300111253 5 262016154-9-9-9
1525 00 0-9 -9-9-9 -9-9-9-9-9-9-9-9-9-9-9-9-9-9-9-9-9-9-9-9-9-9-9-9-9    -9 8647625498366910111253 4 316121131 61515
1526 00 0-9 -9-9-9 -9-9-9-9-9-9-9-9-9-9-9-9-9-9-9-9-9-9-9-9-9-9-9-9-9    -9 5522552014976470111253 3 665621147-9-9-9
1527 00 0-9 -9-9-9 -9-9-9-9-9-9-9-9-9-9-9-9-9-9-9-9-9-9-9-9-9-9-9-9-9    -9 6485719123775180111253 4 314521131 616 6
1528 00 0-9 -9-9-9 -9-9-9-9-9-9-9-9-9-9-9-9-9-9-9-9-9-9-9-9-9-9-9-9-9    -9 5522552014976470111253 4 363821143-9-9-9
1529 00 0-9 -9-9-9 -9-9-9-9-9-9-9-9-9-9-9-9-9-9-9-9-9-9-9-9-9-9-9-9-9    -9 7363402686635300111253 4 764521142 41520
1530 00 0-9 -9-9-9 -9-9-9-9-9-9-9-9-9-9-9-9-9-9-9-9-9-9-9-9-9-9-9-9-9    -9 4323812749183459111253 2 216421233-9-9-9
1531 00 0-9 -9-9-9 -9-9-9-9-9-9-9-9-9-9-9-9-9-9-9-9-9-9-9-9-9-9-9-9-9    -9 8647625498366910111253 59712016133-9-9-9
1532 00 0-9 -9-9-9 -9-9-9-9-9-9-9-9-9-9-9-9-9-9-9-9-9-9-9-9-9-9-9-9-9    -9 5522552014976470111253 5 265021127-9-9-9
1533 11 0 1 681111 68-9 8 5 3 0-9 2 6 1 6 6 6 6 6 6 6 1 6 6 6 1 1-9-9 89459 5522552014976470111253 4 362016152 71514
1534 00 0-9 -9-9-9 -9-9-9-9-9-9-9-9-9-9-9-9-9-9-9-9-9-9-9-9-9-9-9-9-9    -9 4323812749183459111253 2 713821181 6 315
1535 11 0 2 68-933 68-941 4 630-9 1 1 6 6 6 6 6 6 6 6 6 6 6 6 1 1 8-9 65129 4323812749183459111253 2 312416163-9-9-9
1536 00 0-9 -9-9-9 -9-9-9-9-9-9-9-9-9-9-9-9-9-9-9-9-9-9-9-9-9-9-9-9-9    -9 3681701343317653111253 2 464721163-9-9-9
1537 10 0 1 681111 681818 4 3 0-9 1 1 6 6 6 6 6 6 6 6 6 6 6 6 1 6 7-9 20113 4323812749183459111253 3 715021171 613 3
1538 00 0-9 -9-9-9 -9-9-9-9-9-9-9-9-9-9-9-9-9-9-9-9-9-9-9-9-9-9-9-9-9    -9 4323812749183459111253 2 515816131 612 3
1539 00 0-9 -9-9-9 -9-9-9-9-9-9-9-9-9-9-9-9-9-9-9-9-9-9-9-9-9-9-9-9-9    -9 5522552014976470111253 3 564821293-9-9-9
1540 00 0-9 -9-9-9 -9-9-9-9-9-9-9-9-9-9-9-9-9-9-9-9-9-9-9-9-9-9-9-9-9    -9 3681701343317653111253 2 763021161 6 5 7
1541 00 0-9 -9-9-9 -9-9-9-9-9-9-9-9-9-9-9-9-9-9-9-9-9-9-9-9-9-9-9-9-9    -9 3681701343317653111253 2 263121153-9-9-9
1542 00 0-9 -9-9-9 -9-9-9-9-9-9-9-9-9-9-9-9-9-9-9-9-9-9-9-9-9-9-9-9-9    -9 3681701343317653111253 3 763821157-9-9-9
1543 00 0-9 -9-9-9 -9-9-9-9-9-9-9-9-9-9-9-9-9-9-9-9-9-9-9-9-9-9-9-9-9    -9 4323812749183459111253 4 513421163-9-9-9
1544 00 0-9 -9-9-9 -9-9-9-9-9-9-9-9-9-9-9-9-9-9-9-9-9-9-9-9-9-9-9-9-9    -9 5173724238705850111252 4 268436125-9-9-9
1545 00 0-9 -9-9-9 -9-9-9-9-9-9-9-9-9-9-9-9-9-9-9-9-9-9-9-9-9-9-9-9-9    -9 4050702422251632111252 3 614111181 7 515
1546 00 0-9 -9-9-9 -9-9-9-9-9-9-9-9-9-9-9-9-9-9-9-9-9-9-9-9-9-9-9-9-9    -9 4050702422251632111252 2 316421151 6 918
1547 00 0-9 -9-9-9 -9-9-9-9-9-9-9-9-9-9-9-9-9-9-9-9-9-9-9-9-9-9-9-9-9    -9 2025351211125816111252 1 214416142 7 1 8
1548 00 0-9 -9-9-9 -9-9-9-9-9-9-9-9-9-9-9-9-9-9-9-9-9-9-9-9-9-9-9-9-9    -9 3449149492470570111252 2 465921141 61515
1549 00 0-9 -9-9-9 -9-9-9-9-9-9-9-9-9-9-9-9-9-9-9-9-9-9-9-9-9-9-9-9-9    -9 4050702422251632111252 2 216111141 61017
1550 00 0-9 -9-9-9 -9-9-9-9-9-9-9-9-9-9-9-9-9-9-9-9-9-9-9-9-9-9-9-9-9    -9 3449149492470570111252 4 363721143-9-9-9
1551 00 0-9 -9-9-9 -9-9-9-9-9-9-9-9-9-9-9-9-9-9-9-9-9-9-9-9-9-9-9-9-9    -9 5173724238705850111252 3 266221147-9-9-9
1552 00 0-9 -9-9-9 -9-9-9-9-9-9-9-9-9-9-9-9-9-9-9-9-9-9-9-9-9-9-9-9-9    -9 5173724238705850111252 4 363721147-9-9-9
1553 01 0 1 681111 68-928 6 6 0-9 2 1 6 6 6 6 6 6 6 6 6 6 6 6 1 1 7-9 50098 4050702422251632111252 39713121161 613 3
1554 00 0-9 -9-9-9 -9-9-9-9-9-9-9-9-9-9-9-9-9-9-9-9-9-9-9-9-9-9-9-9-9    -9 1840850671658827111263 1 266436127-9-9-9
1555 00 0-9 -9-9-9 -9-9-9-9-9-9-9-9-9-9-9-9-9-9-9-9-9-9-9-9-9-9-9-9-9    -910809531872958640111263 6 415021131 114 8
1556 00 0-9 -9-9-9 -9-9-9-9-9-9-9-9-9-9-9-9-9-9-9-9-9-9-9-9-9-9-9-9-9    -9 3681701343317653111263 4 263821142 71515
1557 10 0 1 681111 68-929 7 230-9 1 1 1 6 6 6 6 6 6 6 6 6 6 6 1 6 8-9  5581 3681701343317653111263 2 364721153-9-9-9
1558 00 0-9 -9-9-9 -9-9-9-9-9-9-9-9-9-9-9-9-9-9-9-9-9-9-9-9-9-9-9-9-9    -9 5522552014976470111263 4 266536127-9-9-9
1559 00 0-9 -9-9-9 -9-9-9-9-9-9-9-9-9-9-9-9-9-9-9-9-9-9-9-9-9-9-9-9-9    -9 4323812749183459111263 2 516521195-9-9-9
1560 00 0-9 -9-9-9 -9-9-9-9-9-9-9-9-9-9-9-9-9-9-9-9-9-9-9-9-9-9-9-9-9    -9 4323812749183459111263 4 314521151 6 915
1561 00 0-9 -9-9-9 -9-9-9-9-9-9-9-9-9-9-9-9-9-9-9-9-9-9-9-9-9-9-9-9-9    -9 3681701343317653111263 4 263311143-9-9-9
1562 00 0-9 -9-9-9 -9-9-9-9-9-9-9-9-9-9-9-9-9-9-9-9-9-9-9-9-9-9-9-9-9    -9 1840850671658827111263 1 267536127-9-9-9
1563 00 0-9 -9-9-9 -9-9-9-9-9-9-9-9-9-9-9-9-9-9-9-9-9-9-9-9-9-9-9-9-9    -9 4323812749183459111263 2 313011141 4 7 9
1564 10 0 1 681211 68-941 4 2 0-9 2 6 1 6 6 6 6 6 6 6 6 6 6 6 1 1 8-9 11437 4050702422251632111262 2 116446133-9-9-9
1565 00 0-9 -9-9-9 -9-9-9-9-9-9-9-9-9-9-9-9-9-9-9-9-9-9-9-9-9-9-9-9-9    -9 3449149492470570111262 4 364021143-9-9-9
1566 00 0-9 -9-9-9 -9-9-9-9-9-9-9-9-9-9-9-9-9-9-9-9-9-9-9-9-9-9-9-9-9    -9 3449149492470570111262 2 267821127-9-9-9
1567 00 0-9 -9-9-9 -9-9-9-9-9-9-9-9-9-9-9-9-9-9-9-9-9-9-9-9-9-9-9-9-9    -9 5173724238705850111262 4 464111161 6 817
1568 00 0-9 -9-9-9 -9-9-9-9-9-9-9-9-9-9-9-9-9-9-9-9-9-9-9-9-9-9-9-9-9    -9 3449149492470570111262 4 363121153-9-9-9
1569 00 0-9 -9-9-9 -9-9-9-9-9-9-9-9-9-9-9-9-9-9-9-9-9-9-9-9-9-9-9-9-9    -9 3449149492470570111262 2 268121126-9-9-9
1570 00 0-9 -9-9-9 -9-9-9-9-9-9-9-9-9-9-9-9-9-9-9-9-9-9-9-9-9-9-9-9-9    -9 4050702422251632111262 3 513121141 711 3
1571 10 0 1 681211 682929 4 045-9 1 6 1 6 6 6 6 6 6 6 6 6 6 6 1 6 1-9  1949 3449149492470570111262 2 363121143-9-9-9
1572 10 0 2 -1-1-1 682929 1 2 0 5 1 1 6 6 6 6 6 6 6 6 6 6 6 6 6 6 8-9    -1 4050702422251632111262 4 713721151 1 117
1573 00 0-9 -9-9-9 -9-9-9-9-9-9-9-9-9-9-9-9-9-9-9-9-9-9-9-9-9-9-9-9-9    -9 4050702422251632111262 2 217821135-9-9-9
1574 10 2 1 681111 68292910 030-9 1 1 6 6 6 6 6 6 6 6 6 6 6 6 1 1 4-9  3448 3681701343317653111233 3 563311177-9-9-9
1575 00 0-9 -9-9-9 -9-9-9-9-9-9-9-9-9-9-9-9-9-9-9-9-9-9-9-9-9-9-9-9-9    -9 4323812749183459111233 2 218521125-9-9-9
1576 00 0-9 -9-9-9 -9-9-9-9-9-9-9-9-9-9-9-9-9-9-9-9-9-9-9-9-9-9-9-9-9    -9 4323812749183459111233 3 214121163-9-9-9
1577 00 0-9 -9-9-9 -9-9-9-9-9-9-9-9-9-9-9-9-9-9-9-9-9-9-9-9-9-9-9-9-9    -9 5522552014976470111233 39767621136-9-9-9
1578 00 0-9 -9-9-9 -9-9-9-9-9-9-9-9-9-9-9-9-9-9-9-9-9-9-9-9-9-9-9-9-9    -9 4323812749183459111233 29715816141 7 4 7
1579 00 0-9 -9-9-9 -9-9-9-9-9-9-9-9-9-9-9-9-9-9-9-9-9-9-9-9-9-9-9-9-9    -9 3681701343317653111233 29868421136-9-9-9
1580 00 0-9 -9-9-9 -9-9-9-9-9-9-9-9-9-9-9-9-9-9-9-9-9-9-9-9-9-9-9-9-9    -9 4323812749183459111233 4 213321381 6 7 9
1581 00 0-9 -9-9-9 -9-9-9-9-9-9-9-9-9-9-9-9-9-9-9-9-9-9-9-9-9-9-9-9-9    -9 3681701343317653111233 29767736185-9-9-9
1582 10 0 1 681111 684141 6 3 0-9 2 1 6 6 6 6 6 6 6 6 6 6 6 6 1 1 4-9 14695 1840850671658827111233 1 564516191 6 216
1583 00 0-9 -9-9-9 -9-9-9-9-9-9-9-9-9-9-9-9-9-9-9-9-9-9-9-9-9-9-9-9-9    -9 4323812749183459111233 2 316721135-9-9-9
1584 10 2 1 681111 682929 6 2 0-9 1 6 6 6 6 6 1 6 6 6 6 6 6 6 1 1-9 2  9916 4323812749183459111233 2 517521165-9-9-9
1585 00 0-9 -9-9-9 -9-9-9-9-9-9-9-9-9-9-9-9-9-9-9-9-9-9-9-9-9-9-9-9-9    -9 4323812749183459111233 2 317121145-9-9-9
1586 00 0-9 -9-9-9 -9-9-9-9-9-9-9-9-9-9-9-9-9-9-9-9-9-9-9-9-9-9-9-9-9    -9 5522552014976470111233 3 565621131 4 7 7
1587 00 0-9 -9-9-9 -9-9-9-9-9-9-9-9-9-9-9-9-9-9-9-9-9-9-9-9-9-9-9-9-9    -9 4323812749183459111233 2 218521145-9-9-9
1588 00 0-9 -9-9-9 -9-9-9-9-9-9-9-9-9-9-9-9-9-9-9-9-9-9-9-9-9-9-9-9-9    -9 4323812749183459111233 2 414116142 6 5 7
1589 00 0-9 -9-9-9 -9-9-9-9-9-9-9-9-9-9-9-9-9-9-9-9-9-9-9-9-9-9-9-9-9    -9 3681701343317653111233 2 465946137-9-9-9
1590 00 0-9 -9-9-9 -9-9-9-9-9-9-9-9-9-9-9-9-9-9-9-9-9-9-9-9-9-9-9-9-9    -9 7363402686635300111233 4 664521142 616 7
1591 00 0-9 -9-9-9 -9-9-9-9-9-9-9-9-9-9-9-9-9-9-9-9-9-9-9-9-9-9-9-9-9    -9 3681701343317653111233 2 465721147-9-9-9
1592 10 1 1 681111 81-981 1 015 1 1 6 6 6 6 6 6 6 6 6 6 6 1 6 6 611-9   264 3681701343317653111233 39762216132 71514
1593 00 0-9 -9-9-9 -9-9-9-9-9-9-9-9-9-9-9-9-9-9-9-9-9-9-9-9-9-9-9-9-9    -9 4323812749183459111233 2 217221135-9-9-9
1594 00 0-9 -9-9-9 -9-9-9-9-9-9-9-9-9-9-9-9-9-9-9-9-9-9-9-9-9-9-9-9-9    -9 5522552014976470111233 39765936127-9-9-9
1595 00 0-9 -9-9-9 -9-9-9-9-9-9-9-9-9-9-9-9-9-9-9-9-9-9-9-9-9-9-9-9-9    -9 4323812749183459111233 2 217621125-9-9-9
1596 00 0-9 -9-9-9 -9-9-9-9-9-9-9-9-9-9-9-9-9-9-9-9-9-9-9-9-9-9-9-9-9    -9 2161906374591730111233 1 117836125-9-9-9
1597 10 0 1 681111 682929 4 1 0-9 1 6 1 6 6 6 6 6 6 6 6 6 6 6 1 6 8-9  5569 7363402686635300111233 4 165521137-9-9-9
1598 01 0 1 681111 68-928 4 2 0-9 2 6 1 6 6 6 6 6 6 6 1 6 6 6 1 1-9-9 50167 5522552014976470111233 39866136127-9-9-9
1599 00 0-9 -9-9-9 -9-9-9-9-9-9-9-9-9-9-9-9-9-9-9-9-9-9-9-9-9-9-9-9-9    -9 2161906374591730111233 1 117336145-9-9-9
1600 00 0-9 -9-9-9 -9-9-9-9-9-9-9-9-9-9-9-9-9-9-9-9-9-9-9-9-9-9-9-9-9    -9 5522552014976470111233 49766221127-9-9-9
1601 00 0-9 -9-9-9 -9-9-9-9-9-9-9-9-9-9-9-9-9-9-9-9-9-9-9-9-9-9-9-9-9    -9 3681701343317653111233 2 267421125-9-9-9
1602 00 0-9 -9-9-9 -9-9-9-9-9-9-9-9-9-9-9-9-9-9-9-9-9-9-9-9-9-9-9-9-9    -9 3681701343317653111233 4 463911172 6 7 7
1603 02 0 2 681211 68-9 6 7 545-9 1 1 6 6 6 6 6 6 6 6 6 6 6 6 1 611-9 29185 2161906374591730111233 1 113716183-9-9-9
1604 10 0 1 681111 682929 6 030-9 1 1 1 6 6 6 6 6 6 6 6 6 6 6 1 6 1-9  2517 4323812749183459111233 2 313441241 7 4 6
1605 00 1 1 681111 81-981 3 010-9 1 1 6 6 6 6 6 6 6 6 6 6 6 6 6 6 1-9   33910809531872958640111233 5 411816161 6 7 9
1606 10 0 1 681111 682929 6 1 0-9 1 6 1 6 6 6 6 6 6 6 6 6 6 6 1 6 8-9 10309 5522552014976470111233 3 562716143-9-9-9
1607 00 0-9 -9-9-9 -9-9-9-9-9-9-9-9-9-9-9-9-9-9-9-9-9-9-9-9-9-9-9-9-9    -9 3681701343317653111233 4 364321167-9-9-9
1608 00 0-9 -9-9-9 -9-9-9-9-9-9-9-9-9-9-9-9-9-9-9-9-9-9-9-9-9-9-9-9-9    -9 2161906374591730111233 1 514746171 6 515
1609 00 1 1 681111 81-981 6 020-9 1 1 6 6 6 6 6 6 6 6 6 6 6 6 6 6 1-9   339 8647625498366910111233 49814321181 6 915
1610 00 0-9 -9-9-9 -9-9-9-9-9-9-9-9-9-9-9-9-9-9-9-9-9-9-9-9-9-9-9-9-9    -9 4323812749183459111233 2 218221125-9-9-9
1611 00 1 1 681111 81-981 1 230 5 1 6 6 6 6 6 6 6 6 6 1 6 6 6 6 1-910   28710809531872958640111233 7 816321241 6 2 8
1612 21 0 1 681111 68-928 1 610 5 2 1 6 6 6 6 6 6 6 6 6 6 6 6 6 1 4-9 50164 4323812749183459111233 2 515616191 6 817
1613 00 0-9 -9-9-9 -9-9-9-9-9-9-9-9-9-9-9-9-9-9-9-9-9-9-9-9-9-9-9-9-9    -9 4323812749183459111233 2 218121195-9-9-9
1614 00 0-9 -9-9-9 -9-9-9-9-9-9-9-9-9-9-9-9-9-9-9-9-9-9-9-9-9-9-9-9-9    -9 4323812749183459111233 2 516121155-9-9-9
1615 10 0 1 681111 68292910 1 0-9 1 1 6 6 6 6 6 6 6 6 6 6 6 6 1 6 8-9  5554 4323812749183459111233 3 813921171 6 4 3
1616 00 0-9 -9-9-9 -9-9-9-9-9-9-9-9-9-9-9-9-9-9-9-9-9-9-9-9-9-9-9-9-9    -9 3681701343317653111233 29767421125-9-9-9
1617 01 0 1 681111 68-928 9 530-9 2 6 6 6 6 6 6 6 1 6 6 6 6 6 6 1-9 1 50166 1840850671658827111233 1 367336135-9-9-9
1618 00 0-9 -9-9-9 -9-9-9-9-9-9-9-9-9-9-9-9-9-9-9-9-9-9-9-9-9-9-9-9-9    -9 1840850671658827111233 19866836135-9-9-9
1619 10 0 1 681111 68-929 6 2 0-9 1 6 1 6 6 6 6 6 6 6 6 6 6 6 1 6 8-9  5407 7363402686635300111233 49762216184-9-9-9
1620 10 0 1 681111 682929 6 030-9 1 6 1 6 6 6 6 6 6 6 6 6 6 6 1 6 6-9  2509 5522552014976470111233 3 363926153-9-9-9
1621 10 0 1 681111 682929 8 130-9 2 1 6 6 6 6 6 6 6 6 6 6 6 6 1 1 8-9 10284 4323812749183459111233 2 513221141 614 3
1622 10 0 1 681111 682929 4 130-9 1 6 6 6 6 6 1 6 6 6 6 6 6 6 1 6-9 3  4799 1840850671658827111233 1 267936135-9-9-9
1623 00 0-9 -9-9-9 -9-9-9-9-9-9-9-9-9-9-9-9-9-9-9-9-9-9-9-9-9-9-9-9-9    -9 5522552014976470111233 5 364111163-9-9-9
1624 00 0-9 -9-9-9 -9-9-9-9-9-9-9-9-9-9-9-9-9-9-9-9-9-9-9-9-9-9-9-9-9    -9 5522552014976470111233 4 464221162 6 8 9
1625 00 0-9 -9-9-9 -9-9-9-9-9-9-9-9-9-9-9-9-9-9-9-9-9-9-9-9-9-9-9-9-9    -9 1840850671658827111233 1 168636125-9-9-9
1626 00 1 1 681111 81-981 1 015 1 1 1 6 1 6 6 6 6 6 6 6 6 6 6 1 6 8-9   314 4323812749183459111233 2 513721171 6 611
1627 10 0 1 681111 682929 6 040-9 1 6 6 6 6 6 1 6 6 6 6 6 6 6 1 6-9 4  2487 1840850671658827111233 1 267736125-9-9-9
1628 00 0-9 -9-9-9 -9-9-9-9-9-9-9-9-9-9-9-9-9-9-9-9-9-9-9-9-9-9-9-9-9    -9 7363402686635300111233 4 462916141 7 514
1629 00 1 1 681111 81-981 6 030-9 1 6 6 6 6 6 6 6 6 6 6 6 6 1 1 6-910   309 1840850671658827111233 1 167716135-9-9-9
1630 20 0 1 681111 68-921 6 330-9 2 1 6 6 6 6 6 6 6 6 6 6 6 6 1 1 8-9 20422 8647625498366910111233 49816021191 6 216
1631 10 0 1 681111 684141 3 210-9 2 6 1 6 6 6 6 6 6 6 6 6 6 6 1 1 8-9 14562 3681701343317653111233 3 563821173-9-9-9
1632 00 0-9 -9-9-9 -9-9-9-9-9-9-9-9-9-9-9-9-9-9-9-9-9-9-9-9-9-9-9-9-9    -9 5522552014976470111233 39765921137-9-9-9
1633 00 0-9 -9-9-9 -9-9-9-9-9-9-9-9-9-9-9-9-9-9-9-9-9-9-9-9-9-9-9-9-9    -9 8647625498366910111233 4 615421151 6 4 2
1634 00 0-9 -9-9-9 -9-9-9-9-9-9-9-9-9-9-9-9-9-9-9-9-9-9-9-9-9-9-9-9-9    -9 5522552014976470111233 3 363916141 6 7 9
1635 00 0-9 -9-9-9 -9-9-9-9-9-9-9-9-9-9-9-9-9-9-9-9-9-9-9-9-9-9-9-9-9    -9 6485719123775180111233 49714821151 6 5 8
1636 00 0-9 -9-9-9 -9-9-9-9-9-9-9-9-9-9-9-9-9-9-9-9-9-9-9-9-9-9-9-9-9    -9 3681701343317653111233 4 563121153-9-9-9
1637 10 0 1 681111 68-921 6 330-9 2 6 1 6 6 6 6 6 6 6 6 6 6 6 1 1 8-9 20396 3681701343317653111233 39864321147-9-9-9
1638 10 0 1 681111 68-921 4 3 0-9 2 6 1 6 6 6 6 6 6 6 6 6 6 6 1 1 8-9 20417 5522552014976470111233 39866421147-9-9-9
1639 00 0-9 -9-9-9 -9-9-9-9-9-9-9-9-9-9-9-9-9-9-9-9-9-9-9-9-9-9-9-9-9    -9 3681701343317653111233 29866121137-9-9-9
1640 00 0-9 -9-9-9 -9-9-9-9-9-9-9-9-9-9-9-9-9-9-9-9-9-9-9-9-9-9-9-9-9    -9 1840850671658827111233 1 163826143-9-9-9
1641 10 0 1 681211 68-929 2 4 0 4 2 6 6 6 6 6 1 6 6 6 6 6 6 6 1 1-9 3  9123 5522552014976470111233 39766021343-9-9-9
1642 00 0-9 -9-9-9 -9-9-9-9-9-9-9-9-9-9-9-9-9-9-9-9-9-9-9-9-9-9-9-9-9    -9 4323812749183459111233 3 213721243-9-9-9
1643 00 0-9 -9-9-9 -9-9-9-9-9-9-9-9-9-9-9-9-9-9-9-9-9-9-9-9-9-9-9-9-9    -9 4323812749183459111233 2 815141241 611 6
1644 10 0 1 681211 682929 4 050-9 1 1 6 6 6 6 6 6 6 6 6 6 6 6 1 6 8-9  3456 4323812749183459111233 2 316221145-9-9-9
1645 10 0 1 681211 682929 6 040-9 1 6 1 6 6 6 6 6 6 6 6 6 6 6 1 6 1-9  2523 3681701343317653111233 2 366121127-9-9-9
1646 00 0-9 -9-9-9 -9-9-9-9-9-9-9-9-9-9-9-9-9-9-9-9-9-9-9-9-9-9-9-9-9    -9 6485719123775180111233 3 212616143-9-9-9
1647 10 0 1 681111 682929 6 1 0-9 2 1 6 6 6 6 6 6 6 6 6 6 6 6 1 1 8-9  5562 6485719123775180111233 4 115021143-9-9-9
1648 00 0-9 -9-9-9 -9-9-9-9-9-9-9-9-9-9-9-9-9-9-9-9-9-9-9-9-9-9-9-9-9    -9 4323812749183459111233 29815621191 6 7 7
1649 00 0-9 -9-9-9 -9-9-9-9-9-9-9-9-9-9-9-9-9-9-9-9-9-9-9-9-9-9-9-9-9    -9 4323812749183459111233 3 213121161 7 4 3
1650 00 0-9 -9-9-9 -9-9-9-9-9-9-9-9-9-9-9-9-9-9-9-9-9-9-9-9-9-9-9-9-9    -9 5522552014976470111233 3 366736125-9-9-9
1651 00 1 1 681111 81-981 1 025 1 1 1 6 6 6 6 6 6 6 6 6 6 6 6 6 6 6-9   355 6485719123775180111233 5 313221171 7 915
1652 00 0-9 -9-9-9 -9-9-9-9-9-9-9-9-9-9-9-9-9-9-9-9-9-9-9-9-9-9-9-9-9    -9 4323812749183459111233 2 514821181 6 217
1653 00 0-9 -9-9-9 -9-9-9-9-9-9-9-9-9-9-9-9-9-9-9-9-9-9-9-9-9-9-9-9-9    -9 6485719123775180111233 3 311616234-9-9-9
1654 10 1 2 681211 81-981 3 010-9 1 1 6 6 6 6 6 6 6 6 6 6 6 6 6 6 6-9   705 4323812749183459111233 3 713211171 613 3
1655 00 0-9 -9-9-9 -9-9-9-9-9-9-9-9-9-9-9-9-9-9-9-9-9-9-9-9-9-9-9-9-9    -9 2161906374591730111233 1 315616176-9-9-9
1656 00 0-9 -9-9-9 -9-9-9-9-9-9-9-9-9-9-9-9-9-9-9-9-9-9-9-9-9-9-9-9-9    -9 1840850671658827111233 1 366346285-9-9-9
1657 00 0-9 -9-9-9 -9-9-9-9-9-9-9-9-9-9-9-9-9-9-9-9-9-9-9-9-9-9-9-9-9    -9 4323812749183459111233 2 314416123-9-9-9
1658 00 0-9 -9-9-9 -9-9-9-9-9-9-9-9-9-9-9-9-9-9-9-9-9-9-9-9-9-9-9-9-9    -9 1840850671658827111233 1 267036135-9-9-9
1659 01 0 1 681111 68-916 1 9 0 4 2 1 6 6 6 6 6 6 6 6 6 6 6 6 1 1 8-9 49753 4323812749183459111233 3 212011263-9-9-9
1660 00 0-9 -9-9-9 -9-9-9-9-9-9-9-9-9-9-9-9-9-9-9-9-9-9-9-9-9-9-9-9-9    -910809531872958640111233 59711816143-9-9-9
1661 00 0-9 -9-9-9 -9-9-9-9-9-9-9-9-9-9-9-9-9-9-9-9-9-9-9-9-9-9-9-9-9    -9 4323812749183459111233 2 217921135-9-9-9
1662 00 0-9 -9-9-9 -9-9-9-9-9-9-9-9-9-9-9-9-9-9-9-9-9-9-9-9-9-9-9-9-9    -9 5522552014976470111233 3 266221127-9-9-9
1663 00 0-9 -9-9-9 -9-9-9-9-9-9-9-9-9-9-9-9-9-9-9-9-9-9-9-9-9-9-9-9-9    -9 2161906374591730111233 1 214716163-9-9-9
1664 00 0-9 -9-9-9 -9-9-9-9-9-9-9-9-9-9-9-9-9-9-9-9-9-9-9-9-9-9-9-9-9    -9 3681701343317653111233 49863321247-9-9-9
1665 00 0-9 -9-9-9 -9-9-9-9-9-9-9-9-9-9-9-9-9-9-9-9-9-9-9-9-9-9-9-9-9    -9 4323812749183459111233 2 217421135-9-9-9
1666 01 0 1 681111 68-9 3 8 7 0-9 2 6 6 6 6 6 6 1 6 6 6 6 6 6 6 1-912 49584 1840850671658827111233 1 166446135-9-9-9
1667 00 0-9 -9-9-9 -9-9-9-9-9-9-9-9-9-9-9-9-9-9-9-9-9-9-9-9-9-9-9-9-9    -9 4323812749183459111233 3 112611133-9-9-9
1668 00 0-9 -9-9-9 -9-9-9-9-9-9-9-9-9-9-9-9-9-9-9-9-9-9-9-9-9-9-9-9-9    -9 2161906374591730111233 1 114046133-9-9-9
1669 00 0-9 -9-9-9 -9-9-9-9-9-9-9-9-9-9-9-9-9-9-9-9-9-9-9-9-9-9-9-9-9    -9 3681701343317653111233 2 267721137-9-9-9
1670 00 0-9 -9-9-9 -9-9-9-9-9-9-9-9-9-9-9-9-9-9-9-9-9-9-9-9-9-9-9-9-9    -9 3681701343317653111233 2 168836125-9-9-9
1671 00 0-9 -9-9-9 -9-9-9-9-9-9-9-9-9-9-9-9-9-9-9-9-9-9-9-9-9-9-9-9-9    -9 4323812749183459111233 2 215921135-9-9-9
1672 00 0-9 -9-9-9 -9-9-9-9-9-9-9-9-9-9-9-9-9-9-9-9-9-9-9-9-9-9-9-9-9    -9 1840850671658827111233 1 267736125-9-9-9
1673 70 0 1 681111 68-918 1 245 2 2 1 6 6 6 6 6 6 6 6 6 6 6 6 6 6 8-9 22540 4323812749183459111233 2 614621171 6 615
1674 00 0-9 -9-9-9 -9-9-9-9-9-9-9-9-9-9-9-9-9-9-9-9-9-9-9-9-9-9-9-9-9    -9 5522552014976470111233 3 266536135-9-9-9
1675 00 0-9 -9-9-9 -9-9-9-9-9-9-9-9-9-9-9-9-9-9-9-9-9-9-9-9-9-9-9-9-9    -9 9204253358294130111233 7 164316123-9-9-9
1676 00 0-9 -9-9-9 -9-9-9-9-9-9-9-9-9-9-9-9-9-9-9-9-9-9-9-9-9-9-9-9-9    -9 5522552014976470111233 4 265516133-9-9-9
1677 00 0-9 -9-9-9 -9-9-9-9-9-9-9-9-9-9-9-9-9-9-9-9-9-9-9-9-9-9-9-9-9    -9 5522552014976470111233 3 267636125-9-9-9
1678 00 0-9 -9-9-9 -9-9-9-9-9-9-9-9-9-9-9-9-9-9-9-9-9-9-9-9-9-9-9-9-9    -9 7363402686635300111233 5 165436127-9-9-9
1679 00 0-9 -9-9-9 -9-9-9-9-9-9-9-9-9-9-9-9-9-9-9-9-9-9-9-9-9-9-9-9-9    -9 3681701343317653111233 2 265421147-9-9-9
1680 00 0-9 -9-9-9 -9-9-9-9-9-9-9-9-9-9-9-9-9-9-9-9-9-9-9-9-9-9-9-9-9    -9 4323812749183459111233 4 414021161 6 7 9
1681 00 0-9 -9-9-9 -9-9-9-9-9-9-9-9-9-9-9-9-9-9-9-9-9-9-9-9-9-9-9-9-9    -9 5522552014976470111233 3 265621137-9-9-9
1682 10 0 1 681111 682929 7 2 0-9 1 6 1 6 6 6 6 6 6 6 6 6 6 6 1 6 8-9 10213 5522552014976470111233 3 464821143-9-9-9
1683 00 0-9 -9-9-9 -9-9-9-9-9-9-9-9-9-9-9-9-9-9-9-9-9-9-9-9-9-9-9-9-9    -9 1840850671658827111233 1 168136137-9-9-9
1684 00 0-9 -9-9-9 -9-9-9-9-9-9-9-9-9-9-9-9-9-9-9-9-9-9-9-9-9-9-9-9-9    -9 4323812749183459111233 2 216621135-9-9-9
1685 00 0-9 -9-9-9 -9-9-9-9-9-9-9-9-9-9-9-9-9-9-9-9-9-9-9-9-9-9-9-9-9    -9 7363402686635300111233 6 262811143-9-9-9
1686 00 0-9 -9-9-9 -9-9-9-9-9-9-9-9-9-9-9-9-9-9-9-9-9-9-9-9-9-9-9-9-9    -9 5522552014976470111233 3 261816134-9-9-9
1687 00 0-9 -9-9-9 -9-9-9-9-9-9-9-9-9-9-9-9-9-9-9-9-9-9-9-9-9-9-9-9-9    -9 5522552014976470111233 3 264521143-9-9-9
1688 00 0-9 -9-9-9 -9-9-9-9-9-9-9-9-9-9-9-9-9-9-9-9-9-9-9-9-9-9-9-9-9    -9 5522552014976470111233 6 362216133-9-9-9
1689 00 0-9 -9-9-9 -9-9-9-9-9-9-9-9-9-9-9-9-9-9-9-9-9-9-9-9-9-9-9-9-9    -9 3681701343317653111233 2 268121127-9-9-9
1690 00 0-9 -9-9-9 -9-9-9-9-9-9-9-9-9-9-9-9-9-9-9-9-9-9-9-9-9-9-9-9-9    -9 3681701343317653111233 2 266346143-9-9-9
1691 00 0-9 -9-9-9 -9-9-9-9-9-9-9-9-9-9-9-9-9-9-9-9-9-9-9-9-9-9-9-9-9    -9 4323812749183459111233 2 118421245-9-9-9
1692 0010 1 681111 81-981 4 020-9 1 6 6 1 6 6 6 6 6 6 6 6 6 6 6 6 8-9   365 2161906374591730111233 1 216216145-9-9-9
1693 00 5 1 681111 81-981 3 030-9 1 6 6 6 1 6 6 6 6 6 6 6 1 6 1 6 1-9   374 5522552014976470111233 5 261716143-9-9-9
1694 00 0-9 -9-9-9 -9-9-9-9-9-9-9-9-9-9-9-9-9-9-9-9-9-9-9-9-9-9-9-9-9    -9 3681701343317653111233 2 166321127-9-9-9
1695 00 0-9 -9-9-9 -9-9-9-9-9-9-9-9-9-9-9-9-9-9-9-9-9-9-9-9-9-9-9-9-9    -9 7363402686635300111233 4 161716143-9-9-9
1696 00 0-9 -9-9-9 -9-9-9-9-9-9-9-9-9-9-9-9-9-9-9-9-9-9-9-9-9-9-9-9-9    -9 8647625498366910111233 4 312416142 6 7 9
1697 00 0-9 -9-9-9 -9-9-9-9-9-9-9-9-9-9-9-9-9-9-9-9-9-9-9-9-9-9-9-9-9    -9 4323812749183459111233 2 318321145-9-9-9
1698 00 0-9 -9-9-9 -9-9-9-9-9-9-9-9-9-9-9-9-9-9-9-9-9-9-9-9-9-9-9-9-9    -9 8647625498366910111243 4 311616144-9-9-9
1699 00 0-9 -9-9-9 -9-9-9-9-9-9-9-9-9-9-9-9-9-9-9-9-9-9-9-9-9-9-9-9-9    -9 6485719123775180111243 3 315321141 4 418
1700 00 0-9 -9-9-9 -9-9-9-9-9-9-9-9-9-9-9-9-9-9-9-9-9-9-9-9-9-9-9-9-9    -9 4323812749183459111243 2 217721145-9-9-9
1701 00 0-9 -9-9-9 -9-9-9-9-9-9-9-9-9-9-9-9-9-9-9-9-9-9-9-9-9-9-9-9-9    -9 5522552014976470111243 4 163821143-9-9-9
1702 00 0-9 -9-9-9 -9-9-9-9-9-9-9-9-9-9-9-9-9-9-9-9-9-9-9-9-9-9-9-9-9    -9 3681701343317653111243 3 464041152 7 412
1703 00 0-9 -9-9-9 -9-9-9-9-9-9-9-9-9-9-9-9-9-9-9-9-9-9-9-9-9-9-9-9-9    -9 2161906374591730111243 1 117216126-9-9-9
1704 10 0 1 681111 682929 6 130-9 1 6 1 6 6 6 6 6 6 6 6 6 6 6 1 6 1-9  6969 7363402686635300111243 4 462516191 6 915
1705 00 0-9 -9-9-9 -9-9-9-9-9-9-9-9-9-9-9-9-9-9-9-9-9-9-9-9-9-9-9-9-9    -9 4323812749183459111243 2 214246143-9-9-9
1706 00 0-9 -9-9-9 -9-9-9-9-9-9-9-9-9-9-9-9-9-9-9-9-9-9-9-9-9-9-9-9-9    -9 6485719123775180111243 3 216121138-9-9-9
1707 00 0-9 -9-9-9 -9-9-9-9-9-9-9-9-9-9-9-9-9-9-9-9-9-9-9-9-9-9-9-9-9    -9 5522552014976470111243 4 264621143-9-9-9
1708 00 0-9 -9-9-9 -9-9-9-9-9-9-9-9-9-9-9-9-9-9-9-9-9-9-9-9-9-9-9-9-9    -9 1840850671658827111243 1 267836135-9-9-9
1709 00 0-9 -9-9-9 -9-9-9-9-9-9-9-9-9-9-9-9-9-9-9-9-9-9-9-9-9-9-9-9-9    -9 3681701343317653111243 4 262921143-9-9-9
1710 00 0-9 -9-9-9 -9-9-9-9-9-9-9-9-9-9-9-9-9-9-9-9-9-9-9-9-9-9-9-9-9    -9 7363402686635300111243 5 461816133-9-9-9
1711 00 0-9 -9-9-9 -9-9-9-9-9-9-9-9-9-9-9-9-9-9-9-9-9-9-9-9-9-9-9-9-9    -9 4323812749183459111243 3 213321133-9-9-9
1712 00 0-9 -9-9-9 -9-9-9-9-9-9-9-9-9-9-9-9-9-9-9-9-9-9-9-9-9-9-9-9-9    -9 4323812749183459111243 8 114121243-9-9-9
1713 00 0-9 -9-9-9 -9-9-9-9-9-9-9-9-9-9-9-9-9-9-9-9-9-9-9-9-9-9-9-9-9    -9 8647625498366910111243 4 411716144-9-9-9
1714 00 0-9 -9-9-9 -9-9-9-9-9-9-9-9-9-9-9-9-9-9-9-9-9-9-9-9-9-9-9-9-9    -9 4323812749183459111243 5 315021231 916 6
1715 00 0-9 -9-9-9 -9-9-9-9-9-9-9-9-9-9-9-9-9-9-9-9-9-9-9-9-9-9-9-9-9    -9 4323812749183459111243 4 413521146-9-9-9
1716 00 0-9 -9-9-9 -9-9-9-9-9-9-9-9-9-9-9-9-9-9-9-9-9-9-9-9-9-9-9-9-9    -9 7363402686635300111243 6 262616143-9-9-9
1717 00 0-9 -9-9-9 -9-9-9-9-9-9-9-9-9-9-9-9-9-9-9-9-9-9-9-9-9-9-9-9-9    -9 5522552014976470111243 5 468436127-9-9-9
1718 00 0-9 -9-9-9 -9-9-9-9-9-9-9-9-9-9-9-9-9-9-9-9-9-9-9-9-9-9-9-9-9    -9 4753340418392190111241 5 214211173-9-9-9
1719 00 0-9 -9-9-9 -9-9-9-9-9-9-9-9-9-9-9-9-9-9-9-9-9-9-9-9-9-9-9-9-9    -9 4047441649027366111241 3 562921161 6 7 7
1720 00 0-9 -9-9-9 -9-9-9-9-9-9-9-9-9-9-9-9-9-9-9-9-9-9-9-9-9-9-9-9-9    -9 7130010627588290111241 3 212616164-9-9-9
1721 10 0 1 681111 682929 4 030-9 1 6 1 6 6 6 6 6 6 6 6 6 6 6 1 6 8-9  3213 4047441649027366111241 4 464021143-9-9-9
1722 00 0-9 -9-9-9 -9-9-9-9-9-9-9-9-9-9-9-9-9-9-9-9-9-9-9-9-9-9-9-9-9    -9 6071162473541050111241 3 664421141 61515
1723 00 0-9 -9-9-9 -9-9-9-9-9-9-9-9-9-9-9-9-9-9-9-9-9-9-9-9-9-9-9-9-9    -9 7130010627588290111241 4 314621141 610 6
1724 00 0-9 -9-9-9 -9-9-9-9-9-9-9-9-9-9-9-9-9-9-9-9-9-9-9-9-9-9-9-9-9    -9 9506680836784390111241 4 415421131 712 3
1725 00 0-9 -9-9-9 -9-9-9-9-9-9-9-9-9-9-9-9-9-9-9-9-9-9-9-9-9-9-9-9-9    -9 4047441649027366111241 3 362811151 71715
1726 10 0 1 681211 682929 6 1 0-9 2 1 6 6 6 6 6 6 6 6 6 6 6 6 1 1 8-9  3144 4753340418392190111241 4 311916164-9-9-9
1727 10 0 1 681111 68-929 4 130-9 1 1 6 6 6 6 6 6 6 6 6 6 6 6 1 6 3-9  6308 2023720824513683111241 3 764446191 7 315
1728 00 0-9 -9-9-9 -9-9-9-9-9-9-9-9-9-9-9-9-9-9-9-9-9-9-9-9-9-9-9-9-9    -9 5173724238705850111242 4 166341113-9-9-9
1729 20 0 1 681111 682929 6 045-9 1 1 6 6 6 6 6 6 6 6 6 6 6 6 6 6 8-9  3446 2025351211125816111242 1 112116131 615 1
1730102 0 1 681111 68-913 1 530 3 1 6 6 6 6 6 6 6 6 6 6 6 1 6 6 1 9-9 33296 8101404844503260111242 6 315321131 7 1 7
1731 00 0-9 -9-9-9 -9-9-9-9-9-9-9-9-9-9-9-9-9-9-9-9-9-9-9-9-9-9-9-9-9    -9 6898298984941130111242 4 265021136-9-9-9
1732 10 0 1 681111 682929 7 130-9 1 6 1 6 6 6 6 6 6 6 6 6 6 6 1 6 1-9 10590 6076053633377450111242 3 612316131 712 3
1733 00 0-9 -9-9-9 -9-9-9-9-9-9-9-9-9-9-9-9-9-9-9-9-9-9-9-9-9-9-9-9-9    -9 3449149492470570111242 4 563121147-9-9-9
1734 10 0 1 681111 682929 4 2 0-9 2 1 6 6 6 6 6 6 6 6 6 6 6 6 1 1 8-9 10589 8101404844503260111242 6 113511143-9-9-9
1735 00 0-9 -9-9-9 -9-9-9-9-9-9-9-9-9-9-9-9-9-9-9-9-9-9-9-9-9-9-9-9-9    -9 3449149492470570111242 4 163321143-9-9-9
1736 00 0-9 -9-9-9 -9-9-9-9-9-9-9-9-9-9-9-9-9-9-9-9-9-9-9-9-9-9-9-9-9    -9 5173724238705850111242 3 464421162 6 6 9
1737 00 0-9 -9-9-9 -9-9-9-9-9-9-9-9-9-9-9-9-9-9-9-9-9-9-9-9-9-9-9-9-9    -9 5173724238705850111242 3 261716234-9-9-9
1738 00 0-9 -9-9-9 -9-9-9-9-9-9-9-9-9-9-9-9-9-9-9-9-9-9-9-9-9-9-9-9-9    -9 2023720824513683111241 1 365436161 6 615
1739 10 0 1 681211 682929 6 015-9 1 1 6 6 6 6 6 6 6 6 6 6 6 6 1 6 3-9  8877 4753340418392190111241 3 613511151 61715
1740 00 0-9 -9-9-9 -9-9-9-9-9-9-9-9-9-9-9-9-9-9-9-9-9-9-9-9-9-9-9-9-9    -9 4047441649027366111241 4 463221141 7 7 9
1741 10 0 1 681111 68-914 4 3 0-9 1 6 1 6 6 6 6 6 6 6 6 6 6 6 1 6 8-9 20765 8094883298054730111241 6 365721127-9-9-9
1742 10 0 1 681111 682929 4 2 0-9 1 1 6 6 6 6 6 6 6 6 6 6 6 6 6 6 1-9  9048 4753340418392190111241 2 313716151 7 819
1743 00 0-9 -9-9-9 -9-9-9-9-9-9-9-9-9-9-9-9-9-9-9-9-9-9-9-9-9-9-9-9-9    -9 4753340418392190111241 2 216721145-9-9-9
1744 00 0-9 -9-9-9 -9-9-9-9-9-9-9-9-9-9-9-9-9-9-9-9-9-9-9-9-9-9-9-9-9    -9 2376670209196099111241 1 216516125-9-9-9
1745 10 0 1 681111 682929 4 020-9 1 1 6 6 6 6 6 6 6 6 6 6 6 6 1 6 1-9  3458 4753340418392190111241 2 316521135-9-9-9
1746 00 0-9 -9-9-9 -9-9-9-9-9-9-9-9-9-9-9-9-9-9-9-9-9-9-9-9-9-9-9-9-9    -9 9506680836784390111241 4 414821141 61014
1747 00 0-9 -9-9-9 -9-9-9-9-9-9-9-9-9-9-9-9-9-9-9-9-9-9-9-9-9-9-9-9-9    -9 2376670209196099111241 1 619236298-9-9-9
1748 00 0-9 -9-9-9 -9-9-9-9-9-9-9-9-9-9-9-9-9-9-9-9-9-9-9-9-9-9-9-9-9    -9 8094883298054730111241 4 165121293-9-9-9
1749 00 0-9 -9-9-9 -9-9-9-9-9-9-9-9-9-9-9-9-9-9-9-9-9-9-9-9-9-9-9-9-9    -9 4047441649027366111241 2 866121178-9-9-9
1750 10 0 1 681111 682929 6 030-9 1 1 6 6 6 6 6 6 6 6 6 6 6 6 1 6 8-9  2003 2023720824513683111241 2 263716152 7 518
1751 20 1 1 681211 682929 6 030-9 1 6 6 6 6 6 1 6 6 6 6 6 6 6 1 1-912  4299 6071162473541050111241 49761616244-9-9-9
1752 00 0-9 -9-9-9 -9-9-9-9-9-9-9-9-9-9-9-9-9-9-9-9-9-9-9-9-9-9-9-9-9    -9 6071162473541050111241 4 461916164-9-9-9
1753 00 0-9 -9-9-9 -9-9-9-9-9-9-9-9-9-9-9-9-9-9-9-9-9-9-9-9-9-9-9-9-9    -9 4047441649027366111251 29767521125-9-9-9
1754 00 0-9 -9-9-9 -9-9-9-9-9-9-9-9-9-9-9-9-9-9-9-9-9-9-9-9-9-9-9-9-9    -9 7130010627588290111251 39714621131 1 1 6
1755 10 0 2 681211 682929 1 1 0 3 1 1 6 6 6 6 6 6 6 6 6 6 6 6 6 6 9-9  4665 9506680836784390111251 4 415321131 614 7
1756 00 1 2 681211154-9-9 6 2 0-9 2 1 6 6 6 6 6 6 6 1 6 6 6 6 1 6-9-9 47907 4047441649027366111251 29865336141 2 1 7
1757 00 0-9 -9-9-9 -9-9-9-9-9-9-9-9-9-9-9-9-9-9-9-9-9-9-9-9-9-9-9-9-9    -9 4047441649027366111251 29767936125-9-9-9
1758 00 0-9 -9-9-9 -9-9-9-9-9-9-9-9-9-9-9-9-9-9-9-9-9-9-9-9-9-9-9-9-9    -9 9506680836784390111251 4 515421152 115 7
1759 10 0 1 681211 684141 7 3 0-9 1 1 6 6 6 6 6 6 6 6 6 6 6 6 1 6 8-9 14618 2376670209196099111251 1 113416143-9-9-9
1760 00 0-9 -9-9-9 -9-9-9-9-9-9-9-9-9-9-9-9-9-9-9-9-9-9-9-9-9-9-9-9-9    -9 6071162473541050111251 39766936125-9-9-9
1761 00 0-9 -9-9-9 -9-9-9-9-9-9-9-9-9-9-9-9-9-9-9-9-9-9-9-9-9-9-9-9-9    -9 8094883298054730111251 49767836125-9-9-9
1762 00 0-9 -9-9-9 -9-9-9-9-9-9-9-9-9-9-9-9-9-9-9-9-9-9-9-9-9-9-9-9-9    -9 4753340418392190111251 49814521163-9-9-9
1763 00 0-9 -9-9-9 -9-9-9-9-9-9-9-9-9-9-9-9-9-9-9-9-9-9-9-9-9-9-9-9-9    -9 5726547003573630141463 4 313321141 711 6
1764 00 0-9 -9-9-9 -9-9-9-9-9-9-9-9-9-9-9-9-9-9-9-9-9-9-9-9-9-9-9-9-9    -9 5086820827727010141463 4 763621171 6 5 3
1765 00 0-9 -9-9-9 -9-9-9-9-9-9-9-9-9-9-9-9-9-9-9-9-9-9-9-9-9-9-9-9-9    -9 5726547003573630141463 6 112821143-9-9-9
1766 00 0-9 -9-9-9 -9-9-9-9-9-9-9-9-9-9-9-9-9-9-9-9-9-9-9-9-9-9-9-9-9    -9 5086820827727010141463 3 362211143-9-9-9
1767 00 0-9 -9-9-9 -9-9-9-9-9-9-9-9-9-9-9-9-9-9-9-9-9-9-9-9-9-9-9-9-9    -9 8589820505360450141463 3 314721125-9-9-9
1768 00 0-9 -9-9-9 -9-9-9-9-9-9-9-9-9-9-9-9-9-9-9-9-9-9-9-9-9-9-9-9-9    -9 8589820505360450141463 5 212016154-9-9-9
1769 00 0-9 -9-9-9 -9-9-9-9-9-9-9-9-9-9-9-9-9-9-9-9-9-9-9-9-9-9-9-9-9    -910173641655454020141463 69763721121 71516
1770 00 0-9 -9-9-9 -9-9-9-9-9-9-9-9-9-9-9-9-9-9-9-9-9-9-9-9-9-9-9-9-9    -9 5086820827727010141463 29768436125-9-9-9
1771 00 0-9 -9-9-9 -9-9-9-9-9-9-9-9-9-9-9-9-9-9-9-9-9-9-9-9-9-9-9-9-9    -9 5086820827727010141463 29766021131 1 1 9
1772 01 0 1 681414 68-928 1 3 0 5 1 1 6 6 6 6 6 6 1 6 6 6 6 6 6 6-9-9 31850 5726547003573630141463 2 612616181 7 316
1773 00 0-9 -9-9-9 -9-9-9-9-9-9-9-9-9-9-9-9-9-9-9-9-9-9-9-9-9-9-9-9-9    -9 2543410413863505141413 1 168936126-9-9-9
1774 00 0-9 -9-9-9 -9-9-9-9-9-9-9-9-9-9-9-9-9-9-9-9-9-9-9-9-9-9-9-9-9    -9 5086820827727010141413 3 267236145-9-9-9
1775 00 0-9 -9-9-9 -9-9-9-9-9-9-9-9-9-9-9-9-9-9-9-9-9-9-9-9-9-9-9-9-9    -910173641655454020141413 49765421167-9-9-9
1776 00 0-9 -9-9-9 -9-9-9-9-9-9-9-9-9-9-9-9-9-9-9-9-9-9-9-9-9-9-9-9-9    -910173641655454020141413 4 265021163-9-9-9
1777 00 0-9 -9-9-9 -9-9-9-9-9-9-9-9-9-9-9-9-9-9-9-9-9-9-9-9-9-9-9-9-9    -9 2543410413863505141413 1 267136117-9-9-9
1778 00 0-9 -9-9-9 -9-9-9-9-9-9-9-9-9-9-9-9-9-9-9-9-9-9-9-9-9-9-9-9-9    -9 2863273501786819141413 1 116446153-9-9-9
1779 00 0-9 -9-9-9 -9-9-9-9-9-9-9-9-9-9-9-9-9-9-9-9-9-9-9-9-9-9-9-9-9    -9 5086820827727010141413 4 164721143-9-9-9
1780 00 0-9 -9-9-9 -9-9-9-9-9-9-9-9-9-9-9-9-9-9-9-9-9-9-9-9-9-9-9-9-9    -9 2543410413863505141413 19868336147-9-9-9
1781 00 0-9 -9-9-9 -9-9-9-9-9-9-9-9-9-9-9-9-9-9-9-9-9-9-9-9-9-9-9-9-9    -9 5086820827727010141413 2 165321137-9-9-9
1782 00 0-9 -9-9-9 -9-9-9-9-9-9-9-9-9-9-9-9-9-9-9-9-9-9-9-9-9-9-9-9-9    -9 5086820827727010141413 2 268221116-9-9-9
1783 00 0-9 -9-9-9 -9-9-9-9-9-9-9-9-9-9-9-9-9-9-9-9-9-9-9-9-9-9-9-9-9    -9 8589820505360450141413 4 315321131 812 7
1784 01 0 1 681414 68-913 4 115-9 2 6 6 6 6 6 6 6 1 6 6 6 6 6 1 1-9 3 14123 5726547003573630141413 2 316321145-9-9-9
1785 10 0 1 681414 684141 6 120-9 1 6 1 6 6 6 6 6 6 6 6 6 6 6 1 6 7-9 1193411453094007147270141413 49712716191 4 413
1786 00 0-9 -9-9-9 -9-9-9-9-9-9-9-9-9-9-9-9-9-9-9-9-9-9-9-9-9-9-9-9-9    -9 7630231241590510141413 4 264041132 71514
1787 00 0-9 -9-9-9 -9-9-9-9-9-9-9-9-9-9-9-9-9-9-9-9-9-9-9-9-9-9-9-9-9    -9 2543410413863505141413 1 168336127-9-9-9
1788 00 0-9 -9-9-9 -9-9-9-9-9-9-9-9-9-9-9-9-9-9-9-9-9-9-9-9-9-9-9-9-9    -9 5726547003573630141413 4 314221171 61515
1789 00 0-9 -9-9-9 -9-9-9-9-9-9-9-9-9-9-9-9-9-9-9-9-9-9-9-9-9-9-9-9-9    -9 2543410413863505141413 1 263416171 6 612
1790 00 0-9 -9-9-9 -9-9-9-9-9-9-9-9-9-9-9-9-9-9-9-9-9-9-9-9-9-9-9-9-9    -9 5086820827727010141413 3 563521161 6 6 8
1791 00 0-9 -9-9-9 -9-9-9-9-9-9-9-9-9-9-9-9-9-9-9-9-9-9-9-9-9-9-9-9-9    -9 5086820827727010141413 3 463321142 7 7 7
1792 00 0-9 -9-9-9 -9-9-9-9-9-9-9-9-9-9-9-9-9-9-9-9-9-9-9-9-9-9-9-9-9    -9 5853251602328030141412 2 465421147-9-9-9
1793 00 0-9 -9-9-9 -9-9-9-9-9-9-9-9-9-9-9-9-9-9-9-9-9-9-9-9-9-9-9-9-9    -911706503204656070141412 4 465421147-9-9-9
1794 00 0-9 -9-9-9 -9-9-9-9-9-9-9-9-9-9-9-9-9-9-9-9-9-9-9-9-9-9-9-9-9    -9 5853251602328030141412 4 263921172 7 514
1795 00 0-9 -9-9-9 -9-9-9-9-9-9-9-9-9-9-9-9-9-9-9-9-9-9-9-9-9-9-9-9-9    -9 8779877403492060141412 3 464546193-9-9-9
1796 10 0 2 68-914 68-918 4 215-9 1 6 1 6 6 6 6 6 6 6 6 6 6 6 1 611-9 12522 6589365255754790141412 2 813421191 6 317
1797 10 0 1 681414 68-929 4 2 0-9 1 1 6 6 6 6 6 6 6 6 6 6 6 6 1 6 4-9 1208013178730511509590141412 5 515121181 6 217
1798 00 0-9 -9-9-9 -9-9-9-9-9-9-9-9-9-9-9-9-9-9-9-9-9-9-9-9-9-9-9-9-9    -9 9884047883632200141412 3 416921195-9-9-9
1799 00 0-9 -9-9-9 -9-9-9-9-9-9-9-9-9-9-9-9-9-9-9-9-9-9-9-9-9-9-9-9-9    -9 5853251602328030141412 2 367821127-9-9-9
1800 00 0-9 -9-9-9 -9-9-9-9-9-9-9-9-9-9-9-9-9-9-9-9-9-9-9-9-9-9-9-9-9    -913178730511509590141412 4 811716144-9-9-9
1801 00 0-9 -9-9-9 -9-9-9-9-9-9-9-9-9-9-9-9-9-9-9-9-9-9-9-9-9-9-9-9-9    -9 5853251602328030141412 2 364721171 7 514
1802 10 0 1 681414 68-941 1 130 2 1 1 6 6 6 6 6 6 6 6 6 6 6 6 6 6 1-9  9463 5726547003573630141413 3 813421191 6 1 8
1803 00 0-9 -9-9-9 -9-9-9-9-9-9-9-9-9-9-9-9-9-9-9-9-9-9-9-9-9-9-9-9-9    -9 2543410413863505141413 19866526127-9-9-9
1804 00 0-9 -9-9-9 -9-9-9-9-9-9-9-9-9-9-9-9-9-9-9-9-9-9-9-9-9-9-9-9-9    -9 5086820827727010141413 2 263716241 6 817
1805 00 0-9 -9-9-9 -9-9-9-9-9-9-9-9-9-9-9-9-9-9-9-9-9-9-9-9-9-9-9-9-9    -9 7630231241590510141413 4 465536133-9-9-9
1806 00 0-9 -9-9-9 -9-9-9-9-9-9-9-9-9-9-9-9-9-9-9-9-9-9-9-9-9-9-9-9-9    -9 7630231241590510141413 59761916154-9-9-9
1807 00 0-9 -9-9-9 -9-9-9-9-9-9-9-9-9-9-9-9-9-9-9-9-9-9-9-9-9-9-9-9-9    -910173641655454020141413 49865521122 9 817
1808 00 0-9 -9-9-9 -9-9-9-9-9-9-9-9-9-9-9-9-9-9-9-9-9-9-9-9-9-9-9-9-9    -9 5086820827727010141413 2 268821127-9-9-9
1809 00 0-9 -9-9-9 -9-9-9-9-9-9-9-9-9-9-9-9-9-9-9-9-9-9-9-9-9-9-9-9-9    -911453094007147270141413 4 415621133-9-9-9
1810 00 0-9 -9-9-9 -9-9-9-9-9-9-9-9-9-9-9-9-9-9-9-9-9-9-9-9-9-9-9-9-9    -9 5086820827727010141413 2 566621147-9-9-9
1811 00 0-9 -9-9-9 -9-9-9-9-9-9-9-9-9-9-9-9-9-9-9-9-9-9-9-9-9-9-9-9-9    -9 8589820505360450141413 4 214011143-9-9-9
1812 01 0 1 681414 68-930 6 515-9 1 6 6 6 6 6 6 6 6 6 6 1 6 6 6 6-9 3 28948 2863273501786819141413 1 215016145-9-9-9
1813 00 0-9 -9-9-9 -9-9-9-9-9-9-9-9-9-9-9-9-9-9-9-9-9-9-9-9-9-9-9-9-9    -9 5086820827727010141413 2 265521147-9-9-9
1814 00 0-9 -9-9-9 -9-9-9-9-9-9-9-9-9-9-9-9-9-9-9-9-9-9-9-9-9-9-9-9-9    -9 2543410413863505141413 1 268036125-9-9-9
1815 00 0-9 -9-9-9 -9-9-9-9-9-9-9-9-9-9-9-9-9-9-9-9-9-9-9-9-9-9-9-9-9    -9 5086820827727010141413 4 364221142 7 8 9
1816 00 0-9 -9-9-9 -9-9-9-9-9-9-9-9-9-9-9-9-9-9-9-9-9-9-9-9-9-9-9-9-9    -910173641655454020141413 5 264021123-9-9-9
1817 00 0-9 -9-9-9 -9-9-9-9-9-9-9-9-9-9-9-9-9-9-9-9-9-9-9-9-9-9-9-9-9    -9 5726547003573630141413 2 214146141 6 618
1818 10 0 1 681414 68-941 4 2 0-9 2 6 1 6 6 6 6 6 6 6 6 6 6 6 1 1 4-9  956211453094007147270141413 49712016154-9-9-9
1819 00 0-9 -9-9-9 -9-9-9-9-9-9-9-9-9-9-9-9-9-9-9-9-9-9-9-9-9-9-9-9-9    -9 2543410413863505141413 1 266236142 71520
1820 00 0-9 -9-9-9 -9-9-9-9-9-9-9-9-9-9-9-9-9-9-9-9-9-9-9-9-9-9-9-9-9    -9 7630231241590510141413 3 364721143-9-9-9
1821 00 0-9 -9-9-9 -9-9-9-9-9-9-9-9-9-9-9-9-9-9-9-9-9-9-9-9-9-9-9-9-9    -9 5168986839860620141411 3 563321191 6 216
1822 10 0 1 681414 681111 4 2 0-9 2 1 6 6 6 6 6 6 6 6 6 6 6 6 1 1 8-9 1795811638092671937910141411 4 815221181 6 216
1823 00 0-9 -9-9-9 -9-9-9-9-9-9-9-9-9-9-9-9-9-9-9-9-9-9-9-9-9-9-9-9-9    -9 5168986839860620141411 4 564321181 6 216
1824 00 0-9 -9-9-9 -9-9-9-9-9-9-9-9-9-9-9-9-9-9-9-9-9-9-9-9-9-9-9-9-9    -9 7753480259790930141411 3 662616183-9-9-9
1825 01 0 1 681414 68-928 1 2 0 4 2 6 6 6 6 6 6 6 1 6 6 6 6 6 6 1-9 1 3015910337973679721250141411 49762816193-9-9-9
1826 00 0-9 -9-9-9 -9-9-9-9-9-9-9-9-9-9-9-9-9-9-9-9-9-9-9-9-9-9-9-9-9    -9 5168986839860620141411 2 666521187-9-9-9
1827 01 0 1 681414 68-9 6 1 330 5 1 1 6 6 6 6 6 6 6 6 6 6 6 6 6 6 9-9 14890 5819046335968950141411 4 713821171 6 1 7
1828 00 0-9 -9-9-9 -9-9-9-9-9-9-9-9-9-9-9-9-9-9-9-9-9-9-9-9-9-9-9-9-9    -9 5819046335968950141411 2 618021185-9-9-9
1829 00 0-9 -9-9-9 -9-9-9-9-9-9-9-9-9-9-9-9-9-9-9-9-9-9-9-9-9-9-9-9-9    -9 2909523167984478141411 1 416646155-9-9-9
1830 10 1 1 681414 75-9-9 6 2 0-9 2 6 6 6 6 6 6 6 6 6 1 6 6 6 6 1-9 6113561 7753480259790930141411 3 565446181 6 217
1831 00 0-9 -9-9-9 -9-9-9-9-9-9-9-9-9-9-9-9-9-9-9-9-9-9-9-9-9-9-9-9-9    -9 2543410413863505141413 1 167416165-9-9-9
1832 00 0-9 -9-9-9 -9-9-9-9-9-9-9-9-9-9-9-9-9-9-9-9-9-9-9-9-9-9-9-9-9    -911453094007147270141413 4 315721141 612 7
1833 00 0-9 -9-9-9 -9-9-9-9-9-9-9-9-9-9-9-9-9-9-9-9-9-9-9-9-9-9-9-9-9    -9 5726547003573630141413 2 217821125-9-9-9
1834 00 0-9 -9-9-9 -9-9-9-9-9-9-9-9-9-9-9-9-9-9-9-9-9-9-9-9-9-9-9-9-9    -9 5726547003573630141413 4 814021161 412 3
1835 00 0-9 -9-9-9 -9-9-9-9-9-9-9-9-9-9-9-9-9-9-9-9-9-9-9-9-9-9-9-9-9    -9 5086820827727010141413 2 465646141 6 817
1836 00 0-9 -9-9-9 -9-9-9-9-9-9-9-9-9-9-9-9-9-9-9-9-9-9-9-9-9-9-9-9-9    -9 8589820505360450141413 3 312416154-9-9-9
1837 00 0-9 -9-9-9 -9-9-9-9-9-9-9-9-9-9-9-9-9-9-9-9-9-9-9-9-9-9-9-9-9    -9 5726547003573630141413 2 215521155-9-9-9
1838 11 0 1 681414 68-929 1 130 5 2 1 6 6 6 6 6 6 6 6 6 6 6 6 6 1 7-9 12015 8589820505360450141413 49713921141 2 4 7
1839 00 0-9 -9-9-9 -9-9-9-9-9-9-9-9-9-9-9-9-9-9-9-9-9-9-9-9-9-9-9-9-9    -9 2863273501786819141413 1 417836125-9-9-9
1840 30 0 1 681414 68-923 1 110 2 1 1 6 6 6 6 6 6 6 6 6 6 6 6 6 6 9-9 10280 5726547003573630141413 4 813421191 2 413
1841 10 0 1 681414 684141 7 045-9 1 6 6 6 6 6 6 6 1 6 6 6 6 6 1 6-9 1 1188110173641655454020141413 4 765346191 6 316
1842 00 0-9 -9-9-9 -9-9-9-9-9-9-9-9-9-9-9-9-9-9-9-9-9-9-9-9-9-9-9-9-9    -9 2543410413863505141413 1 262716181 6 317
1843 00 0-9 -9-9-9 -9-9-9-9-9-9-9-9-9-9-9-9-9-9-9-9-9-9-9-9-9-9-9-9-9    -9 2543410413863505141413 1 565316191 6 216
1844 00 0-9 -9-9-9 -9-9-9-9-9-9-9-9-9-9-9-9-9-9-9-9-9-9-9-9-9-9-9-9-9    -911453094007147270141413 4 811916154-9-9-9
1845 00 0-9 -9-9-9 -9-9-9-9-9-9-9-9-9-9-9-9-9-9-9-9-9-9-9-9-9-9-9-9-9    -9 5086820827727010141413 3 165136143-9-9-9
1846 00 0-9 -9-9-9 -9-9-9-9-9-9-9-9-9-9-9-9-9-9-9-9-9-9-9-9-9-9-9-9-9    -9 5086820827727010141413 29765346127-9-9-9
1847 20 0 1 681414 68-9 4 1 330 5 1 1 6 6 6 6 6 6 6 6 6 6 6 6 6 1 1-9 2291411453094007147270141413 5 815121181 4 310
1848 00 0-9 -9-9-9 -9-9-9-9-9-9-9-9-9-9-9-9-9-9-9-9-9-9-9-9-9-9-9-9-9    -9 5086820827727010141413 2 463716171 6 413
1849 00 0-9 -9-9-9 -9-9-9-9-9-9-9-9-9-9-9-9-9-9-9-9-9-9-9-9-9-9-9-9-9    -9 2863273501786819141413 19718336125-9-9-9
1850 00 0-9 -9-9-9 -9-9-9-9-9-9-9-9-9-9-9-9-9-9-9-9-9-9-9-9-9-9-9-9-9    -9 2863273501786819141413 1 216436135-9-9-9
1851 00 0-9 -9-9-9 -9-9-9-9-9-9-9-9-9-9-9-9-9-9-9-9-9-9-9-9-9-9-9-9-9    -9 5726547003573630141413 39814121191 6 611
1852 00 0-9 -9-9-9 -9-9-9-9-9-9-9-9-9-9-9-9-9-9-9-9-9-9-9-9-9-9-9-9-9    -9 2543410413863505141413 19867936127-9-9-9
1853 10 0 1 681414 68-929 6 2 0-9 2 1 6 6 6 6 6 6 6 6 6 6 6 6 1 111-9 11959 5086820827727010141413 4 864621191 6 213
1854 00 0-9 -9-9-9 -9-9-9-9-9-9-9-9-9-9-9-9-9-9-9-9-9-9-9-9-9-9-9-9-9    -9 5086820827727010141413 3 864521191 6 216
1855 00 0-9 -9-9-9 -9-9-9-9-9-9-9-9-9-9-9-9-9-9-9-9-9-9-9-9-9-9-9-9-9    -9 2543410413863505141413 3 363516141 6 7 9
1856 00 0-9 -9-9-9 -9-9-9-9-9-9-9-9-9-9-9-9-9-9-9-9-9-9-9-9-9-9-9-9-9    -9 2543410413863505141413 1 467116185-9-9-9
1857 00 0-9 -9-9-9 -9-9-9-9-9-9-9-9-9-9-9-9-9-9-9-9-9-9-9-9-9-9-9-9-9    -9 2543410413863505141413 19865036141 6 717
1858 00 0-9 -9-9-9 -9-9-9-9-9-9-9-9-9-9-9-9-9-9-9-9-9-9-9-9-9-9-9-9-9    -9 8589820505360450141413 39814416173-9-9-9
1859 00 0-9 -9-9-9 -9-9-9-9-9-9-9-9-9-9-9-9-9-9-9-9-9-9-9-9-9-9-9-9-9    -911453094007147270141413 4 312316161 612 3
1860 00 0-9 -9-9-9 -9-9-9-9-9-9-9-9-9-9-9-9-9-9-9-9-9-9-9-9-9-9-9-9-9    -9 2863273501786819141413 1 218536125-9-9-9
1861 00 0-9 -9-9-9 -9-9-9-9-9-9-9-9-9-9-9-9-9-9-9-9-9-9-9-9-9-9-9-9-9    -9 2543410413863505141413 1 265036183-9-9-9
1862 00 0-9 -9-9-9 -9-9-9-9-9-9-9-9-9-9-9-9-9-9-9-9-9-9-9-9-9-9-9-9-9    -9 2543410413863505141413 1 268936125-9-9-9
1863 00 0-9 -9-9-9 -9-9-9-9-9-9-9-9-9-9-9-9-9-9-9-9-9-9-9-9-9-9-9-9-9    -9 7630231241590510141413 3 361916144-9-9-9
1864 00 0-9 -9-9-9 -9-9-9-9-9-9-9-9-9-9-9-9-9-9-9-9-9-9-9-9-9-9-9-9-9    -9 5086820827727010141413 2 268021125-9-9-9
1865 10 0 1 681414 68-929 6 2 0-9 2 6 1 6 6 6 6 6 6 6 6 6 6 6 1 1 8-9 1451410173641655454020141413 59764916141 6 515
1866 10 0 1 681414 682929 6 2 0-9 2 6 1 6 6 6 6 6 6 6 6 6 6 6 1 1 8-9 13364 7630231241590510141413 3 465421161 6 817
1867 00 0-9 -9-9-9 -9-9-9-9-9-9-9-9-9-9-9-9-9-9-9-9-9-9-9-9-9-9-9-9-9    -9 2863273501786819141413 1 516316181 6 915
1868 00 0-9 -9-9-9 -9-9-9-9-9-9-9-9-9-9-9-9-9-9-9-9-9-9-9-9-9-9-9-9-9    -9 5726547003573630141413 29817021185-9-9-9
1869 00 0-9 -9-9-9 -9-9-9-9-9-9-9-9-9-9-9-9-9-9-9-9-9-9-9-9-9-9-9-9-9    -9 8589820505360450141413 3 216421133-9-9-9
1870 00 0-9 -9-9-9 -9-9-9-9-9-9-9-9-9-9-9-9-9-9-9-9-9-9-9-9-9-9-9-9-9    -9 2543410413863505141413 1 267136145-9-9-9
1871 00 0-9 -9-9-9 -9-9-9-9-9-9-9-9-9-9-9-9-9-9-9-9-9-9-9-9-9-9-9-9-9    -9 8589820505360450141413 3 315111183-9-9-9
1872 00 0-9 -9-9-9 -9-9-9-9-9-9-9-9-9-9-9-9-9-9-9-9-9-9-9-9-9-9-9-9-9    -9 5086820827727010141413 2 365846142 91520
1873 00 0-9 -9-9-9 -9-9-9-9-9-9-9-9-9-9-9-9-9-9-9-9-9-9-9-9-9-9-9-9-9    -9 8589820505360450141413 39815821145-9-9-9
1874 00 0-9 -9-9-9 -9-9-9-9-9-9-9-9-9-9-9-9-9-9-9-9-9-9-9-9-9-9-9-9-9    -9 5726547003573630141413 2 517421145-9-9-9
1875 00 0-9 -9-9-9 -9-9-9-9-9-9-9-9-9-9-9-9-9-9-9-9-9-9-9-9-9-9-9-9-9    -9 5086820827727010141413 2 465516181 6 617
1876 00 0-9 -9-9-9 -9-9-9-9-9-9-9-9-9-9-9-9-9-9-9-9-9-9-9-9-9-9-9-9-9    -9 7630231241590510141413 4 461616144-9-9-9
1877 00 0-9 -9-9-9 -9-9-9-9-9-9-9-9-9-9-9-9-9-9-9-9-9-9-9-9-9-9-9-9-9    -9 5086820827727010141413 3 361716154-9-9-9
1878 00 0-9 -9-9-9 -9-9-9-9-9-9-9-9-9-9-9-9-9-9-9-9-9-9-9-9-9-9-9-9-9    -912717052069317520141413 59865221141 1 7 7
1879 00 0-9 -9-9-9 -9-9-9-9-9-9-9-9-9-9-9-9-9-9-9-9-9-9-9-9-9-9-9-9-9    -9 2543410413863505141413 1 166336147-9-9-9
1880 10 0 1 681414 68-911 3 3 0-9 1 1 6 6 6 6 6 6 6 6 6 6 6 6 1 6 4-9 1726314316367508934090141413 9 712216242 7 7 7
1881 00 0-9 -9-9-9 -9-9-9-9-9-9-9-9-9-9-9-9-9-9-9-9-9-9-9-9-9-9-9-9-9    -910173641655454020141413 49862416181 6 216
1882 00 0-9 -9-9-9 -9-9-9-9-9-9-9-9-9-9-9-9-9-9-9-9-9-9-9-9-9-9-9-9-9    -9 5726547003573630141413 2 216821125-9-9-9
1883 00 0-9 -9-9-9 -9-9-9-9-9-9-9-9-9-9-9-9-9-9-9-9-9-9-9-9-9-9-9-9-9    -9 8589820505360450141413 3 715836191 6 313
1884 10 0 1 681414 681111 8 330-9 2 6 1 6 6 6 6 6 6 6 6 6 6 6 1 1 7-9 19340 5086820827727010141413 4 364421143-9-9-9
1885 00 0-9 -9-9-9 -9-9-9-9-9-9-9-9-9-9-9-9-9-9-9-9-9-9-9-9-9-9-9-9-9    -9 5726547003573630141413 2 217521125-9-9-9
1886 00 0-9 -9-9-9 -9-9-9-9-9-9-9-9-9-9-9-9-9-9-9-9-9-9-9-9-9-9-9-9-9    -911453094007147270141413 5 312216154-9-9-9
1887 01 0 1 681414 68-926 612 0-9 2 6 6 6 6 6 1 6 6 6 6 6 6 6 1 1-9 1 52309 5726547003573630141413 29817721185-9-9-9
1888 00 0-9 -9-9-9 -9-9-9-9-9-9-9-9-9-9-9-9-9-9-9-9-9-9-9-9-9-9-9-9-9    -9 5086820827727010141413 3 463421143-9-9-9
1889 10 0 1 681414 681111 9 3 0-9 1 1 6 6 6 6 6 6 6 6 6 6 6 6 1 1 5-9 19674 5726547003573630141413 2 416121131 711 3
1890 00 0-9 -9-9-9 -9-9-9-9-9-9-9-9-9-9-9-9-9-9-9-9-9-9-9-9-9-9-9-9-9    -911453094007147270141413 4 619121125-9-9-9
1891 00 0-9 -9-9-9 -9-9-9-9-9-9-9-9-9-9-9-9-9-9-9-9-9-9-9-9-9-9-9-9-9    -910173641655454020141413 4 565721141 4 411
1892 00 0-9 -9-9-9 -9-9-9-9-9-9-9-9-9-9-9-9-9-9-9-9-9-9-9-9-9-9-9-9-9    -9 5086820827727010141413 2 165146153-9-9-9
1893 10 0 1 681414 682929 8 6 0-9 2 6 6 6 6 6 1 6 6 6 6 6 6 6 1 1-912 14527 5086820827727010141413 2 566121147-9-9-9
1894 00 0-9 -9-9-9 -9-9-9-9-9-9-9-9-9-9-9-9-9-9-9-9-9-9-9-9-9-9-9-9-9    -9 2543410413863505141413 1 167236127-9-9-9
1895 00 0-9 -9-9-9 -9-9-9-9-9-9-9-9-9-9-9-9-9-9-9-9-9-9-9-9-9-9-9-9-9    -9 5086820827727010141413 2 465321147-9-9-9
1896 00 0-9 -9-9-9 -9-9-9-9-9-9-9-9-9-9-9-9-9-9-9-9-9-9-9-9-9-9-9-9-9    -9 5086820827727010141413 4 363321143-9-9-9
1897100 0 1 681414 68-941 1 035 1 1 6 6 6 6 6 6 6 1 6 6 6 6 6 1 6-9 1  5553 5726547003573630141413 4 813121191 6 216
1898 00 0-9 -9-9-9 -9-9-9-9-9-9-9-9-9-9-9-9-9-9-9-9-9-9-9-9-9-9-9-9-9    -9 8589820505360450141413 3 416921135-9-9-9
1899 00 0-9 -9-9-9 -9-9-9-9-9-9-9-9-9-9-9-9-9-9-9-9-9-9-9-9-9-9-9-9-9    -9 2543410413863505141413 19867716135-9-9-9
1900 00 0-9 -9-9-9 -9-9-9-9-9-9-9-9-9-9-9-9-9-9-9-9-9-9-9-9-9-9-9-9-9    -9 5086820827727010141413 2 266721145-9-9-9
1901 00 0-9 -9-9-9 -9-9-9-9-9-9-9-9-9-9-9-9-9-9-9-9-9-9-9-9-9-9-9-9-9    -9 5086820827727010141413 2 267121127-9-9-9
1902 00 0-9 -9-9-9 -9-9-9-9-9-9-9-9-9-9-9-9-9-9-9-9-9-9-9-9-9-9-9-9-9    -9 2543410413863505141413 19866626145-9-9-9
1903 00 0-9 -9-9-9 -9-9-9-9-9-9-9-9-9-9-9-9-9-9-9-9-9-9-9-9-9-9-9-9-9    -9 5086820827727010141413 2 863521183-9-9-9
1904 10 0 1 681414 68-911 6 3 0-9 2 1 6 6 6 6 6 6 6 6 6 6 6 6 1 111-9 17286 5086820827727010141413 3 264721143-9-9-9
1905 00 0-9 -9-9-9 -9-9-9-9-9-9-9-9-9-9-9-9-9-9-9-9-9-9-9-9-9-9-9-9-9    -910173641655454020141413 49765116126-9-9-9
1906 00 0-9 -9-9-9 -9-9-9-9-9-9-9-9-9-9-9-9-9-9-9-9-9-9-9-9-9-9-9-9-9    -9 5086820827727010141413 2 267021137-9-9-9
1907 00 0-9 -9-9-9 -9-9-9-9-9-9-9-9-9-9-9-9-9-9-9-9-9-9-9-9-9-9-9-9-9    -9 2543410413863505141413 1 368236135-9-9-9
1908 00 0-9 -9-9-9 -9-9-9-9-9-9-9-9-9-9-9-9-9-9-9-9-9-9-9-9-9-9-9-9-9    -9 5086820827727010141413 29767321137-9-9-9
1909 00 0-9 -9-9-9 -9-9-9-9-9-9-9-9-9-9-9-9-9-9-9-9-9-9-9-9-9-9-9-9-9    -9 5086820827727010141413 4 363321193-9-9-9
1910 00 0-9 -9-9-9 -9-9-9-9-9-9-9-9-9-9-9-9-9-9-9-9-9-9-9-9-9-9-9-9-9    -9 5086820827727010141413 2 266821137-9-9-9
1911 00 0-9 -9-9-9 -9-9-9-9-9-9-9-9-9-9-9-9-9-9-9-9-9-9-9-9-9-9-9-9-9    -9 2543410413863505141413 1 267736127-9-9-9
1912 00 0-9 -9-9-9 -9-9-9-9-9-9-9-9-9-9-9-9-9-9-9-9-9-9-9-9-9-9-9-9-9    -9 5726547003573630141413 2 217221145-9-9-9
1913 00 0-9 -9-9-9 -9-9-9-9-9-9-9-9-9-9-9-9-9-9-9-9-9-9-9-9-9-9-9-9-9    -9 5726547003573630141413 4 213921141 614 7
1914 00 1 1 681414187-9-9 6 9 0-9 2 6 6 6 6 6 1 6 6 6 6 6 6 6 1 1-9 7 38073 2543410413863505141413 1 269036127-9-9-9
1915 00 0-9 -9-9-9 -9-9-9-9-9-9-9-9-9-9-9-9-9-9-9-9-9-9-9-9-9-9-9-9-9    -9 2543410413863505141413 2 364116171 7 817
1916 10 0 1 681414 68-923 4 1 0-9 1 1 6 6 6 6 6 6 6 6 6 6 6 6 1 6 8-9  6174 8589820505360450141413 3 214921143-9-9-9
1917 10 0 1 681414 684141 4 130-9 1 6 1 6 6 6 6 6 6 6 6 6 6 6 1 6 8-9 1203410173641655454020141413 4 762216181 7 216
1918 00 0-9 -9-9-9 -9-9-9-9-9-9-9-9-9-9-9-9-9-9-9-9-9-9-9-9-9-9-9-9-9    -9 7630231241590510141413 5 764421181 6 515
1919 00 0-9 -9-9-9 -9-9-9-9-9-9-9-9-9-9-9-9-9-9-9-9-9-9-9-9-9-9-9-9-9    -9 8589820505360450141413 3 711916141 611 3
1920 00 0-9 -9-9-9 -9-9-9-9-9-9-9-9-9-9-9-9-9-9-9-9-9-9-9-9-9-9-9-9-9    -9 5086820827727010141413 3 564321172 6 6 6
1921 00 0-9 -9-9-9 -9-9-9-9-9-9-9-9-9-9-9-9-9-9-9-9-9-9-9-9-9-9-9-9-9    -9 5086820827727010141413 3 463011173-9-9-9
1922 00 0-9 -9-9-9 -9-9-9-9-9-9-9-9-9-9-9-9-9-9-9-9-9-9-9-9-9-9-9-9-9    -9 5726547003573630141413 2 213921141 1 7 9
1923 10 0 1 681414 68-941 4 045-9 1 6 1 6 6 6 6 6 6 6 6 6 6 6 1 6 8-9  4849 5086820827727010141413 29765721131 612 3
1924 00 0-9 -9-9-9 -9-9-9-9-9-9-9-9-9-9-9-9-9-9-9-9-9-9-9-9-9-9-9-9-9    -9 5726547003573630141413 2 216121131 7 515
1925 00 0-9 -9-9-9 -9-9-9-9-9-9-9-9-9-9-9-9-9-9-9-9-9-9-9-9-9-9-9-9-9    -9 7630231241590510141413 3 363216173-9-9-9
1926 00 0-9 -9-9-9 -9-9-9-9-9-9-9-9-9-9-9-9-9-9-9-9-9-9-9-9-9-9-9-9-9    -9 5086820827727010141413 2 264016165-9-9-9
1927 00 0-9 -9-9-9 -9-9-9-9-9-9-9-9-9-9-9-9-9-9-9-9-9-9-9-9-9-9-9-9-9    -9 5726547003573630141413 2 512841148-9-9-9
1928 00 0-9 -9-9-9 -9-9-9-9-9-9-9-9-9-9-9-9-9-9-9-9-9-9-9-9-9-9-9-9-9    -9 5726547003573630141413 2 716221145-9-9-9
1929 00 0-9 -9-9-9 -9-9-9-9-9-9-9-9-9-9-9-9-9-9-9-9-9-9-9-9-9-9-9-9-9    -9 2543410413863505141413 3 163446141 6 7 9
1930 01 0 1 681414 68-945 4 415-9 2 1 6 6 6 6 6 6 6 6 6 6 6 6 1 111-9 21760 5726547003573630141413 2 216721155-9-9-9
1931 00 0-9 -9-9-9 -9-9-9-9-9-9-9-9-9-9-9-9-9-9-9-9-9-9-9-9-9-9-9-9-9    -9 5726547003573630141413 29715416161 715 8
1932 10 0 1 681414 682929 6 2 0-9 2 6 1 6 6 6 6 6 6 6 6 6 6 6 1 1 4-9 15041 7630231241590510141413 39762216182 7 6 4
1933 00 0-9 -9-9-9 -9-9-9-9-9-9-9-9-9-9-9-9-9-9-9-9-9-9-9-9-9-9-9-9-9    -9 7630231241590510141413 3 266821137-9-9-9
1934 00 0-9 -9-9-9 -9-9-9-9-9-9-9-9-9-9-9-9-9-9-9-9-9-9-9-9-9-9-9-9-9    -9 8589820505360450141413 3 316621135-9-9-9
1935 00 0-9 -9-9-9 -9-9-9-9-9-9-9-9-9-9-9-9-9-9-9-9-9-9-9-9-9-9-9-9-9    -9 5086820827727010141413 3 363121143-9-9-9
1936 00 0-9 -9-9-9 -9-9-9-9-9-9-9-9-9-9-9-9-9-9-9-9-9-9-9-9-9-9-9-9-9    -9 5726547003573630141413 3 313021141 612 3
1937 00 0-9 -9-9-9 -9-9-9-9-9-9-9-9-9-9-9-9-9-9-9-9-9-9-9-9-9-9-9-9-9    -9 5819046335968950141411 4 414221161 61117
1938 01 0 1 681414 68-928 6 5 0-9 2 6 6 6 6 6 1 6 6 6 6 6 6 6 6 1-912 2997210337973679721250141411 4 461916158-9-9-9
1939 00 0-9 -9-9-9 -9-9-9-9-9-9-9-9-9-9-9-9-9-9-9-9-9-9-9-9-9-9-9-9-9    -9 5168986839860620141411 29863321181 414 7
1940 00 0-9 -9-9-9 -9-9-9-9-9-9-9-9-9-9-9-9-9-9-9-9-9-9-9-9-9-9-9-9-9    -9 5819046335968950141411 2 513641171 611 6
1941 00 0-9 -9-9-9 -9-9-9-9-9-9-9-9-9-9-9-9-9-9-9-9-9-9-9-9-9-9-9-9-9    -9 7753480259790930141411 3 266021147-9-9-9
1942 00 0-9 -9-9-9 -9-9-9-9-9-9-9-9-9-9-9-9-9-9-9-9-9-9-9-9-9-9-9-9-9    -9 5168986839860620141411 2 466121157-9-9-9
1943 00 0-9 -9-9-9 -9-9-9-9-9-9-9-9-9-9-9-9-9-9-9-9-9-9-9-9-9-9-9-9-9    -9 5086820827727010141413 2 464321191 5 113
1944 00 0-9 -9-9-9 -9-9-9-9-9-9-9-9-9-9-9-9-9-9-9-9-9-9-9-9-9-9-9-9-9    -9 5726547003573630141413 4 413921131 6 7 7
1945 01 0 1 681414 68-92810 2 0-9 2 6 6 6 6 6 6 6 1 6 6 6 6 6 6 1-9 9 30362 8589820505360450141413 3 515721181 6 216
1946 10 0 2 681414 68-929 1 130 4 1 1 6 6 6 6 6 6 6 6 6 6 6 6 1 6 1-9  8497 2543410413863505141413 1 464916181 6 317
1947 00 0-9 -9-9-9 -9-9-9-9-9-9-9-9-9-9-9-9-9-9-9-9-9-9-9-9-9-9-9-9-9    -9 5086820827727010141413 2 167021397-9-9-9
1948 00 0-9 -9-9-9 -9-9-9-9-9-9-9-9-9-9-9-9-9-9-9-9-9-9-9-9-9-9-9-9-9    -9 8589820505360450141413 3 218521135-9-9-9
1949 00 0-9 -9-9-9 -9-9-9-9-9-9-9-9-9-9-9-9-9-9-9-9-9-9-9-9-9-9-9-9-9    -9 8589820505360450141413 3 312916162 7 7 7
1950 00 0-9 -9-9-9 -9-9-9-9-9-9-9-9-9-9-9-9-9-9-9-9-9-9-9-9-9-9-9-9-9    -9 7630231241590510141413 5 262016143-9-9-9
1951 00 0-9 -9-9-9 -9-9-9-9-9-9-9-9-9-9-9-9-9-9-9-9-9-9-9-9-9-9-9-9-9    -9 5086820827727010141413 3 563221198-9-9-9
1952 00 0-9 -9-9-9 -9-9-9-9-9-9-9-9-9-9-9-9-9-9-9-9-9-9-9-9-9-9-9-9-9    -9 5726547003573630141413 49714321191 6 216
1953 00 0-9 -9-9-9 -9-9-9-9-9-9-9-9-9-9-9-9-9-9-9-9-9-9-9-9-9-9-9-9-9    -9 2863273501786819141413 1 217236125-9-9-9
1954 00 0-9 -9-9-9 -9-9-9-9-9-9-9-9-9-9-9-9-9-9-9-9-9-9-9-9-9-9-9-9-9    -9 5086820827727010141413 2 563921142 6 3 3
1955 00 0-9 -9-9-9 -9-9-9-9-9-9-9-9-9-9-9-9-9-9-9-9-9-9-9-9-9-9-9-9-9    -9 8589820505360450141413 3 211716144-9-9-9
1956 10 0 1 681414 68-923 6 2 0-9 1 1 6 6 6 6 6 6 6 6 6 6 6 6 1 6 8-9 1232011453094007147270141413 4 615321151 414 8
1957 10 0 1 681414 682121 6 3 0-9 2 6 1 6 6 6 6 6 6 6 6 6 6 6 1 1 8-9 23851 5726547003573630141413 2 814721145-9-9-9
1958 11 0 1 681414 68-94110 130-9 1 1 6 6 6 6 6 6 6 6 6 6 6 6 6 611-9  9543 5726547003573630141413 3 614321141 614 8
1959 10 0 1 681414 681111 6 230-9 2 6 1 6 6 6 6 6 6 6 6 6 6 6 1 111-9 19543 5086820827727010141413 49864521171 6 417
1960 00 0-9 -9-9-9 -9-9-9-9-9-9-9-9-9-9-9-9-9-9-9-9-9-9-9-9-9-9-9-9-9    -9 5086820827727010141413 5 463721191 6 2 7
1961 00 0-9 -9-9-9 -9-9-9-9-9-9-9-9-9-9-9-9-9-9-9-9-9-9-9-9-9-9-9-9-9    -914316367508934090141413 5 315221141 614 8
1962 00 0-9 -9-9-9 -9-9-9-9-9-9-9-9-9-9-9-9-9-9-9-9-9-9-9-9-9-9-9-9-9    -9 2543410413863505141413 1 466536145-9-9-9
1963 00 0-9 -9-9-9 -9-9-9-9-9-9-9-9-9-9-9-9-9-9-9-9-9-9-9-9-9-9-9-9-9    -9 2543410413863505141413 3 164046143-9-9-9
1964 00 0-9 -9-9-9 -9-9-9-9-9-9-9-9-9-9-9-9-9-9-9-9-9-9-9-9-9-9-9-9-9    -9 7630231241590510141413 3 366821125-9-9-9
1965 00 0-9 -9-9-9 -9-9-9-9-9-9-9-9-9-9-9-9-9-9-9-9-9-9-9-9-9-9-9-9-9    -9 5726547003573630141413 4 314221181 6 313
1966 00 0-9 -9-9-9 -9-9-9-9-9-9-9-9-9-9-9-9-9-9-9-9-9-9-9-9-9-9-9-9-9    -9 2543410413863505141413 1 266916125-9-9-9
1967 00 0-9 -9-9-9 -9-9-9-9-9-9-9-9-9-9-9-9-9-9-9-9-9-9-9-9-9-9-9-9-9    -9 5086820827727010141413 39762016142 615 9
1968 10 0 1 681414 682929 6 145-9 1 6 1 6 6 6 6 6 6 6 6 6 6 6 1 6 7-9 13265 5086820827727010141413 3 363721142 6 6 8
1969 00 0-9 -9-9-9 -9-9-9-9-9-9-9-9-9-9-9-9-9-9-9-9-9-9-9-9-9-9-9-9-9    -9 2543410413863505141413 1 167336135-9-9-9
1970 00 0-9 -9-9-9 -9-9-9-9-9-9-9-9-9-9-9-9-9-9-9-9-9-9-9-9-9-9-9-9-9    -9 5086820827727010141413 2 165621123-9-9-9
1971 00 0-9 -9-9-9 -9-9-9-9-9-9-9-9-9-9-9-9-9-9-9-9-9-9-9-9-9-9-9-9-9    -9 2863273501786819141413 1 218136125-9-9-9
1972 00 0-9 -9-9-9 -9-9-9-9-9-9-9-9-9-9-9-9-9-9-9-9-9-9-9-9-9-9-9-9-9    -9 5726547003573630141413 3 314211141 6 914
1973 00 0-9 -9-9-9 -9-9-9-9-9-9-9-9-9-9-9-9-9-9-9-9-9-9-9-9-9-9-9-9-9    -9 5726547003573630141413 2 113916173-9-9-9
1974 00 0-9 -9-9-9 -9-9-9-9-9-9-9-9-9-9-9-9-9-9-9-9-9-9-9-9-9-9-9-9-9    -9 5086820827727010141413 3 468136125-9-9-9
1975 00 0-9 -9-9-9 -9-9-9-9-9-9-9-9-9-9-9-9-9-9-9-9-9-9-9-9-9-9-9-9-9    -9 5086820827727010141413 2 268436125-9-9-9
1976 00 0-9 -9-9-9 -9-9-9-9-9-9-9-9-9-9-9-9-9-9-9-9-9-9-9-9-9-9-9-9-9    -9 2863273501786819141413 1 213916161 6 817
1977 00 0-9 -9-9-9 -9-9-9-9-9-9-9-9-9-9-9-9-9-9-9-9-9-9-9-9-9-9-9-9-9    -9 8589820505360450141413 3 217121125-9-9-9
1978 00 0-9 -9-9-9 -9-9-9-9-9-9-9-9-9-9-9-9-9-9-9-9-9-9-9-9-9-9-9-9-9    -9 5086820827727010141413 2 267721125-9-9-9
1979 00 0-9 -9-9-9 -9-9-9-9-9-9-9-9-9-9-9-9-9-9-9-9-9-9-9-9-9-9-9-9-9    -9 5086820827727010141413 39865321147-9-9-9
1980 00 0-9 -9-9-9 -9-9-9-9-9-9-9-9-9-9-9-9-9-9-9-9-9-9-9-9-9-9-9-9-9    -9 5726547003573630141413 2 218221125-9-9-9
1981 00 0-9 -9-9-9 -9-9-9-9-9-9-9-9-9-9-9-9-9-9-9-9-9-9-9-9-9-9-9-9-9    -9 2543410413863505141413 1 268936115-9-9-9
1982 00 0-9 -9-9-9 -9-9-9-9-9-9-9-9-9-9-9-9-9-9-9-9-9-9-9-9-9-9-9-9-9    -9 5086820827727010141413 3 163511163-9-9-9
1983 00 0-9 -9-9-9 -9-9-9-9-9-9-9-9-9-9-9-9-9-9-9-9-9-9-9-9-9-9-9-9-9    -9 5086820827727010141413 2 367821125-9-9-9
1984 00 0-9 -9-9-9 -9-9-9-9-9-9-9-9-9-9-9-9-9-9-9-9-9-9-9-9-9-9-9-9-9    -9 5726547003573630141413 2 216121123-9-9-9
1985 00 0-9 -9-9-9 -9-9-9-9-9-9-9-9-9-9-9-9-9-9-9-9-9-9-9-9-9-9-9-9-9    -910173641655454020141413 4 364921153-9-9-9
1986 00 0-9 -9-9-9 -9-9-9-9-9-9-9-9-9-9-9-9-9-9-9-9-9-9-9-9-9-9-9-9-9    -9 5086820827727010141413 4 264321141 6 7 7
1987 00 0-9 -9-9-9 -9-9-9-9-9-9-9-9-9-9-9-9-9-9-9-9-9-9-9-9-9-9-9-9-9    -9 7630231241590510141413 4 464521141 71516
1988 00 0-9 -9-9-9 -9-9-9-9-9-9-9-9-9-9-9-9-9-9-9-9-9-9-9-9-9-9-9-9-9    -9 5726547003573630141413 4 613411141 6 4 8
1989 00 0-9 -9-9-9 -9-9-9-9-9-9-9-9-9-9-9-9-9-9-9-9-9-9-9-9-9-9-9-9-9    -9 5086820827727010141413 2 466621121 71516
1990 00 0-9 -9-9-9 -9-9-9-9-9-9-9-9-9-9-9-9-9-9-9-9-9-9-9-9-9-9-9-9-9    -9 8589820505360450141413 3 316121145-9-9-9
1991 00 0-9 -9-9-9 -9-9-9-9-9-9-9-9-9-9-9-9-9-9-9-9-9-9-9-9-9-9-9-9-9    -9 5726547003573630141413 3 213721152 6 313
1992 00 0-9 -9-9-9 -9-9-9-9-9-9-9-9-9-9-9-9-9-9-9-9-9-9-9-9-9-9-9-9-9    -911453094007147270141413 4 411716144-9-9-9
1993 00 0-9 -9-9-9 -9-9-9-9-9-9-9-9-9-9-9-9-9-9-9-9-9-9-9-9-9-9-9-9-9    -9 5726547003573630141413 2 118021125-9-9-9
1994 00 0-9 -9-9-9 -9-9-9-9-9-9-9-9-9-9-9-9-9-9-9-9-9-9-9-9-9-9-9-9-9    -9 5726547003573630141413 2 316621125-9-9-9
1995 00 0-9 -9-9-9 -9-9-9-9-9-9-9-9-9-9-9-9-9-9-9-9-9-9-9-9-9-9-9-9-9    -9 5086820827727010141413 4 563721171 4 7 7
1996 00 0-9 -9-9-9 -9-9-9-9-9-9-9-9-9-9-9-9-9-9-9-9-9-9-9-9-9-9-9-9-9    -9 5086820827727010141413 2 264346141 615 3
1997 00 0-9 -9-9-9 -9-9-9-9-9-9-9-9-9-9-9-9-9-9-9-9-9-9-9-9-9-9-9-9-9    -910173641655454020141413 4 365721161 6 615
1998 00 0-9 -9-9-9 -9-9-9-9-9-9-9-9-9-9-9-9-9-9-9-9-9-9-9-9-9-9-9-9-9    -9 2543410413863505141413 1 168236125-9-9-9
1999 00 0-9 -9-9-9 -9-9-9-9-9-9-9-9-9-9-9-9-9-9-9-9-9-9-9-9-9-9-9-9-9    -9 2543410413863505141413 2 262716141 716 7
2000 00 0-9 -9-9-9 -9-9-9-9-9-9-9-9-9-9-9-9-9-9-9-9-9-9-9-9-9-9-9-9-9    -9 5086820827727010141413 4 363521142 71517
2001 00 0-9 -9-9-9 -9-9-9-9-9-9-9-9-9-9-9-9-9-9-9-9-9-9-9-9-9-9-9-9-9    -9 5086820827727010141413 4 763821161 6 213
2002 10 0 1 681414 68-929 6 130-9 2 6 1 6 6 6 6 6 6 6 6 6 6 6 1 1 8-9 11813 5086820827727010141413 2 162716143-9-9-9
2003 00 0-9 -9-9-9 -9-9-9-9-9-9-9-9-9-9-9-9-9-9-9-9-9-9-9-9-9-9-9-9-9    -9 5086820827727010141413 4 764121151 6 521
2004 10 0 1 681414 682929 6 130-9 2 1 6 6 6 6 6 6 6 6 6 6 6 6 1 1 8-9 13175 5726547003573630141413 4 313921171 612 4
2005 00 0-9 -9-9-9 -9-9-9-9-9-9-9-9-9-9-9-9-9-9-9-9-9-9-9-9-9-9-9-9-9    -9 7630231241590510141413 4 462116154-9-9-9
2006 00 0-9 -9-9-9 -9-9-9-9-9-9-9-9-9-9-9-9-9-9-9-9-9-9-9-9-9-9-9-9-9    -9 7630231241590510141413 4 264521122 7 817
2007 10 0 1 681414 682121 6 250-9 2 6 1 6 6 6 6 6 6 6 6 6 6 6 1 611-9 2264912717052069317520141413 5 664721147-9-9-9
2008 10 0 1 681414 68-929 6 110-9 1 1 6 6 6 6 6 6 6 6 6 6 6 6 1 6 7-9  9678 8589820505360450141413 4 214121143-9-9-9
2009 00 0-9 -9-9-9 -9-9-9-9-9-9-9-9-9-9-9-9-9-9-9-9-9-9-9-9-9-9-9-9-9    -9 7630231241590510141413 3 464911163-9-9-9
2010 00 0-9 -9-9-9 -9-9-9-9-9-9-9-9-9-9-9-9-9-9-9-9-9-9-9-9-9-9-9-9-9    -9 5086820827727010141413 2 565446192 6 216
2011 00 0-9 -9-9-9 -9-9-9-9-9-9-9-9-9-9-9-9-9-9-9-9-9-9-9-9-9-9-9-9-9    -914316367508934090141413 5 216021143-9-9-9
2012 10 0 1 681414 68-941 1 130 5 1 1 6 6 6 6 6 6 6 6 6 6 6 6 6 610-9  940914316367508934090141413 5 114216191 4 319
2013 00 0-9 -9-9-9 -9-9-9-9-9-9-9-9-9-9-9-9-9-9-9-9-9-9-9-9-9-9-9-9-9    -9 2543410413863505141413 49764826192 4 313
2014 12 1 1 681414 68-946 1 4 0 4 1 6 6 6 6 6 6 6 1 6 6 6 6 6 6 1-9 1 38357 2863273501786819141413 19813626191 6 1 3
2015 00 0-9 -9-9-9 -9-9-9-9-9-9-9-9-9-9-9-9-9-9-9-9-9-9-9-9-9-9-9-9-9    -9 5086820827727010141413 2 866121157-9-9-9
2016 00 0-9 -9-9-9 -9-9-9-9-9-9-9-9-9-9-9-9-9-9-9-9-9-9-9-9-9-9-9-9-9    -9 5086820827727010141413 4 763421193-9-9-9
2017 01 0 1 681414 68-928 1 245 5 1 6 1 6 6 6 6 6 1 6 6 6 6 6 1 6-9-9 30324 5726547003573630141413 4 814121171 2 119
2018 00 0-9 -9-9-9 -9-9-9-9-9-9-9-9-9-9-9-9-9-9-9-9-9-9-9-9-9-9-9-9-9    -9 2543410413863505141413 2 466346182 6 216
2019 10 0 1 681414 682929 6 2 0-9 1 1 6 6 6 6 6 6 6 6 6 6 6 6 1 111-9 13374 2863273501786819141413 19713816191 6 514
2020 00 0-9 -9-9-9 -9-9-9-9-9-9-9-9-9-9-9-9-9-9-9-9-9-9-9-9-9-9-9-9-9    -9 2543410413863505141413 19864416191 6 415
2021 10 0 1 681414 68-923 1 1 0 2 1 1 6 6 6 6 6 6 6 6 6 6 6 6 6 111-9  6653 2863273501786819141413 19815026191 1 217
2022 00 0-9 -9-9-9 -9-9-9-9-9-9-9-9-9-9-9-9-9-9-9-9-9-9-9-9-9-9-9-9-9    -9 2543410413863505141413 1 267436125-9-9-9
2023 10 0 1 681414 68414110 130-9 1 1 6 6 6 6 6 6 6 6 6 6 6 6 6 6 8-9 11849 8589820505360450141413 59714011143-9-9-9
2024 00 0-9 -9-9-9 -9-9-9-9-9-9-9-9-9-9-9-9-9-9-9-9-9-9-9-9-9-9-9-9-9    -9 5086820827727010141413 4 464321161 71517
2025 01 0 1 681414 68-928 4 430-9 2 6 6 6 6 6 1 6 6 6 6 6 6 6 1 1-9 4 30341 7630231241590510141413 4 364421132 61520
2026 00 0-9 -9-9-9 -9-9-9-9-9-9-9-9-9-9-9-9-9-9-9-9-9-9-9-9-9-9-9-9-9    -9 5726547003573630141413 2 217221125-9-9-9
2027 00 0-9 -9-9-9 -9-9-9-9-9-9-9-9-9-9-9-9-9-9-9-9-9-9-9-9-9-9-9-9-9    -9 2863273501786819141413 1 115646143-9-9-9
2028 00 0-9 -9-9-9 -9-9-9-9-9-9-9-9-9-9-9-9-9-9-9-9-9-9-9-9-9-9-9-9-9    -9 5726547003573630141413 2 214546173-9-9-9
2029 00 0-9 -9-9-9 -9-9-9-9-9-9-9-9-9-9-9-9-9-9-9-9-9-9-9-9-9-9-9-9-9    -9 5086820827727010141413 2 367536125-9-9-9
2030 00 0-9 -9-9-9 -9-9-9-9-9-9-9-9-9-9-9-9-9-9-9-9-9-9-9-9-9-9-9-9-9    -9 8589820505360450141413 4 114121143-9-9-9
2031 00 0-9 -9-9-9 -9-9-9-9-9-9-9-9-9-9-9-9-9-9-9-9-9-9-9-9-9-9-9-9-9    -9 5086820827727010141413 2 363321142 715 9
2032 00 0-9 -9-9-9 -9-9-9-9-9-9-9-9-9-9-9-9-9-9-9-9-9-9-9-9-9-9-9-9-9    -911453094007147270141413 49811716144-9-9-9
2033 00 0-9 -9-9-9 -9-9-9-9-9-9-9-9-9-9-9-9-9-9-9-9-9-9-9-9-9-9-9-9-9    -9 5726547003573630141413 2 212616153-9-9-9
2034 00 0-9 -9-9-9 -9-9-9-9-9-9-9-9-9-9-9-9-9-9-9-9-9-9-9-9-9-9-9-9-9    -9 5726547003573630141413 2 416821146-9-9-9
2035 00 0-9 -9-9-9 -9-9-9-9-9-9-9-9-9-9-9-9-9-9-9-9-9-9-9-9-9-9-9-9-9    -911453094007147270141413 4 715021181 6 216
2036 00 0-9 -9-9-9 -9-9-9-9-9-9-9-9-9-9-9-9-9-9-9-9-9-9-9-9-9-9-9-9-9    -9 5086820827727010141413 2 367921127-9-9-9
2037 00 0-9 -9-9-9 -9-9-9-9-9-9-9-9-9-9-9-9-9-9-9-9-9-9-9-9-9-9-9-9-9    -911453094007147270141413 4 715321171 6 215
2038 00 0-9 -9-9-9 -9-9-9-9-9-9-9-9-9-9-9-9-9-9-9-9-9-9-9-9-9-9-9-9-9    -9 2863273501786819141413 19815826136-9-9-9
2039 00 0-9 -9-9-9 -9-9-9-9-9-9-9-9-9-9-9-9-9-9-9-9-9-9-9-9-9-9-9-9-9    -9 7630231241590510141413 39865121141 6 717
2040 00 0-9 -9-9-9 -9-9-9-9-9-9-9-9-9-9-9-9-9-9-9-9-9-9-9-9-9-9-9-9-9    -9 5086820827727010141413 29868221115-9-9-9
2041 10 0 1 681414 684141 6 040-9 1 6 6 6 6 6 1 6 1 6 6 6 6 6 1 6-9 1 11771 5086820827727010141413 29764716191 6 216
2042 00 0-9 -9-9-9 -9-9-9-9-9-9-9-9-9-9-9-9-9-9-9-9-9-9-9-9-9-9-9-9-9    -9 5726547003573630141413 2 717121165-9-9-9
2043 00 0-9 -9-9-9 -9-9-9-9-9-9-9-9-9-9-9-9-9-9-9-9-9-9-9-9-9-9-9-9-9    -9 5726547003573630141413 3 614521141 6 311
2044200 0 1 681414 684141 1 045 1 1 6 6 6 6 6 6 6 1 6 6 6 6 6 6 6-9 1 1173411453094007147270141413 4 514921151 61715
2045 01 0 1 681414 68-92810 430-9 2 1 6 6 6 6 6 6 6 6 6 6 6 6 1 111-9 3040211453094007147270141413 4 815121151 6 915
2046 00 0-9 -9-9-9 -9-9-9-9-9-9-9-9-9-9-9-9-9-9-9-9-9-9-9-9-9-9-9-9-9    -9 8589820505360450141413 3 316321135-9-9-9
2047 20 0 1 681414 68-929 6 2 0-9 2 6 1 6 6 6 6 6 6 6 6 6 6 6 1 1 4-9 11933 5086820827727010141413 49864421181 6 216
2048 00 0-9 -9-9-9 -9-9-9-9-9-9-9-9-9-9-9-9-9-9-9-9-9-9-9-9-9-9-9-9-9    -9 7630231241590510141413 39867921147-9-9-9
2049 00 0-9 -9-9-9 -9-9-9-9-9-9-9-9-9-9-9-9-9-9-9-9-9-9-9-9-9-9-9-9-9    -9 5086820827727010141413 4 463621151 6 6 7
2050 00 0-9 -9-9-9 -9-9-9-9-9-9-9-9-9-9-9-9-9-9-9-9-9-9-9-9-9-9-9-9-9    -9 8589820505360450141413 4 214521141 414 8
2051 00 0-9 -9-9-9 -9-9-9-9-9-9-9-9-9-9-9-9-9-9-9-9-9-9-9-9-9-9-9-9-9    -9 5086820827727010141413 4 263521143-9-9-9
2052 01 0 2 -1-1-1 68-928 6 150-9 1 6 6 6 6 6 6 6 1 6 6 6 6 6 1 1-9 6    -1 7630231241590510141413 3 562216184-9-9-9
2053 00 0-9 -9-9-9 -9-9-9-9-9-9-9-9-9-9-9-9-9-9-9-9-9-9-9-9-9-9-9-9-9    -911453094007147270141413 49712216144-9-9-9
2054 00 0-9 -9-9-9 -9-9-9-9-9-9-9-9-9-9-9-9-9-9-9-9-9-9-9-9-9-9-9-9-9    -9 5086820827727010141413 2 266621127-9-9-9
2055 00 0-9 -9-9-9 -9-9-9-9-9-9-9-9-9-9-9-9-9-9-9-9-9-9-9-9-9-9-9-9-9    -9 2543410413863505141413 19767836125-9-9-9
2056 00 0-9 -9-9-9 -9-9-9-9-9-9-9-9-9-9-9-9-9-9-9-9-9-9-9-9-9-9-9-9-9    -910173641655454020141413 49761916154-9-9-9
2057 00 0-9 -9-9-9 -9-9-9-9-9-9-9-9-9-9-9-9-9-9-9-9-9-9-9-9-9-9-9-9-9    -9 2863273501786819141413 1 215346146-9-9-9
2058 00 0-9 -9-9-9 -9-9-9-9-9-9-9-9-9-9-9-9-9-9-9-9-9-9-9-9-9-9-9-9-9    -9 2543410413863505141413 1 166336127-9-9-9
2059 00 0-9 -9-9-9 -9-9-9-9-9-9-9-9-9-9-9-9-9-9-9-9-9-9-9-9-9-9-9-9-9    -9 5726547003573630141413 2 613721151 6 6 5
2060 00 0-9 -9-9-9 -9-9-9-9-9-9-9-9-9-9-9-9-9-9-9-9-9-9-9-9-9-9-9-9-9    -9 5086820827727010141413 59764021167-9-9-9
2061 00 0-9 -9-9-9 -9-9-9-9-9-9-9-9-9-9-9-9-9-9-9-9-9-9-9-9-9-9-9-9-9    -9 5086820827727010141413 39863521182 7 317
2062 00 0-9 -9-9-9 -9-9-9-9-9-9-9-9-9-9-9-9-9-9-9-9-9-9-9-9-9-9-9-9-9    -9 2543410413863505141413 1 268536127-9-9-9
2063 00 0-9 -9-9-9 -9-9-9-9-9-9-9-9-9-9-9-9-9-9-9-9-9-9-9-9-9-9-9-9-9    -9 5086820827727010141413 39863221151 6 216
2064 00 0-9 -9-9-9 -9-9-9-9-9-9-9-9-9-9-9-9-9-9-9-9-9-9-9-9-9-9-9-9-9    -9 5086820827727010141413 29764211171 6 515
2065 10 0 1 681414 68414110 130-9 1 1 6 6 6 6 6 6 6 6 6 6 6 6 1 6 8-9 11747 5086820827727010141413 29864321167-9-9-9
2066 10 0 2 -1-1-1 68-918 6 2 0-9 2 6 1 6 6 6 6 6 6 6 6 6 6 6 1 1 8-9    -1 5086820827727010141413 29863321191 6 2 7
2067 10 0 1 681414 682323 1 130 5 1 1 6 6 6 6 6 6 6 6 6 6 6 6 6 6 8-9  9031 5726547003573630141413 2 513821171 6 216
2068 11 0 1 681414 684141 4 130-9 1 6 1 6 6 6 6 6 6 6 6 6 6 6 1 111-9 11734 7630231241590510141413 39762316154-9-9-9
2069 00 0-9 -9-9-9 -9-9-9-9-9-9-9-9-9-9-9-9-9-9-9-9-9-9-9-9-9-9-9-9-9    -9 5168986839860620141411 5 764221191 6 216
2070 10 0 1 681414 682929 6 130-9 1 1 6 6 6 6 6 6 6 6 6 6 6 6 1 1 8-9 15296 5819046335968950141411 4 814421191 1 313
2071 01 0 1 681414 68-945 6 430-9 2 1 6 6 6 6 6 6 6 6 6 6 6 6 6 1 8-9 21581 2584493419930313141411 19763046151 110 1
2072 00 0-9 -9-9-9 -9-9-9-9-9-9-9-9-9-9-9-9-9-9-9-9-9-9-9-9-9-9-9-9-9    -9 5819046335968950141411 4 814921191 6 111
2073 00 0-9 -9-9-9 -9-9-9-9-9-9-9-9-9-9-9-9-9-9-9-9-9-9-9-9-9-9-9-9-9    -9 5168986839860620141411 29766621165-9-9-9
2074 10 0 1 681414 681111 4 240-9 2 6 6 6 6 6 6 6 1 6 6 6 6 6 6 1-9 1 17947 2909523167984478141411 1 314316192 1 313
2075 00 0-9 -9-9-9 -9-9-9-9-9-9-9-9-9-9-9-9-9-9-9-9-9-9-9-9-9-9-9-9-9    -9 5819046335968950141411 5 713921191 6 111
2076 00 0-9 -9-9-9 -9-9-9-9-9-9-9-9-9-9-9-9-9-9-9-9-9-9-9-9-9-9-9-9-9    -9 5168986839860620141411 3 864121191 6 310
2077 00 0-9 -9-9-9 -9-9-9-9-9-9-9-9-9-9-9-9-9-9-9-9-9-9-9-9-9-9-9-9-9    -9 2863273501786819141413 1 213916191 6 614
2078 00 0-9 -9-9-9 -9-9-9-9-9-9-9-9-9-9-9-9-9-9-9-9-9-9-9-9-9-9-9-9-9    -9 5086820827727010141413 4 864241171 6 411
2079 00 0-9 -9-9-9 -9-9-9-9-9-9-9-9-9-9-9-9-9-9-9-9-9-9-9-9-9-9-9-9-9    -9 5726547003573630141413 4 413421141 6 6 7
2080 00 0-9 -9-9-9 -9-9-9-9-9-9-9-9-9-9-9-9-9-9-9-9-9-9-9-9-9-9-9-9-9    -9 5086820827727010141413 29764121141 6 719
2081 00 0-9 -9-9-9 -9-9-9-9-9-9-9-9-9-9-9-9-9-9-9-9-9-9-9-9-9-9-9-9-9    -9 5086820827727010141413 4 863621171 6 611
2082 00 0-9 -9-9-9 -9-9-9-9-9-9-9-9-9-9-9-9-9-9-9-9-9-9-9-9-9-9-9-9-9    -9 2543410413863505141413 1 267536115-9-9-9
2083 00 0-9 -9-9-9 -9-9-9-9-9-9-9-9-9-9-9-9-9-9-9-9-9-9-9-9-9-9-9-9-9    -9 5086820827727010141413 3 463821183-9-9-9
2084 00 0-9 -9-9-9 -9-9-9-9-9-9-9-9-9-9-9-9-9-9-9-9-9-9-9-9-9-9-9-9-9    -9 5726547003573630141413 4 513821181 6 3 6
2085 10 0 1 681414 684141 2 130 3 1 6 1 6 6 6 6 6 6 6 6 6 6 6 1 1 8-9 1170411453094007147270141413 4 811916154-9-9-9
2086 00 0-9 -9-9-9 -9-9-9-9-9-9-9-9-9-9-9-9-9-9-9-9-9-9-9-9-9-9-9-9-9    -9 5086820827727010141413 4 863941191 6 611
2087 01 0 1 681414 68-913 4 2 0-9 2 1 6 6 6 6 6 6 6 6 6 6 6 6 1 1 7-9 14209 5726547003573630141413 2 613311181 612 3
2088 01 0 1 681414 68-928 6 150-9 2 6 6 6 6 6 6 6 1 6 6 6 6 6 1 1-912 30368 2543410413863505141413 2 164416163-9-9-9
2089 10 0 1 681414 682929 4 130-9 2 6 1 6 6 6 6 6 6 6 6 6 6 6 1 1 8-9 14951 5086820827727010141413 2 765921182 6 217
2090 10 0 1 681414 681111 4 230-9 2 1 6 6 6 6 6 6 6 6 6 6 6 6 1 1 8-9 2034310173641655454020141413 49766321181 6 5 7
2091 00 0-9 -9-9-9 -9-9-9-9-9-9-9-9-9-9-9-9-9-9-9-9-9-9-9-9-9-9-9-9-9    -9 2863273501786819141413 1 418136185-9-9-9
2092 00 0-9 -9-9-9 -9-9-9-9-9-9-9-9-9-9-9-9-9-9-9-9-9-9-9-9-9-9-9-9-9    -911453094007147270141413 4 812316154-9-9-9
2093 10 0 1 681414 682929 6 2 0-9 2 1 6 6 6 6 6 6 6 6 6 6 6 6 1 1 8-9 14207 5086820827727010141413 2 266921145-9-9-9
2094 00 0-9 -9-9-9 -9-9-9-9-9-9-9-9-9-9-9-9-9-9-9-9-9-9-9-9-9-9-9-9-9    -9 5086820827727010141413 4 463621147-9-9-9
2095 00 0-9 -9-9-9 -9-9-9-9-9-9-9-9-9-9-9-9-9-9-9-9-9-9-9-9-9-9-9-9-9    -9 5726547003573630141413 2 716821195-9-9-9
2096 10 0 1 681414 684141 6 040-9 1 6 6 6 6 6 6 6 1 6 6 6 6 6 1 1-9 1 11883 5726547003573630141413 2 715841191 1 313
2097 00 0-9 -9-9-9 -9-9-9-9-9-9-9-9-9-9-9-9-9-9-9-9-9-9-9-9-9-9-9-9-9    -9 5726547003573630141413 4 513421151 6 214
2098 00 0-9 -9-9-9 -9-9-9-9-9-9-9-9-9-9-9-9-9-9-9-9-9-9-9-9-9-9-9-9-9    -9 2863273501786819141413 1 216516145-9-9-9
2099 00 0-9 -9-9-9 -9-9-9-9-9-9-9-9-9-9-9-9-9-9-9-9-9-9-9-9-9-9-9-9-9    -9 5086820827727010141413 4 564121157-9-9-9
2100 00 0-9 -9-9-9 -9-9-9-9-9-9-9-9-9-9-9-9-9-9-9-9-9-9-9-9-9-9-9-9-9    -9 5726547003573630141413 2 318121135-9-9-9
2101 00 0-9 -9-9-9 -9-9-9-9-9-9-9-9-9-9-9-9-9-9-9-9-9-9-9-9-9-9-9-9-9    -9 5086820827727010141413 2 765411161 6 5 3
2102 11 0 1 681414 68-929 1 1 5 3 2 6 6 6 6 6 6 6 1 6 6 6 6 6 6 1-9 6 11871 2863273501786819141413 1 315916191 1 114
2103 00 0-9 -9-9-9 -9-9-9-9-9-9-9-9-9-9-9-9-9-9-9-9-9-9-9-9-9-9-9-9-9    -9 5086820827727010141413 3 265041143-9-9-9
2104 00 0-9 -9-9-9 -9-9-9-9-9-9-9-9-9-9-9-9-9-9-9-9-9-9-9-9-9-9-9-9-9    -9 5086820827727010141413 3 463821132 91519
2105 00 0-9 -9-9-9 -9-9-9-9-9-9-9-9-9-9-9-9-9-9-9-9-9-9-9-9-9-9-9-9-9    -9 2543410413863505141413 3 162316142 71520
2106 00 0-9 -9-9-9 -9-9-9-9-9-9-9-9-9-9-9-9-9-9-9-9-9-9-9-9-9-9-9-9-9    -9 5086820827727010141413 3 262721131 915 9
2107 00 0-9 -9-9-9 -9-9-9-9-9-9-9-9-9-9-9-9-9-9-9-9-9-9-9-9-9-9-9-9-9    -9 5086820827727010141413 2 467736155-9-9-9
2108 10 0 1 681414 681111 4 230-9 1 6 1 6 6 6 6 6 6 6 6 6 6 6 1 111-9 19583 7630231241590510141413 39768436194-9-9-9
2109 00 0-9 -9-9-9 -9-9-9-9-9-9-9-9-9-9-9-9-9-9-9-9-9-9-9-9-9-9-9-9-9    -910173641655454020141413 49767021137-9-9-9
2110 10 0 1 681414 68-941 1 130 4 1 1 6 6 6 6 6 6 6 6 6 6 6 6 1 6 7-9  9336 8589820505360450141413 39817621195-9-9-9
2111 00 0-9 -9-9-9 -9-9-9-9-9-9-9-9-9-9-9-9-9-9-9-9-9-9-9-9-9-9-9-9-9    -910173641655454020141413 4 365736152 9 411
2112 00 0-9 -9-9-9 -9-9-9-9-9-9-9-9-9-9-9-9-9-9-9-9-9-9-9-9-9-9-9-9-9    -9 7630231241590510141413 39866246151 6 515
2113 31 0 1 681414 68-941 1 040 2 1 6 6 6 6 6 6 6 1 6 6 6 6 6 6 6-9 6  9325 7630231241590510141413 3 864121141 6 7 7
2114 00 0-9 -9-9-9 -9-9-9-9-9-9-9-9-9-9-9-9-9-9-9-9-9-9-9-9-9-9-9-9-9    -9 5726547003573630141413 8 413721181 6 310
2115 00 0-9 -9-9-9 -9-9-9-9-9-9-9-9-9-9-9-9-9-9-9-9-9-9-9-9-9-9-9-9-9    -9 2543410413863505141413 19769036135-9-9-9
2116 00 0-9 -9-9-9 -9-9-9-9-9-9-9-9-9-9-9-9-9-9-9-9-9-9-9-9-9-9-9-9-9    -9 5086820827727010141413 2 865921181 6 216
2117 00 0-9 -9-9-9 -9-9-9-9-9-9-9-9-9-9-9-9-9-9-9-9-9-9-9-9-9-9-9-9-9    -9 5726547003573630141413 3 215121142 713 3
2118 00 0-9 -9-9-9 -9-9-9-9-9-9-9-9-9-9-9-9-9-9-9-9-9-9-9-9-9-9-9-9-9    -911453094007147270141413 4 412016162 7 7 7
2119 00 0-9 -9-9-9 -9-9-9-9-9-9-9-9-9-9-9-9-9-9-9-9-9-9-9-9-9-9-9-9-9    -9 5726547003573630141413 4 214021142 713 3
2120 00 0-9 -9-9-9 -9-9-9-9-9-9-9-9-9-9-9-9-9-9-9-9-9-9-9-9-9-9-9-9-9    -9 5726547003573630141413 5 213721253-9-9-9
2121 00 0-9 -9-9-9 -9-9-9-9-9-9-9-9-9-9-9-9-9-9-9-9-9-9-9-9-9-9-9-9-9    -9 5726547003573630141413 3 213921143-9-9-9
2122 00 0-9 -9-9-9 -9-9-9-9-9-9-9-9-9-9-9-9-9-9-9-9-9-9-9-9-9-9-9-9-9    -9 5086820827727010141413 49763721241 1 7 9
2123 00 0-9 -9-9-9 -9-9-9-9-9-9-9-9-9-9-9-9-9-9-9-9-9-9-9-9-9-9-9-9-9    -9 8589820505360450141413 3 415721141 712 7
2124 00 0-9 -9-9-9 -9-9-9-9-9-9-9-9-9-9-9-9-9-9-9-9-9-9-9-9-9-9-9-9-9    -9 5086820827727010141413 2 366421127-9-9-9
2125100 0 1 681414 68-923 1 130 1 1 1 6 6 6 6 6 6 6 6 6 6 6 6 6 611-9 10441 5726547003573630141413 4 313821171 6 4 7
2126 00 0-9 -9-9-9 -9-9-9-9-9-9-9-9-9-9-9-9-9-9-9-9-9-9-9-9-9-9-9-9-9    -9 5086820827727010141413 4 563721172 7 417
2127 00 0-9 -9-9-9 -9-9-9-9-9-9-9-9-9-9-9-9-9-9-9-9-9-9-9-9-9-9-9-9-9    -9 7630231241590510141413 3 565516141 6 817
2128 00 0-9 -9-9-9 -9-9-9-9-9-9-9-9-9-9-9-9-9-9-9-9-9-9-9-9-9-9-9-9-9    -911453094007147270141413 4 312016154-9-9-9
2129 00 0-9 -9-9-9 -9-9-9-9-9-9-9-9-9-9-9-9-9-9-9-9-9-9-9-9-9-9-9-9-9    -9 8589820505360450141413 3 415921143-9-9-9
2130 00 0-9 -9-9-9 -9-9-9-9-9-9-9-9-9-9-9-9-9-9-9-9-9-9-9-9-9-9-9-9-9    -9 5086820827727010141413 2 362721173-9-9-9
2131 00 0-9 -9-9-9 -9-9-9-9-9-9-9-9-9-9-9-9-9-9-9-9-9-9-9-9-9-9-9-9-9    -9 2543410413863505141413 1 167246135-9-9-9
2132 00 0-9 -9-9-9 -9-9-9-9-9-9-9-9-9-9-9-9-9-9-9-9-9-9-9-9-9-9-9-9-9    -9 8589820505360450141413 3 414546141 611 6
2133 00 0-9 -9-9-9 -9-9-9-9-9-9-9-9-9-9-9-9-9-9-9-9-9-9-9-9-9-9-9-9-9    -9 5086820827727010141413 3 563121181 6 5 3
2134 00 0-9 -9-9-9 -9-9-9-9-9-9-9-9-9-9-9-9-9-9-9-9-9-9-9-9-9-9-9-9-9    -9 5726547003573630141413 2 413121141 612 7
2135 00 0-9 -9-9-9 -9-9-9-9-9-9-9-9-9-9-9-9-9-9-9-9-9-9-9-9-9-9-9-9-9    -9 5726547003573630141413 2 217721125-9-9-9
2136 00 0-9 -9-9-9 -9-9-9-9-9-9-9-9-9-9-9-9-9-9-9-9-9-9-9-9-9-9-9-9-9    -910173641655454020141413 4 565421127-9-9-9
2137 00 0-9 -9-9-9 -9-9-9-9-9-9-9-9-9-9-9-9-9-9-9-9-9-9-9-9-9-9-9-9-9    -9 5726547003573630141413 3 212811143-9-9-9
2138 00 0-9 -9-9-9 -9-9-9-9-9-9-9-9-9-9-9-9-9-9-9-9-9-9-9-9-9-9-9-9-9    -9 2543410413863505141413 1 268636125-9-9-9
2139 00 0-9 -9-9-9 -9-9-9-9-9-9-9-9-9-9-9-9-9-9-9-9-9-9-9-9-9-9-9-9-9    -9 5726547003573630141413 2 316521145-9-9-9
2140 00 0-9 -9-9-9 -9-9-9-9-9-9-9-9-9-9-9-9-9-9-9-9-9-9-9-9-9-9-9-9-9    -9 5726547003573630141413 2 217521125-9-9-9
2141 00 0-9 -9-9-9 -9-9-9-9-9-9-9-9-9-9-9-9-9-9-9-9-9-9-9-9-9-9-9-9-9    -9 5726547003573630141413 2 416121135-9-9-9
2142 00 0-9 -9-9-9 -9-9-9-9-9-9-9-9-9-9-9-9-9-9-9-9-9-9-9-9-9-9-9-9-9    -9 5086820827727010141413 5 462621162 6 817
2143 00 0-9 -9-9-9 -9-9-9-9-9-9-9-9-9-9-9-9-9-9-9-9-9-9-9-9-9-9-9-9-9    -9 7630231241590510141413 3 366121132 1 1 3
2144 00 0-9 -9-9-9 -9-9-9-9-9-9-9-9-9-9-9-9-9-9-9-9-9-9-9-9-9-9-9-9-9    -911453094007147270141413 49711716144-9-9-9
2145 00 0-9 -9-9-9 -9-9-9-9-9-9-9-9-9-9-9-9-9-9-9-9-9-9-9-9-9-9-9-9-9    -9 2543410413863505141413 1 266136145-9-9-9
2146 00 0-9 -9-9-9 -9-9-9-9-9-9-9-9-9-9-9-9-9-9-9-9-9-9-9-9-9-9-9-9-9    -9 2863273501786819141413 1 114546153-9-9-9
2147 00 0-9 -9-9-9 -9-9-9-9-9-9-9-9-9-9-9-9-9-9-9-9-9-9-9-9-9-9-9-9-9    -9 7630231241590510141413 3 665516137-9-9-9
2148 00 0-9 -9-9-9 -9-9-9-9-9-9-9-9-9-9-9-9-9-9-9-9-9-9-9-9-9-9-9-9-9    -9 5086820827727010141413 4 264116162 7 817
2149 10 0 1 681414 682929 6 145-9 2 6 1 6 6 6 6 6 6 6 6 6 6 6 1 111-9 14206 2863273501786819141413 1 216346145-9-9-9
2150 00 0-9 -9-9-9 -9-9-9-9-9-9-9-9-9-9-9-9-9-9-9-9-9-9-9-9-9-9-9-9-9    -9 2543410413863505141413 3 264646147-9-9-9
2151 00 0-9 -9-9-9 -9-9-9-9-9-9-9-9-9-9-9-9-9-9-9-9-9-9-9-9-9-9-9-9-9    -9 5726547003573630141413 2 417921145-9-9-9
2152 00 0-9 -9-9-9 -9-9-9-9-9-9-9-9-9-9-9-9-9-9-9-9-9-9-9-9-9-9-9-9-9    -9 2543410413863505141413 1 168516125-9-9-9
2153 00 0-9 -9-9-9 -9-9-9-9-9-9-9-9-9-9-9-9-9-9-9-9-9-9-9-9-9-9-9-9-9    -9 5726547003573630141413 2 215921123-9-9-9
2154 00 0-9 -9-9-9 -9-9-9-9-9-9-9-9-9-9-9-9-9-9-9-9-9-9-9-9-9-9-9-9-9    -9 7630231241590510141413 3 364646143-9-9-9
2155 00 0-9 -9-9-9 -9-9-9-9-9-9-9-9-9-9-9-9-9-9-9-9-9-9-9-9-9-9-9-9-9    -9 5726547003573630141413 2 215621143-9-9-9
2156 00 0-9 -9-9-9 -9-9-9-9-9-9-9-9-9-9-9-9-9-9-9-9-9-9-9-9-9-9-9-9-9    -9 5086820827727010141413 2 565816141 6 7 7
2157 00 0-9 -9-9-9 -9-9-9-9-9-9-9-9-9-9-9-9-9-9-9-9-9-9-9-9-9-9-9-9-9    -9 5726547003573630141413 3 414421141 1 1 9
2158 00 0-9 -9-9-9 -9-9-9-9-9-9-9-9-9-9-9-9-9-9-9-9-9-9-9-9-9-9-9-9-9    -9 5726547003573630141413 2 812616171 6 915
2159 00 0-9 -9-9-9 -9-9-9-9-9-9-9-9-9-9-9-9-9-9-9-9-9-9-9-9-9-9-9-9-9    -910173641655454020141413 49762416154-9-9-9
2160 00 0-9 -9-9-9 -9-9-9-9-9-9-9-9-9-9-9-9-9-9-9-9-9-9-9-9-9-9-9-9-9    -9 5086820827727010141413 2 666621185-9-9-9
2161 00 0-9 -9-9-9 -9-9-9-9-9-9-9-9-9-9-9-9-9-9-9-9-9-9-9-9-9-9-9-9-9    -9 5726547003573630141413 4 814121191 1 216
2162 00 0-9 -9-9-9 -9-9-9-9-9-9-9-9-9-9-9-9-9-9-9-9-9-9-9-9-9-9-9-9-9    -9 8589820505360450141413 3 716321145-9-9-9
2163 00 0-9 -9-9-9 -9-9-9-9-9-9-9-9-9-9-9-9-9-9-9-9-9-9-9-9-9-9-9-9-9    -9 7630231241590510141413 3 362316194-9-9-9
2164 00 0-9 -9-9-9 -9-9-9-9-9-9-9-9-9-9-9-9-9-9-9-9-9-9-9-9-9-9-9-9-9    -9 2543410413863505141413 1 364816161 61517
2165 00 0-9 -9-9-9 -9-9-9-9-9-9-9-9-9-9-9-9-9-9-9-9-9-9-9-9-9-9-9-9-9    -9 7630231241590510141413 3 865521181 6 217
2166 10 0 1 681414 68-923 4 1 0-9 1 6 1 6 6 6 6 6 6 6 6 6 6 6 1 6 8-9  5748 5086820827727010141413 2 765221176-9-9-9
2167 00 0-9 -9-9-9 -9-9-9-9-9-9-9-9-9-9-9-9-9-9-9-9-9-9-9-9-9-9-9-9-9    -9 2863273501786819141413 19814646151 1 514
2168 00 0-9 -9-9-9 -9-9-9-9-9-9-9-9-9-9-9-9-9-9-9-9-9-9-9-9-9-9-9-9-9    -9 5726547003573630141413 2 215336143-9-9-9
2169 00 0-9 -9-9-9 -9-9-9-9-9-9-9-9-9-9-9-9-9-9-9-9-9-9-9-9-9-9-9-9-9    -9 2543410413863505141413 1 167616157-9-9-9
2170 00 0-9 -9-9-9 -9-9-9-9-9-9-9-9-9-9-9-9-9-9-9-9-9-9-9-9-9-9-9-9-9    -9 2543410413863505141413 2 267916125-9-9-9
2171 00 0-9 -9-9-9 -9-9-9-9-9-9-9-9-9-9-9-9-9-9-9-9-9-9-9-9-9-9-9-9-9    -9 5086820827727010141413 2 264916171 6 817
2172 00 0-9 -9-9-9 -9-9-9-9-9-9-9-9-9-9-9-9-9-9-9-9-9-9-9-9-9-9-9-9-9    -9 5086820827727010141413 2 263016181 6 710
2173 00 0-9 -9-9-9 -9-9-9-9-9-9-9-9-9-9-9-9-9-9-9-9-9-9-9-9-9-9-9-9-9    -9 5086820827727010141413 2 267621125-9-9-9
2174 00 0-9 -9-9-9 -9-9-9-9-9-9-9-9-9-9-9-9-9-9-9-9-9-9-9-9-9-9-9-9-9    -9 5726547003573630141413 2 216046133-9-9-9
2175 00 0-9 -9-9-9 -9-9-9-9-9-9-9-9-9-9-9-9-9-9-9-9-9-9-9-9-9-9-9-9-9    -9 2543410413863505141413 1 267836125-9-9-9
2176 10 0 1 681414 684141 4 250-9 1 6 1 6 6 6 6 6 6 6 6 6 6 6 1 6 8-9 1158110173641655454020141413 49762416184-9-9-9
2177 00 0-9 -9-9-9 -9-9-9-9-9-9-9-9-9-9-9-9-9-9-9-9-9-9-9-9-9-9-9-9-9    -9 2543410413863505141413 1 268936125-9-9-9
2178 20 0 1 681414 682929 6 145-9 2 1 6 6 6 6 6 6 6 6 6 6 6 6 1 1 8-9 14166 2863273501786819141413 1 213516173-9-9-9
2179 00 0-9 -9-9-9 -9-9-9-9-9-9-9-9-9-9-9-9-9-9-9-9-9-9-9-9-9-9-9-9-9    -9 2543410413863505141413 1 168636125-9-9-9
2180 00 0-9 -9-9-9 -9-9-9-9-9-9-9-9-9-9-9-9-9-9-9-9-9-9-9-9-9-9-9-9-9    -9 5086820827727010141413 2 267721137-9-9-9
2181 01 0 1 681414 68-9 6 2 230 5 1 6 1 6 6 6 6 6 6 6 6 6 6 6 1 611-9 14991 8589820505360450141413 3 411916154-9-9-9
2182 00 0-9 -9-9-9 -9-9-9-9-9-9-9-9-9-9-9-9-9-9-9-9-9-9-9-9-9-9-9-9-9    -9 8589820505360450141413 3 415021141 4 1 7
2183 00 0-9 -9-9-9 -9-9-9-9-9-9-9-9-9-9-9-9-9-9-9-9-9-9-9-9-9-9-9-9-9    -9 5086820827727010141413 2 267121117-9-9-9
2184 00 0-9 -9-9-9 -9-9-9-9-9-9-9-9-9-9-9-9-9-9-9-9-9-9-9-9-9-9-9-9-9    -9 5726547003573630141413 3 415121141 414 8
2185 00 0-9 -9-9-9 -9-9-9-9-9-9-9-9-9-9-9-9-9-9-9-9-9-9-9-9-9-9-9-9-9    -9 8589820505360450141413 3 215321151 6 613
2186 00 0-9 -9-9-9 -9-9-9-9-9-9-9-9-9-9-9-9-9-9-9-9-9-9-9-9-9-9-9-9-9    -9 5086820827727010141413 2 264816141 6 216
2187 10 0 1 681414 68-929 5 230-9 1 1 1 6 6 6 6 6 6 6 6 6 6 6 1 6 7-9 11856 5086820827727010141413 4 663821182 6 217
2188 00 0-9 -9-9-9 -9-9-9-9-9-9-9-9-9-9-9-9-9-9-9-9-9-9-9-9-9-9-9-9-9    -9 5726547003573630141413 3 212016143-9-9-9
2189 00 0-9 -9-9-9 -9-9-9-9-9-9-9-9-9-9-9-9-9-9-9-9-9-9-9-9-9-9-9-9-9    -9 2543410413863505141413 1 363116181 7 216
2190 00 0-9 -9-9-9 -9-9-9-9-9-9-9-9-9-9-9-9-9-9-9-9-9-9-9-9-9-9-9-9-9    -9 8589820505360450141413 4 314321141 6 417
2191 00 0-9 -9-9-9 -9-9-9-9-9-9-9-9-9-9-9-9-9-9-9-9-9-9-9-9-9-9-9-9-9    -9 5086820827727010141413 4 264421141 61514
2192 00 0-9 -9-9-9 -9-9-9-9-9-9-9-9-9-9-9-9-9-9-9-9-9-9-9-9-9-9-9-9-9    -9 8589820505360450141413 3 517121135-9-9-9
2193 10 0 1 681414 68-94110 045-9 1 1 6 6 6 6 6 6 6 6 6 6 6 6 1 611-9  4416 8589820505360450141413 3 412216164-9-9-9
2194 00 0-9 -9-9-9 -9-9-9-9-9-9-9-9-9-9-9-9-9-9-9-9-9-9-9-9-9-9-9-9-9    -9 5086820827727010141413 2 267821135-9-9-9
2195 10 0 1 681414 68-918 6 210-9 2 1 6 6 6 6 6 6 6 6 6 6 6 6 1 1 8-9 14849 8589820505360450141413 3 212016154-9-9-9
2196 00 0-9 -9-9-9 -9-9-9-9-9-9-9-9-9-9-9-9-9-9-9-9-9-9-9-9-9-9-9-9-9    -9 5726547003573630141413 2 517021195-9-9-9
2197 00 0-9 -9-9-9 -9-9-9-9-9-9-9-9-9-9-9-9-9-9-9-9-9-9-9-9-9-9-9-9-9    -912717052069317520141413 5 662116184-9-9-9
2198 20 0 1 681414 68-918 4 215-9 2 6 1 6 6 6 6 6 6 6 6 6 6 6 1 1 4-9 14841 7630231241590510141413 39761716144-9-9-9
2199 00 0-9 -9-9-9 -9-9-9-9-9-9-9-9-9-9-9-9-9-9-9-9-9-9-9-9-9-9-9-9-9    -9 5086820827727010141413 2 364011271 7 817
2200 01 0 1 681414 68-924 4 430-9 2 6 6 6 6 6 6 6 1 6 6 6 6 6 6 6-9 3 53434 2863273501786819141413 1 516516195-9-9-9
2201 00 0-9 -9-9-9 -9-9-9-9-9-9-9-9-9-9-9-9-9-9-9-9-9-9-9-9-9-9-9-9-9    -9 8589820505360450141413 39817921155-9-9-9
2202 20 0 1 681414 68-921 6 230-9 2 1 6 6 6 6 6 6 6 6 6 6 6 6 1 111-9 18249 5726547003573630141413 2 815221191 6 216
2203 00 0-9 -9-9-9 -9-9-9-9-9-9-9-9-9-9-9-9-9-9-9-9-9-9-9-9-9-9-9-9-9    -9 5726547003573630141413 4 814221191 6 216
2204 00 0-9 -9-9-9 -9-9-9-9-9-9-9-9-9-9-9-9-9-9-9-9-9-9-9-9-9-9-9-9-9    -9 8728569503953430141411 3 412116148-9-9-9
2205 10 0 1 681414 68-941 6 045-9 1 1 6 6 6 6 6 6 6 6 6 6 6 6 1 6 8-9  351112922467099651560141411 7 562716143-9-9-9
2206 30 0 1 681414 68-941 1 130 4 1 1 6 6 6 6 6 6 6 6 6 6 6 6 6 6 8-9  9124 2584493419930313141411 2 564126191 6 216
2207 00 0-9 -9-9-9 -9-9-9-9-9-9-9-9-9-9-9-9-9-9-9-9-9-9-9-9-9-9-9-9-9    -9 7753480259790930141411 4 864521191 8 216
2208 00 0-9 -9-9-9 -9-9-9-9-9-9-9-9-9-9-9-9-9-9-9-9-9-9-9-9-9-9-9-9-9    -9 5168986839860620141411 4 464821157-9-9-9
2209 00 0-9 -9-9-9 -9-9-9-9-9-9-9-9-9-9-9-9-9-9-9-9-9-9-9-9-9-9-9-9-9    -9 5819046335968950141411 3 414721141 410 7
2210 00 0-9 -9-9-9 -9-9-9-9-9-9-9-9-9-9-9-9-9-9-9-9-9-9-9-9-9-9-9-9-9    -9 8728569503953430141411 4 414621141 614 5
2211 00 0-9 -9-9-9 -9-9-9-9-9-9-9-9-9-9-9-9-9-9-9-9-9-9-9-9-9-9-9-9-9    -9 5168986839860620141411 4 864321181 6 216
2212 00 0-9 -9-9-9 -9-9-9-9-9-9-9-9-9-9-9-9-9-9-9-9-9-9-9-9-9-9-9-9-9    -9 7753480259790930141411 39767836145-9-9-9
2213 01 0 1 681414 68-913 3 215-9 1 6 1 6 6 6 6 6 6 6 6 6 6 6 1 6 4-9 1543910337973679721250141411 4 365721127-9-9-9
2214 00 0-9 -9-9-9 -9-9-9-9-9-9-9-9-9-9-9-9-9-9-9-9-9-9-9-9-9-9-9-9-9    -9 8589820505360450141413 3 312616163-9-9-9
2215 10 0 2 682929 681414 6 2 0-9 2 6 1 6 6 6 6 6 6 6 6 6 6 6 1 1 8-9 14956 5086820827727010141413 2 366221147-9-9-9
2216 00 0-9 -9-9-9 -9-9-9-9-9-9-9-9-9-9-9-9-9-9-9-9-9-9-9-9-9-9-9-9-9    -910173641655454020141413 4 366221157-9-9-9
2217 00 0-9 -9-9-9 -9-9-9-9-9-9-9-9-9-9-9-9-9-9-9-9-9-9-9-9-9-9-9-9-9    -9 2543410413863505141413 1 268436137-9-9-9
2218 00 0-9 -9-9-9 -9-9-9-9-9-9-9-9-9-9-9-9-9-9-9-9-9-9-9-9-9-9-9-9-9    -9 2543410413863505141413 1 268336135-9-9-9
2219 00 0-9 -9-9-9 -9-9-9-9-9-9-9-9-9-9-9-9-9-9-9-9-9-9-9-9-9-9-9-9-9    -9 5086820827727010141413 2 365346157-9-9-9
2220 00 0-9 -9-9-9 -9-9-9-9-9-9-9-9-9-9-9-9-9-9-9-9-9-9-9-9-9-9-9-9-9    -9 5086820827727010141413 4 864821181 6 317
2221 10 0 1 681414 68-941 7 130-9 1 1 6 6 6 6 6 6 6 6 6 6 6 6 1 6 8-9  929910173641655454020141413 4 865321181 6 216
2222 00 0-9 -9-9-9 -9-9-9-9-9-9-9-9-9-9-9-9-9-9-9-9-9-9-9-9-9-9-9-9-9    -9 7630231241590510141413 3 261916144-9-9-9
2223 00 0-9 -9-9-9 -9-9-9-9-9-9-9-9-9-9-9-9-9-9-9-9-9-9-9-9-9-9-9-9-9    -9 2543410413863505141413 1 268116147-9-9-9
2224 00 0-9 -9-9-9 -9-9-9-9-9-9-9-9-9-9-9-9-9-9-9-9-9-9-9-9-9-9-9-9-9    -9 2909523167984478141411 1 118216125-9-9-9
2225 00 0-9 -9-9-9 -9-9-9-9-9-9-9-9-9-9-9-9-9-9-9-9-9-9-9-9-9-9-9-9-9    -9 2584493419930313141411 19862726141 71514
2226 00 0-9 -9-9-9 -9-9-9-9-9-9-9-9-9-9-9-9-9-9-9-9-9-9-9-9-9-9-9-9-9    -9 5819046335968950141411 2 317821125-9-9-9
2227 00 0-9 -9-9-9 -9-9-9-9-9-9-9-9-9-9-9-9-9-9-9-9-9-9-9-9-9-9-9-9-9    -9 5819046335968950141411 2 111616134-9-9-9
2228 00 0-9 -9-9-9 -9-9-9-9-9-9-9-9-9-9-9-9-9-9-9-9-9-9-9-9-9-9-9-9-9    -9 7753480259790930141411 5 263311162 7 7 9
2229 00 0-9 -9-9-9 -9-9-9-9-9-9-9-9-9-9-9-9-9-9-9-9-9-9-9-9-9-9-9-9-9    -9 5819046335968950141411 2 216221135-9-9-9
2230 00 0-9 -9-9-9 -9-9-9-9-9-9-9-9-9-9-9-9-9-9-9-9-9-9-9-9-9-9-9-9-9    -9 8728569503953430141411 3 212016163-9-9-9
2231 00 0-9 -9-9-9 -9-9-9-9-9-9-9-9-9-9-9-9-9-9-9-9-9-9-9-9-9-9-9-9-9    -9 5168986839860620141411 3 268636125-9-9-9
2232 00 0-9 -9-9-9 -9-9-9-9-9-9-9-9-9-9-9-9-9-9-9-9-9-9-9-9-9-9-9-9-9    -9 5819046335968950141411 2 215416128-9-9-9
2233 10 0 1 681414 68-941 1 130 5 1 6 6 6 6 6 6 6 6 6 6 6 1 6 6 6 4-9  535511638092671937910141411 5 313216171 6 413
2234 00 0-9 -9-9-9 -9-9-9-9-9-9-9-9-9-9-9-9-9-9-9-9-9-9-9-9-9-9-9-9-9    -9 2909523167984478141411 1 215146141 61517
2235 00 0-9 -9-9-9 -9-9-9-9-9-9-9-9-9-9-9-9-9-9-9-9-9-9-9-9-9-9-9-9-9    -9 5168986839860620141411 4 663521188-9-9-9
2236 00 0-9 -9-9-9 -9-9-9-9-9-9-9-9-9-9-9-9-9-9-9-9-9-9-9-9-9-9-9-9-9    -914547615839922390141411 5 712016183-9-9-9
2237 00 0-9 -9-9-9 -9-9-9-9-9-9-9-9-9-9-9-9-9-9-9-9-9-9-9-9-9-9-9-9-9    -912922467099651560141411 5 368836126-9-9-9
2238 00 0-9 -9-9-9 -9-9-9-9-9-9-9-9-9-9-9-9-9-9-9-9-9-9-9-9-9-9-9-9-9    -910337973679721250141411 4 661716144-9-9-9
2239 00 0-9 -9-9-9 -9-9-9-9-9-9-9-9-9-9-9-9-9-9-9-9-9-9-9-9-9-9-9-9-9    -9 5168986839860620141411 2 267821127-9-9-9
2240 00 0-9 -9-9-9 -9-9-9-9-9-9-9-9-9-9-9-9-9-9-9-9-9-9-9-9-9-9-9-9-9    -9 2584493419930313141411 1 268236127-9-9-9
2241 00 0-9 -9-9-9 -9-9-9-9-9-9-9-9-9-9-9-9-9-9-9-9-9-9-9-9-9-9-9-9-9    -9 8728569503953430141411 4 611816154-9-9-9
2242 00 0-9 -9-9-9 -9-9-9-9-9-9-9-9-9-9-9-9-9-9-9-9-9-9-9-9-9-9-9-9-9    -9 7753480259790930141411 5 568136127-9-9-9
2243 00 0-9 -9-9-9 -9-9-9-9-9-9-9-9-9-9-9-9-9-9-9-9-9-9-9-9-9-9-9-9-9    -911706503204656070141462 4 165221143-9-9-9
2244 00 0-9 -9-9-9 -9-9-9-9-9-9-9-9-9-9-9-9-9-9-9-9-9-9-9-9-9-9-9-9-9    -9 8779877403492060141462 39863521142 7 7 9
2245 00 0-9 -9-9-9 -9-9-9-9-9-9-9-9-9-9-9-9-9-9-9-9-9-9-9-9-9-9-9-9-9    -9 9884047883632200141462 3 217521125-9-9-9
2246 00 0-9 -9-9-9 -9-9-9-9-9-9-9-9-9-9-9-9-9-9-9-9-9-9-9-9-9-9-9-9-9    -9 6589365255754790141462 29818136125-9-9-9
2247 20 0 1 681414 681818 4 215-9 2 6 6 6 6 6 1 6 6 6 6 6 6 6 1 1-910 10080 8779877403492060141462 49761816154-9-9-9
2248 00 0-9 -9-9-9 -9-9-9-9-9-9-9-9-9-9-9-9-9-9-9-9-9-9-9-9-9-9-9-9-9    -9 5853251602328030141462 29865521147-9-9-9
2249 00 0-9 -9-9-9 -9-9-9-9-9-9-9-9-9-9-9-9-9-9-9-9-9-9-9-9-9-9-9-9-9    -9 2926625801164020141462 1 168636125-9-9-9
2250 00 0-9 -9-9-9 -9-9-9-9-9-9-9-9-9-9-9-9-9-9-9-9-9-9-9-9-9-9-9-9-9    -9 9884047883632200141462 49712016144-9-9-9
2251 00 0-9 -9-9-9 -9-9-9-9-9-9-9-9-9-9-9-9-9-9-9-9-9-9-9-9-9-9-9-9-9    -9 8779877403492060141462 39762716184-9-9-9
2252 00 0-9 -9-9-9 -9-9-9-9-9-9-9-9-9-9-9-9-9-9-9-9-9-9-9-9-9-9-9-9-9    -9 6589365255754790141462 2 316621125-9-9-9
2253 00 0-9 -9-9-9 -9-9-9-9-9-9-9-9-9-9-9-9-9-9-9-9-9-9-9-9-9-9-9-9-9    -9 8728569503953430141461 3 418236125-9-9-9
2254 00 0-9 -9-9-9 -9-9-9-9-9-9-9-9-9-9-9-9-9-9-9-9-9-9-9-9-9-9-9-9-9    -9 5168986839860620141461 2 268121137-9-9-9
2255 00 0-9 -9-9-9 -9-9-9-9-9-9-9-9-9-9-9-9-9-9-9-9-9-9-9-9-9-9-9-9-9    -9 7753480259790930141461 4 868036136-9-9-9
2256 00 0-9 -9-9-9 -9-9-9-9-9-9-9-9-9-9-9-9-9-9-9-9-9-9-9-9-9-9-9-9-9    -9 5819046335968950141461 2 316921125-9-9-9
2257 00 0-9 -9-9-9 -9-9-9-9-9-9-9-9-9-9-9-9-9-9-9-9-9-9-9-9-9-9-9-9-9    -9 5168986839860620141461 2 267821147-9-9-9
2258 10 0 1 681414 682121 6 230-9 2 6 1 6 6 6 6 6 6 6 6 6 6 6 1 1 8-9 20066 7753480259790930141461 3 662216141 6 612
2259 00 0-9 -9-9-9 -9-9-9-9-9-9-9-9-9-9-9-9-9-9-9-9-9-9-9-9-9-9-9-9-9    -9 2584493419930313141461 19768136127-9-9-9
2260 00 0-9 -9-9-9 -9-9-9-9-9-9-9-9-9-9-9-9-9-9-9-9-9-9-9-9-9-9-9-9-9    -914547615839922390141461 5 215046145-9-9-9
2261 00 0-9 -9-9-9 -9-9-9-9-9-9-9-9-9-9-9-9-9-9-9-9-9-9-9-9-9-9-9-9-9    -9 8728569503953430141461 3 216221125-9-9-9
2262 00 0-9 -9-9-9 -9-9-9-9-9-9-9-9-9-9-9-9-9-9-9-9-9-9-9-9-9-9-9-9-9    -910337973679721250141461 4 361616144-9-9-9
2263 00 0-9 -9-9-9 -9-9-9-9-9-9-9-9-9-9-9-9-9-9-9-9-9-9-9-9-9-9-9-9-9    -9 5853251602328030141462 29766021182 7 8 7
2264 00 0-9 -9-9-9 -9-9-9-9-9-9-9-9-9-9-9-9-9-9-9-9-9-9-9-9-9-9-9-9-9    -9 6589365255754790141462 2 217821125-9-9-9
2265 00 0-9 -9-9-9 -9-9-9-9-9-9-9-9-9-9-9-9-9-9-9-9-9-9-9-9-9-9-9-9-9    -9 6589365255754790141462 2 218121125-9-9-9
2266 00 0-9 -9-9-9 -9-9-9-9-9-9-9-9-9-9-9-9-9-9-9-9-9-9-9-9-9-9-9-9-9    -9 2926625801164020141462 1 267736135-9-9-9
2267 00 0-9 -9-9-9 -9-9-9-9-9-9-9-9-9-9-9-9-9-9-9-9-9-9-9-9-9-9-9-9-9    -911706503204656070141462 4 466421123-9-9-9
2268 00 0-9 -9-9-9 -9-9-9-9-9-9-9-9-9-9-9-9-9-9-9-9-9-9-9-9-9-9-9-9-9    -9 5853251602328030141462 2 563311151 6 4 7
2269 00 0-9 -9-9-9 -9-9-9-9-9-9-9-9-9-9-9-9-9-9-9-9-9-9-9-9-9-9-9-9-9    -9 6589365255754790141462 2 417021145-9-9-9
2270 00 0-9 -9-9-9 -9-9-9-9-9-9-9-9-9-9-9-9-9-9-9-9-9-9-9-9-9-9-9-9-9    -9 6589365255754790141462 39813021181 4 313
2271 00 0-9 -9-9-9 -9-9-9-9-9-9-9-9-9-9-9-9-9-9-9-9-9-9-9-9-9-9-9-9-9    -914633129005820090141462 59767721125-9-9-9
2272 00 0-9 -9-9-9 -9-9-9-9-9-9-9-9-9-9-9-9-9-9-9-9-9-9-9-9-9-9-9-9-9    -916473413139386990141462 5 415721125-9-9-9
2273 00 0-9 -9-9-9 -9-9-9-9-9-9-9-9-9-9-9-9-9-9-9-9-9-9-9-9-9-9-9-9-9    -9 5086820827727010141463 5 864521181 6 217
2274 00 0-9 -9-9-9 -9-9-9-9-9-9-9-9-9-9-9-9-9-9-9-9-9-9-9-9-9-9-9-9-9    -9 5726547003573630141463 2 217021125-9-9-9
2275 00 0-9 -9-9-9 -9-9-9-9-9-9-9-9-9-9-9-9-9-9-9-9-9-9-9-9-9-9-9-9-9    -9 8589820505360450141463 3 316521125-9-9-9
2276 00 0-9 -9-9-9 -9-9-9-9-9-9-9-9-9-9-9-9-9-9-9-9-9-9-9-9-9-9-9-9-9    -9 5086820827727010141463 2 267521125-9-9-9
2277 00 0-9 -9-9-9 -9-9-9-9-9-9-9-9-9-9-9-9-9-9-9-9-9-9-9-9-9-9-9-9-9    -9 5726547003573630141463 2 216821145-9-9-9
2278 00 0-9 -9-9-9 -9-9-9-9-9-9-9-9-9-9-9-9-9-9-9-9-9-9-9-9-9-9-9-9-9    -9 5086820827727010141463 3 363521177-9-9-9
2279 00 0-9 -9-9-9 -9-9-9-9-9-9-9-9-9-9-9-9-9-9-9-9-9-9-9-9-9-9-9-9-9    -9 5726547003573630141463 2 314016171 711 4
2280 00 0-9 -9-9-9 -9-9-9-9-9-9-9-9-9-9-9-9-9-9-9-9-9-9-9-9-9-9-9-9-9    -9 5726547003573630141463 2 216321135-9-9-9
2281 00 0-9 -9-9-9 -9-9-9-9-9-9-9-9-9-9-9-9-9-9-9-9-9-9-9-9-9-9-9-9-9    -9 5726547003573630141463 2 112116133-9-9-9
2282 00 0-9 -9-9-9 -9-9-9-9-9-9-9-9-9-9-9-9-9-9-9-9-9-9-9-9-9-9-9-9-9    -9 7630231241590510141463 4 362016133-9-9-9
2283 00 0-9 -9-9-9 -9-9-9-9-9-9-9-9-9-9-9-9-9-9-9-9-9-9-9-9-9-9-9-9-9    -9 8589820505360450141463 39713846141 61110
2284 00 0-9 -9-9-9 -9-9-9-9-9-9-9-9-9-9-9-9-9-9-9-9-9-9-9-9-9-9-9-9-9    -9 2543410413863505141463 19869236128-9-9-9
2285 00 0-9 -9-9-9 -9-9-9-9-9-9-9-9-9-9-9-9-9-9-9-9-9-9-9-9-9-9-9-9-9    -910173641655454020141463 49864921141 61417
2286 00 0-9 -9-9-9 -9-9-9-9-9-9-9-9-9-9-9-9-9-9-9-9-9-9-9-9-9-9-9-9-9    -9 5086820827727010141463 29864321142 6 817
2287 00 0-9 -9-9-9 -9-9-9-9-9-9-9-9-9-9-9-9-9-9-9-9-9-9-9-9-9-9-9-9-9    -9 7630231241590510141463 3 365221147-9-9-9
2288 00 0-9 -9-9-9 -9-9-9-9-9-9-9-9-9-9-9-9-9-9-9-9-9-9-9-9-9-9-9-9-9    -9 5726547003573630141463 29815921128-9-9-9
2289 00 0-9 -9-9-9 -9-9-9-9-9-9-9-9-9-9-9-9-9-9-9-9-9-9-9-9-9-9-9-9-9    -9 5726547003573630141463 29814116148-9-9-9
2290 00 0-9 -9-9-9 -9-9-9-9-9-9-9-9-9-9-9-9-9-9-9-9-9-9-9-9-9-9-9-9-9    -9 5086820827727010141463 29865921163-9-9-9
2291 00 0-9 -9-9-9 -9-9-9-9-9-9-9-9-9-9-9-9-9-9-9-9-9-9-9-9-9-9-9-9-9    -9 5086820827727010141463 29866421127-9-9-9
2292 00 0-9 -9-9-9 -9-9-9-9-9-9-9-9-9-9-9-9-9-9-9-9-9-9-9-9-9-9-9-9-9    -9 8589820505360450141463 3 415521155-9-9-9
2293 00 0-9 -9-9-9 -9-9-9-9-9-9-9-9-9-9-9-9-9-9-9-9-9-9-9-9-9-9-9-9-9    -911453094007147270141463 49817721125-9-9-9
2294 00 0-9 -9-9-9 -9-9-9-9-9-9-9-9-9-9-9-9-9-9-9-9-9-9-9-9-9-9-9-9-9    -911453094007147270141463 49712016168-9-9-9
2295 00 0-9 -9-9-9 -9-9-9-9-9-9-9-9-9-9-9-9-9-9-9-9-9-9-9-9-9-9-9-9-9    -9 5726547003573630141463 29817321125-9-9-9
2296 00 0-9 -9-9-9 -9-9-9-9-9-9-9-9-9-9-9-9-9-9-9-9-9-9-9-9-9-9-9-9-9    -9 5086820827727010141463 29863721147-9-9-9
2297 00 0-9 -9-9-9 -9-9-9-9-9-9-9-9-9-9-9-9-9-9-9-9-9-9-9-9-9-9-9-9-9    -910173641655454020141463 4 164721147-9-9-9
2298 00 0-9 -9-9-9 -9-9-9-9-9-9-9-9-9-9-9-9-9-9-9-9-9-9-9-9-9-9-9-9-9    -9 2863273501786819141463 1 115126143-9-9-9
2299 00 0-9 -9-9-9 -9-9-9-9-9-9-9-9-9-9-9-9-9-9-9-9-9-9-9-9-9-9-9-9-9    -9 5086820827727010141463 29866321147-9-9-9
2300 00 0-9 -9-9-9 -9-9-9-9-9-9-9-9-9-9-9-9-9-9-9-9-9-9-9-9-9-9-9-9-9    -914937460965361180181853 5 312816141 6 3 3
2301 00 0-9 -9-9-9 -9-9-9-9-9-9-9-9-9-9-9-9-9-9-9-9-9-9-9-9-9-9-9-9-9    -914937460965361180181853 49711716144-9-9-9
2302 00 0-9 -9-9-9 -9-9-9-9-9-9-9-9-9-9-9-9-9-9-9-9-9-9-9-9-9-9-9-9-9    -9 6229804822160900181853 39763621161 61515
2303 00 0-9 -9-9-9 -9-9-9-9-9-9-9-9-9-9-9-9-9-9-9-9-9-9-9-9-9-9-9-9-9    -9 3734365241340296181853 1 313446151 4 216
2304 10 0 1 681818 682929 7 120-9 1 1 6 6 6 6 6 6 6 6 6 6 6 6 6 6 8-9  8863 7468730482680590181853 3 513321151 11210
2305 10 0 1 681818 682323 5 1 0-9 1 1 6 6 6 6 6 6 6 6 6 6 6 6 6 611-9  6230 6229804822160900181853 49863421192 1 7 9
2306 20 0 1 681818 68 4 4 1 130 5 1 1 6 6 6 6 6 6 6 6 6 6 6 6 6 6 9-9 11503 7468730482680590181853 39713621171 4 4 3
2307 00 0-9 -9-9-9 -9-9-9-9-9-9-9-9-9-9-9-9-9-9-9-9-9-9-9-9-9-9-9-9-9    -9 9344707233241350181853 3 662616161 7 7 7
2308 00 0-9 -9-9-9 -9-9-9-9-9-9-9-9-9-9-9-9-9-9-9-9-9-9-9-9-9-9-9-9-9    -9 3734365241340296181853 19817136125-9-9-9
2309 10 0 1 681818 68-923 6 130-9 1 1 6 6 6 6 6 6 6 6 6 6 6 6 1 6 1-9  3260 7468730482680590181853 3 213621143-9-9-9
2310 00 0-9 -9-9-9 -9-9-9-9-9-9-9-9-9-9-9-9-9-9-9-9-9-9-9-9-9-9-9-9-9    -911203095724020880181853 4 311816154-9-9-9
2311 10 0 1 681818 68-923 4 2 0-9 2 1 6 6 6 6 6 6 6 6 6 6 6 6 1 1 8-9 11042 7468730482680590181853 39814821181 6 3 4
2312 10 0 1 681818 68-923 4 110-9 2 6 1 6 6 6 6 6 6 6 6 6 6 6 1 1 2-9  9635 6229804822160900181853 49764121173-9-9-9
2313 00 0-9 -9-9-9 -9-9-9-9-9-9-9-9-9-9-9-9-9-9-9-9-9-9-9-9-9-9-9-9-9    -9 7468730482680590181853 2 316721135-9-9-9
2314 00 0-9 -9-9-9 -9-9-9-9-9-9-9-9-9-9-9-9-9-9-9-9-9-9-9-9-9-9-9-9-9    -9 7468730482680590181853 2 317521115-9-9-9
2315 00 0-9 -9-9-9 -9-9-9-9-9-9-9-9-9-9-9-9-9-9-9-9-9-9-9-9-9-9-9-9-9    -912459609644321810181853 49765621133-9-9-9
2316 00 0-9 -9-9-9 -9-9-9-9-9-9-9-9-9-9-9-9-9-9-9-9-9-9-9-9-9-9-9-9-9    -9 6229804822160900181853 2 266121137-9-9-9
2317 00 0-9 -9-9-9 -9-9-9-9-9-9-9-9-9-9-9-9-9-9-9-9-9-9-9-9-9-9-9-9-9    -9 3114902411080453181853 2 363616141 6 7 7
2318 00 0-9 -9-9-9 -9-9-9-9-9-9-9-9-9-9-9-9-9-9-9-9-9-9-9-9-9-9-9-9-9    -914937460965361180181853 4 612516241 714 3
2319 00 0-9 -9-9-9 -9-9-9-9-9-9-9-9-9-9-9-9-9-9-9-9-9-9-9-9-9-9-9-9-9    -9 9344707233241350181853 39765421157-9-9-9
2320 00 0-9 -9-9-9 -9-9-9-9-9-9-9-9-9-9-9-9-9-9-9-9-9-9-9-9-9-9-9-9-9    -9 6793642851769400181862 3 363721183-9-9-9
2321 00 0-9 -9-9-9 -9-9-9-9-9-9-9-9-9-9-9-9-9-9-9-9-9-9-9-9-9-9-9-9-9    -912217049065877950181862 3 415321131 414 8
2322 00 0-9 -9-9-9 -9-9-9-9-9-9-9-9-9-9-9-9-9-9-9-9-9-9-9-9-9-9-9-9-9    -9 8144699377251960181862 2 318221125-9-9-9
2323 10 0 1 681818 682121 8 5 0-9 2 6 6 6 6 6 6 6 6 6 6 6 1 6 6 1 5-9 30052 6793642851769400181862 2 464611291 1 7 9
2324 00 0-9 -9-9-9 -9-9-9-9-9-9-9-9-9-9-9-9-9-9-9-9-9-9-9-9-9-9-9-9-9    -910190464277654100181862 4 564721141 1 719
2325 10 0 1 681818 68-929 4 1 0-9 1 6 1 6 6 6 6 6 6 6 6 6 6 6 1 6 7-9  684110190464277654100181862 4 264521143-9-9-9
2326 00 0-9 -9-9-9 -9-9-9-9-9-9-9-9-9-9-9-9-9-9-9-9-9-9-9-9-9-9-9-9-9    -9 4072349688625983181862 1 213216151 6 515
2327 00 0-9 -9-9-9 -9-9-9-9-9-9-9-9-9-9-9-9-9-9-9-9-9-9-9-9-9-9-9-9-9    -9 8144699377251960181862 4 614121191 6 611
2328 00 0-9 -9-9-9 -9-9-9-9-9-9-9-9-9-9-9-9-9-9-9-9-9-9-9-9-9-9-9-9-9    -9 8144699377251960181862 2 212911143-9-9-9
2329 00 0-9 -9-9-9 -9-9-9-9-9-9-9-9-9-9-9-9-9-9-9-9-9-9-9-9-9-9-9-9-9    -910190464277654100181862 49762016154-9-9-9
2330 00 0-9 -9-9-9 -9-9-9-9-9-9-9-9-9-9-9-9-9-9-9-9-9-9-9-9-9-9-9-9-9    -9 7468730482680590181863 39813111171 7 4 4
2331 00 0-9 -9-9-9 -9-9-9-9-9-9-9-9-9-9-9-9-9-9-9-9-9-9-9-9-9-9-9-9-9    -9 3734365241340296181863 1 117146125-9-9-9
2332 00 0-9 -9-9-9 -9-9-9-9-9-9-9-9-9-9-9-9-9-9-9-9-9-9-9-9-9-9-9-9-9    -9 7468730482680590181863 4 615021153-9-9-9
2333 00 0-9 -9-9-9 -9-9-9-9-9-9-9-9-9-9-9-9-9-9-9-9-9-9-9-9-9-9-9-9-9    -9 3114902411080453181863 29762416143-9-9-9
2334 00 0-9 -9-9-9 -9-9-9-9-9-9-9-9-9-9-9-9-9-9-9-9-9-9-9-9-9-9-9-9-9    -918671826206701470181863 5 315221141 113 3
2335 00 0-9 -9-9-9 -9-9-9-9-9-9-9-9-9-9-9-9-9-9-9-9-9-9-9-9-9-9-9-9-9    -911203095724020880181863 49814821151 6 615
2336 00 0-9 -9-9-9 -9-9-9-9-9-9-9-9-9-9-9-9-9-9-9-9-9-9-9-9-9-9-9-9-9    -9 6229804822160900181863 4 564521162 1 719
2337 10 0 1 681818 682929 3 130-9 1 1 6 6 6 6 6 6 6 6 6 6 6 6 1 6 8-9  817711203095724020880181863 3 513216141 612 3
2338 10 0 1 681818 68 4 4 1 2 0-1 2 1 6 6 6 6 6 6 6 6 6 6 6 6 6 1 8-9  9933 9344707233241350181863 3 464421291 7 216
2339 00 0-9 -9-9-9 -9-9-9-9-9-9-9-9-9-9-9-9-9-9-9-9-9-9-9-9-9-9-9-9-9    -9 3114902411080453181863 1 166836125-9-9-9
2340 00 0-9 -9-9-9 -9-9-9-9-9-9-9-9-9-9-9-9-9-9-9-9-9-9-9-9-9-9-9-9-9    -9 6793642851769400181862 4 363721147-9-9-9
2341 00 0-9 -9-9-9 -9-9-9-9-9-9-9-9-9-9-9-9-9-9-9-9-9-9-9-9-9-9-9-9-9    -9 6793642851769400181862 2 463411382 7 7 9
2342 00 0-9 -9-9-9 -9-9-9-9-9-9-9-9-9-9-9-9-9-9-9-9-9-9-9-9-9-9-9-9-9    -9 8144699377251960181862 2 213421151 6 5 3
2343100 0 1 681818 68-914 1 230 2 1 1 6 6 6 6 6 6 6 6 6 6 6 6 6 6 1-9 14267 4072349688625983181862 1 413416171 6 3 6
2344 00 0-9 -9-9-9 -9-9-9-9-9-9-9-9-9-9-9-9-9-9-9-9-9-9-9-9-9-9-9-9-9    -9 3114902411080453181853 1 266346131 615 9
2345 10 0 1 681818 68-923 6 1 0-9 1 1 6 6 6 6 6 6 6 6 6 6 6 6 1 611-9  5874 7468730482680590181853 4 614021141 1 1 8
2346 00 0-9 -9-9-9 -9-9-9-9-9-9-9-9-9-9-9-9-9-9-9-9-9-9-9-9-9-9-9-9-9    -9 7468730482680590181853 2 315721191 6 216
2347 10 0 1 681818 684141 5 230-9 1 1 6 6 6 6 6 6 6 6 6 6 1 6 1 6 8-9 2098011203095724020880181853 3 316321165-9-9-9
2348 00 0-9 -9-9-9 -9-9-9-9-9-9-9-9-9-9-9-9-9-9-9-9-9-9-9-9-9-9-9-9-9    -9 6229804822160900181853 3 363321163-9-9-9
2349 00 0-9 -9-9-9 -9-9-9-9-9-9-9-9-9-9-9-9-9-9-9-9-9-9-9-9-9-9-9-9-9    -9 7468730482680590181853 29818621125-9-9-9
2350 00 0-9 -9-9-9 -9-9-9-9-9-9-9-9-9-9-9-9-9-9-9-9-9-9-9-9-9-9-9-9-9    -9 9344707233241350181853 3 763516191 1 313
2351 00 0-9 -9-9-9 -9-9-9-9-9-9-9-9-9-9-9-9-9-9-9-9-9-9-9-9-9-9-9-9-9    -9 6229804822160900181853 2 268536125-9-9-9
2352 00 0-9 -9-9-9 -9-9-9-9-9-9-9-9-9-9-9-9-9-9-9-9-9-9-9-9-9-9-9-9-9    -9 6229804822160900181853 4 164646142 91520
2353 00 0-9 -9-9-9 -9-9-9-9-9-9-9-9-9-9-9-9-9-9-9-9-9-9-9-9-9-9-9-9-9    -9 7468730482680590181853 2 217421125-9-9-9
2354 00 0-9 -9-9-9 -9-9-9-9-9-9-9-9-9-9-9-9-9-9-9-9-9-9-9-9-9-9-9-9-9    -9 6229804822160900181853 4 663921191 6 317
2355 10 0 1 681818 682929 6 150-9 2 6 6 6 6 6 1 1 6 6 6 6 6 6 1 1-9 8 10070 3114902411080453181853 2 263216151 6 7 7
2356 00 0-9 -9-9-9 -9-9-9-9-9-9-9-9-9-9-9-9-9-9-9-9-9-9-9-9-9-9-9-9-9    -9 3114902411080453181853 1 168536125-9-9-9
2357 00 0-9 -9-9-9 -9-9-9-9-9-9-9-9-9-9-9-9-9-9-9-9-9-9-9-9-9-9-9-9-9    -9 3734365241340296181853 1 115846123-9-9-9
2358 00 0-9 -9-9-9 -9-9-9-9-9-9-9-9-9-9-9-9-9-9-9-9-9-9-9-9-9-9-9-9-9    -9 6229804822160900181853 39762821188-9-9-9
2359 00 0-9 -9-9-9 -9-9-9-9-9-9-9-9-9-9-9-9-9-9-9-9-9-9-9-9-9-9-9-9-9    -9 7468730482680590181853 2 315221171 6 514
2360 10 0 1 681818 682929 2 145 4 2 1 6 6 6 6 6 6 6 6 6 6 6 6 6 111-9 1109112459609644321810181853 4 562716182 1 217
2361 00 0-9 -9-9-9 -9-9-9-9-9-9-9-9-9-9-9-9-9-9-9-9-9-9-9-9-9-9-9-9-9    -9 7468730482680590181853 2 217816165-9-9-9
2362 10 0 1 681818 68-911 6 3 0-9 1 1 6 6 6 6 6 6 6 6 6 6 6 6 1 6 4-9 17044 9344707233241350181853 4 264431147-9-9-9
2363 00 0-9 -9-9-9 -9-9-9-9-9-9-9-9-9-9-9-9-9-9-9-9-9-9-9-9-9-9-9-9-9    -9 7468730482680590181853 3 314836191 6 615
2364 00 0-9 -9-9-9 -9-9-9-9-9-9-9-9-9-9-9-9-9-9-9-9-9-9-9-9-9-9-9-9-9    -9 6229804822160900181853 49863621141 6 7 7
2365 00 0-9 -9-9-9 -9-9-9-9-9-9-9-9-9-9-9-9-9-9-9-9-9-9-9-9-9-9-9-9-9    -911203095724020880181853 4 211716144-9-9-9
2366 00 0-9 -9-9-9 -9-9-9-9-9-9-9-9-9-9-9-9-9-9-9-9-9-9-9-9-9-9-9-9-9    -911203095724020880181853 3 612016154-9-9-9
2367 00 0-9 -9-9-9 -9-9-9-9-9-9-9-9-9-9-9-9-9-9-9-9-9-9-9-9-9-9-9-9-9    -9 6229804822160900181853 2 166546113-9-9-9
2368 00 0-9 -9-9-9 -9-9-9-9-9-9-9-9-9-9-9-9-9-9-9-9-9-9-9-9-9-9-9-9-9    -9 9344707233241350181853 3 364621143-9-9-9
2369 00 0-9 -9-9-9 -9-9-9-9-9-9-9-9-9-9-9-9-9-9-9-9-9-9-9-9-9-9-9-9-9    -9 9344707233241350181853 4 264346122 91520
2370 00 0-9 -9-9-9 -9-9-9-9-9-9-9-9-9-9-9-9-9-9-9-9-9-9-9-9-9-9-9-9-9    -9 9344707233241350181853 3 265521133-9-9-9
2371 00 0-9 -9-9-9 -9-9-9-9-9-9-9-9-9-9-9-9-9-9-9-9-9-9-9-9-9-9-9-9-9    -9 6229804822160900181853 2 262916181 7 614
2372 00 0-9 -9-9-9 -9-9-9-9-9-9-9-9-9-9-9-9-9-9-9-9-9-9-9-9-9-9-9-9-9    -9 6229804822160900181853 2 267321147-9-9-9
2373 00 0-9 -9-9-9 -9-9-9-9-9-9-9-9-9-9-9-9-9-9-9-9-9-9-9-9-9-9-9-9-9    -9 7468730482680590181853 3 413421151 6 915
2374 00 0-9 -9-9-9 -9-9-9-9-9-9-9-9-9-9-9-9-9-9-9-9-9-9-9-9-9-9-9-9-9    -9 6229804822160900181853 2 165141131 9 817
2375 00 0-9 -9-9-9 -9-9-9-9-9-9-9-9-9-9-9-9-9-9-9-9-9-9-9-9-9-9-9-9-9    -9 9344707233241350181853 3 264721167-9-9-9
2376 10 0 1 681818 68-921 2 035-1 1 6 1 6 6 6 6 6 6 6 6 6 6 6 1 611-9 2695214937460965361180181853 4 311816144-9-9-9
2377 00 0-9 -9-9-9 -9-9-9-9-9-9-9-9-9-9-9-9-9-9-9-9-9-9-9-9-9-9-9-9-9    -9 9344707233241350181853 3 367821145-9-9-9
2378 00 0-9 -9-9-9 -9-9-9-9-9-9-9-9-9-9-9-9-9-9-9-9-9-9-9-9-9-9-9-9-9    -9 7468730482680590181853 49814721151 511 3
2379 00 0-9 -9-9-9 -9-9-9-9-9-9-9-9-9-9-9-9-9-9-9-9-9-9-9-9-9-9-9-9-9    -9 6229804822160900181853 2 165321137-9-9-9
2380 00 0-9 -9-9-9 -9-9-9-9-9-9-9-9-9-9-9-9-9-9-9-9-9-9-9-9-9-9-9-9-9    -911203095724020880181853 3 316921125-9-9-9
2381 20 0 1 681818 68-923 6 1 0-9 1 1 6 6 6 6 6 6 6 6 6 6 6 6 1 1 4-9  5118 7468730482680590181853 2 213221142 7 7 7
2382 10 0 1 681818 682929 6 110-9 1 6 1 6 6 6 6 6 6 6 6 6 6 6 1 6 8-9 11295 6229804822160900181853 4 463321153-9-9-9
2383 00 0-9 -9-9-9 -9-9-9-9-9-9-9-9-9-9-9-9-9-9-9-9-9-9-9-9-9-9-9-9-9    -9 3114902411080453181853 1 267136125-9-9-9
2384 00 0-9 -9-9-9 -9-9-9-9-9-9-9-9-9-9-9-9-9-9-9-9-9-9-9-9-9-9-9-9-9    -9 9084824223302480181851 3 361916154-9-9-9
2385 00 0-9 -9-9-9 -9-9-9-9-9-9-9-9-9-9-9-9-9-9-9-9-9-9-9-9-9-9-9-9-9    -915141373705504140181851 7 364021127-9-9-9
2386 20 0 1 681818 682929 1 230 3 2 1 6 6 6 6 6 6 6 6 6 6 6 6 1 1 4-9 15811 6056549482201650181851 2 663541191 6 216
2387 00 0-9 -9-9-9 -9-9-9-9-9-9-9-9-9-9-9-9-9-9-9-9-9-9-9-9-9-9-9-9-9    -9 9084824223302480181851 3 166021127-9-9-9
2388 00 0-9 -9-9-9 -9-9-9-9-9-9-9-9-9-9-9-9-9-9-9-9-9-9-9-9-9-9-9-9-9    -9 3028274741100829181851 1 266516135-9-9-9
2389 00 0-9 -9-9-9 -9-9-9-9-9-9-9-9-9-9-9-9-9-9-9-9-9-9-9-9-9-9-9-9-9    -9 6056549482201650181851 39863121151 6 7 7
2390 00 0-9 -9-9-9 -9-9-9-9-9-9-9-9-9-9-9-9-9-9-9-9-9-9-9-9-9-9-9-9-9    -9 7261019731576830181851 2 212616381 6 2 9
2391 00 0-9 -9-9-9 -9-9-9-9-9-9-9-9-9-9-9-9-9-9-9-9-9-9-9-9-9-9-9-9-9    -9 6056549482201650181851 5 264521172 7 416
2392 10 0 1 681818 68 4 4 1 145 5 1 1 6 6 6 6 6 6 6 6 6 6 6 6 6 611-9 1177610891529597365250181851 3 712816181 6 410
2393 00 0-9 -9-9-9 -9-9-9-9-9-9-9-9-9-9-9-9-9-9-9-9-9-9-9-9-9-9-9-9-9    -9 6056549482201650181851 3 662821153-9-9-9
2394 00 0-9 -9-9-9 -9-9-9-9-9-9-9-9-9-9-9-9-9-9-9-9-9-9-9-9-9-9-9-9-9    -922406191448041770181853 7 317521125-9-9-9
2395 00 0-9 -9-9-9 -9-9-9-9-9-9-9-9-9-9-9-9-9-9-9-9-9-9-9-9-9-9-9-9-9    -9 6229804822160900181853 2 266521125-9-9-9
2396 00 0-9 -9-9-9 -9-9-9-9-9-9-9-9-9-9-9-9-9-9-9-9-9-9-9-9-9-9-9-9-9    -9 7468730482680590181853 2 217421345-9-9-9
2397 10 0 1 681818 68-929 9 130-9 2 1 6 6 6 6 6 6 6 6 6 6 6 6 1 1 2-9  5662 7468730482680590181853 3 312711161 714 3
2398 00 0-9 -9-9-9 -9-9-9-9-9-9-9-9-9-9-9-9-9-9-9-9-9-9-9-9-9-9-9-9-9    -9 7468730482680590181853 3 315321133-9-9-9
2399 00 0-9 -9-9-9 -9-9-9-9-9-9-9-9-9-9-9-9-9-9-9-9-9-9-9-9-9-9-9-9-9    -911203095724020880181853 3 113416181 1 6 6
2400 00 0-9 -9-9-9 -9-9-9-9-9-9-9-9-9-9-9-9-9-9-9-9-9-9-9-9-9-9-9-9-9    -9 6229804822160900181853 3 564021192 7 7 7
2401 00 0-9 -9-9-9 -9-9-9-9-9-9-9-9-9-9-9-9-9-9-9-9-9-9-9-9-9-9-9-9-9    -9 6229804822160900181853 39764321147-9-9-9
2402 00 0-9 -9-9-9 -9-9-9-9-9-9-9-9-9-9-9-9-9-9-9-9-9-9-9-9-9-9-9-9-9    -9 7468730482680590181853 29713416141 615 3
2403 10 0 1 681818 681414 4 150-9 2 1 6 6 6 6 6 6 6 6 6 6 6 6 1 111-9 10390 7468730482680590181853 3 413921171 612 3
2404 00 0-9 -9-9-9 -9-9-9-9-9-9-9-9-9-9-9-9-9-9-9-9-9-9-9-9-9-9-9-9-9    -9 3396821425884700181852 3 164246143-9-9-9
2405 00 0-9 -9-9-9 -9-9-9-9-9-9-9-9-9-9-9-9-9-9-9-9-9-9-9-9-9-9-9-9-9    -916984107129423500181852 7 364821186-9-9-9
2406 00 0-9 -9-9-9 -9-9-9-9-9-9-9-9-9-9-9-9-9-9-9-9-9-9-9-9-9-9-9-9-9    -9 8144699377251960181852 3 613021181 6 216
2407 00 0-9 -9-9-9 -9-9-9-9-9-9-9-9-9-9-9-9-9-9-9-9-9-9-9-9-9-9-9-9-9    -9 6793642851769400181852 2 466621155-9-9-9
2408 00 0-9 -9-9-9 -9-9-9-9-9-9-9-9-9-9-9-9-9-9-9-9-9-9-9-9-9-9-9-9-9    -9 3396821425884700181852 3 463846191 6 315
2409 10 0 1 681818 682929 6 115-9 1 6 1 6 6 6 6 6 6 6 6 6 6 6 1 6 8-9 11247 6793642851769400181852 2 565921121 915 9
2410 00 0-9 -9-9-9 -9-9-9-9-9-9-9-9-9-9-9-9-9-9-9-9-9-9-9-9-9-9-9-9-9    -9 6793642851769400181852 2 267136125-9-9-9
2411 10 0 2 681818 682121 6 4 0-9 2 6 1 6 6 6 6 6 6 6 6 6 6 6 1 1 8-9 3149216289398754503930181852 4 612416184-9-9-9
2412 01 1 1 681818 68-928 8 430-9 2 1 6 6 6 6 6 6 6 6 6 6 6 6 6 111-9 3631310190464277654100181852 49862816251 415 9
2413 00 0-9 -9-9-9 -9-9-9-9-9-9-9-9-9-9-9-9-9-9-9-9-9-9-9-9-9-9-9-9-9    -9 8144699377251960181852 3 613221161 615 3
2414 00 0-9 -9-9-9 -9-9-9-9-9-9-9-9-9-9-9-9-9-9-9-9-9-9-9-9-9-9-9-9-9    -9 8144699377251960181862 2 214716133-9-9-9
2415 00 0-9 -9-9-9 -9-9-9-9-9-9-9-9-9-9-9-9-9-9-9-9-9-9-9-9-9-9-9-9-9    -9 8144699377251960181862 2 714441351 6 6 9
2416 00 0-9 -9-9-9 -9-9-9-9-9-9-9-9-9-9-9-9-9-9-9-9-9-9-9-9-9-9-9-9-9    -9 6793642851769400181862 3 764921151 1 411
2417 00 0-9 -9-9-9 -9-9-9-9-9-9-9-9-9-9-9-9-9-9-9-9-9-9-9-9-9-9-9-9-9    -9 6793642851769400181862 3 364521192 91219
2418 00 0-9 -9-9-9 -9-9-9-9-9-9-9-9-9-9-9-9-9-9-9-9-9-9-9-9-9-9-9-9-9    -9 6793642851769400181862 2 367221135-9-9-9
2419 00 0-9 -9-9-9 -9-9-9-9-9-9-9-9-9-9-9-9-9-9-9-9-9-9-9-9-9-9-9-9-9    -9 3396821425884700181862 1 266146186-9-9-9
2420 10 0 1 681818 68-929 6 1 0-9 1 6 1 6 6 6 6 6 6 6 6 6 6 6 1 6 8-9  8859 3396821425884700181862 1 566116195-9-9-9
2421 00 0-9 -9-9-9 -9-9-9-9-9-9-9-9-9-9-9-9-9-9-9-9-9-9-9-9-9-9-9-9-9    -9 6793642851769400181862 3 563921141 61516
2422 00 0-9 -9-9-9 -9-9-9-9-9-9-9-9-9-9-9-9-9-9-9-9-9-9-9-9-9-9-9-9-9    -910190464277654100181862 3 565921155-9-9-9
2423 00 0-9 -9-9-9 -9-9-9-9-9-9-9-9-9-9-9-9-9-9-9-9-9-9-9-9-9-9-9-9-9    -912217049065877950181862 39816221141 5 7 7
2424 00 0-9 -9-9-9 -9-9-9-9-9-9-9-9-9-9-9-9-9-9-9-9-9-9-9-9-9-9-9-9-9    -9 6056549482201650181861 4 763621193-9-9-9
2425 00 0-9 -9-9-9 -9-9-9-9-9-9-9-9-9-9-9-9-9-9-9-9-9-9-9-9-9-9-9-9-9    -910891529597365250181861 39712516182 7 416
2426 10 1 1 681818 -1-1-1 2 030-9 2 1 6 6 6 6 1 6 6 6 6 6 6 6 1 1-9-9    -110891529597365250181861 3 312016154-9-9-9
2427 00 0-9 -9-9-9 -9-9-9-9-9-9-9-9-9-9-9-9-9-9-9-9-9-9-9-9-9-9-9-9-9    -912113098964403310181861 49767621157-9-9-9
2428 00 0-9 -9-9-9 -9-9-9-9-9-9-9-9-9-9-9-9-9-9-9-9-9-9-9-9-9-9-9-9-9    -9 7261019731576830181861 29816721145-9-9-9
2429 00 0-9 -9-9-9 -9-9-9-9-9-9-9-9-9-9-9-9-9-9-9-9-9-9-9-9-9-9-9-9-9    -9 6056549482201650181861 39864021143-9-9-9
2430 00 0-9 -9-9-9 -9-9-9-9-9-9-9-9-9-9-9-9-9-9-9-9-9-9-9-9-9-9-9-9-9    -9 7261019731576830181861 29817231195-9-9-9
2431 00 0-9 -9-9-9 -9-9-9-9-9-9-9-9-9-9-9-9-9-9-9-9-9-9-9-9-9-9-9-9-9    -9 6056549482201650181861 2 268121125-9-9-9
2432 10 0 1 681818 681211 7 3 0-9 1 1 6 6 6 6 6 6 6 6 6 6 6 6 1 6 1-9 1949010891529597365250181861 39813421135-9-9-9
2433 00 0-9 -9-9-9 -9-9-9-9-9-9-9-9-9-9-9-9-9-9-9-9-9-9-9-9-9-9-9-9-9    -9 3630509865788420181861 1 314126141 114 8
2434 00 0-9 -9-9-9 -9-9-9-9-9-9-9-9-9-9-9-9-9-9-9-9-9-9-9-9-9-9-9-9-9    -9 6793642851769400181862 3 262921167-9-9-9
2435 00 0-9 -9-9-9 -9-9-9-9-9-9-9-9-9-9-9-9-9-9-9-9-9-9-9-9-9-9-9-9-9    -9 6793642851769400181862 2 366821125-9-9-9
2436 00 0-9 -9-9-9 -9-9-9-9-9-9-9-9-9-9-9-9-9-9-9-9-9-9-9-9-9-9-9-9-9    -9 6793642851769400181862 4 463221147-9-9-9
2437 00 0-9 -9-9-9 -9-9-9-9-9-9-9-9-9-9-9-9-9-9-9-9-9-9-9-9-9-9-9-9-9    -9 8144699377251960181862 29717821125-9-9-9
2438 00 0-9 -9-9-9 -9-9-9-9-9-9-9-9-9-9-9-9-9-9-9-9-9-9-9-9-9-9-9-9-9    -916289398754503930181862 7 214221145-9-9-9
2439 00 0-9 -9-9-9 -9-9-9-9-9-9-9-9-9-9-9-9-9-9-9-9-9-9-9-9-9-9-9-9-9    -9 6793642851769400181862 3 463021181 7 6 7
2440 01 0 1 681818 68-928 1 345 5 2 1 6 6 6 6 6 6 6 6 6 6 6 6 6 1 9-9 36546 8144699377251960181862 49814021171 6 319
2441 00 0-9 -9-9-9 -9-9-9-9-9-9-9-9-9-9-9-9-9-9-9-9-9-9-9-9-9-9-9-9-9    -9 8144699377251960181862 2 116221125-9-9-9
2442 00 0-9 -9-9-9 -9-9-9-9-9-9-9-9-9-9-9-9-9-9-9-9-9-9-9-9-9-9-9-9-9    -9 8144699377251960181862 4 314221141 615 6
2443 00 0-9 -9-9-9 -9-9-9-9-9-9-9-9-9-9-9-9-9-9-9-9-9-9-9-9-9-9-9-9-9    -9 8144699377251960181862 49812921141 4 7 9
2444 00 0-9 -9-9-9 -9-9-9-9-9-9-9-9-9-9-9-9-9-9-9-9-9-9-9-9-9-9-9-9-9    -9 8144699377251960181862 2 115421133-9-9-9
2445 01 0 1 681818 68-928 6 430-9 2 1 1 6 6 6 6 6 6 6 6 6 6 6 1 1 8-9 38096 6793642851769400181862 3 463021172 6 513
2446 00 0-9 -9-9-9 -9-9-9-9-9-9-9-9-9-9-9-9-9-9-9-9-9-9-9-9-9-9-9-9-9    -9 3396821425884700181862 19768836125-9-9-9
2447 00 0-9 -9-9-9 -9-9-9-9-9-9-9-9-9-9-9-9-9-9-9-9-9-9-9-9-9-9-9-9-9    -9 6793642851769400181862 4 563521158-9-9-9
2448 00 0-9 -9-9-9 -9-9-9-9-9-9-9-9-9-9-9-9-9-9-9-9-9-9-9-9-9-9-9-9-9    -912217049065877950181862 3 413016141 613 3
2449 00 0-9 -9-9-9 -9-9-9-9-9-9-9-9-9-9-9-9-9-9-9-9-9-9-9-9-9-9-9-9-9    -9 3396821425884700181862 1 267636125-9-9-9
2450 10 0 1 681818 682121 4 330-9 2 1 6 6 6 6 6 6 6 6 6 6 6 6 6 1 4-9 28334 4072349688625983181862 1 213016141 712 3
2451 00 0-9 -9-9-9 -9-9-9-9-9-9-9-9-9-9-9-9-9-9-9-9-9-9-9-9-9-9-9-9-9    -912217049065877950181862 5 614021141 613 3
2452 00 0-9 -9-9-9 -9-9-9-9-9-9-9-9-9-9-9-9-9-9-9-9-9-9-9-9-9-9-9-9-9    -912217049065877950181862 3 313116143-9-9-9
2453 00 0-9 -9-9-9 -9-9-9-9-9-9-9-9-9-9-9-9-9-9-9-9-9-9-9-9-9-9-9-9-9    -9 8144699377251960181862 5 514621141 613 2
2454 00 0-9 -9-9-9 -9-9-9-9-9-9-9-9-9-9-9-9-9-9-9-9-9-9-9-9-9-9-9-9-9    -9 7468730482680590181863 59813721141 1 7 9
2455 00 0-9 -9-9-9 -9-9-9-9-9-9-9-9-9-9-9-9-9-9-9-9-9-9-9-9-9-9-9-9-9    -9 9344707233241350181863 3 165521143-9-9-9
2456 10 0 2 681818 682121 6 530-9 2 6 6 6 6 6 6 1 6 6 6 6 6 6 1 1-912 26211 3734365241340296181863 1 116036143-9-9-9
2457 00 0-9 -9-9-9 -9-9-9-9-9-9-9-9-9-9-9-9-9-9-9-9-9-9-9-9-9-9-9-9-9    -9 9344707233241350181863 3 463316141 6 817
2458 00 0-9 -9-9-9 -9-9-9-9-9-9-9-9-9-9-9-9-9-9-9-9-9-9-9-9-9-9-9-9-9    -9 3114902411080453181863 1 167236127-9-9-9
2459 00 0-9 -9-9-9 -9-9-9-9-9-9-9-9-9-9-9-9-9-9-9-9-9-9-9-9-9-9-9-9-9    -9 7468730482680590181863 2 613111151 611 6
2460 11 0 2 68-952 68-918 4 430-9 2 6 6 6 6 6 6 6 6 1 6 6 6 6 1 1-9 3 16975 7468730482680590181863 2 716421175-9-9-9
2461 00 0-9 -9-9-9 -9-9-9-9-9-9-9-9-9-9-9-9-9-9-9-9-9-9-9-9-9-9-9-9-9    -9 7468730482680590181863 4 313521143-9-9-9
2462 00 0-9 -9-9-9 -9-9-9-9-9-9-9-9-9-9-9-9-9-9-9-9-9-9-9-9-9-9-9-9-9    -9 7468730482680590181863 2 416121135-9-9-9
2463 01 0 1 681818 68-928 4 4 0-9 2 6 6 6 6 6 1 6 6 6 6 6 6 6 6 1-9 1 37602 7468730482680590181863 3 313821162 6 7 9
2464 00 0-9 -9-9-9 -9-9-9-9-9-9-9-9-9-9-9-9-9-9-9-9-9-9-9-9-9-9-9-9-9    -9 6229804822160900181813 4 563721151 1 1 7
2465 01 0 1 681818 68-9 3 4 5 0-9 2 6 6 6 6 6 1 6 6 6 6 6 6 6 1 1-9 1 30310 6229804822160900181813 2 763221193-9-9-9
2466 00 0-9 -9-9-9 -9-9-9-9-9-9-9-9-9-9-9-9-9-9-9-9-9-9-9-9-9-9-9-9-9    -9 3114902411080453181813 19869236185-9-9-9
2467 10 0 1 681818 68 4 4 6 3 0-9 2 6 1 6 6 6 6 6 6 6 6 6 6 6 1 111-9 10841 3114902411080453181813 1 268936135-9-9-9
2468 00 0-9 -9-9-9 -9-9-9-9-9-9-9-9-9-9-9-9-9-9-9-9-9-9-9-9-9-9-9-9-9    -9 3734365241340296181813 1 212616354-9-9-9
2469 00 0-9 -9-9-9 -9-9-9-9-9-9-9-9-9-9-9-9-9-9-9-9-9-9-9-9-9-9-9-9-9    -9 7468730482680590181813 2 512516371 7 418
2470 01 0 1 681818 68-946 4 530-9 2 6 1 6 6 6 6 6 6 6 6 6 6 6 1 1 8-9 34512 3114902411080453181813 1 269136165-9-9-9
2471 01 0 2 -1-1-1 681818 4 5 0-9 2 6 6 6 6 6 1 6 6 6 6 6 6 6 6 1-9 1    -1 3734365241340296181813 1 312216184-9-9-9
2472 00 0-9 -9-9-9 -9-9-9-9-9-9-9-9-9-9-9-9-9-9-9-9-9-9-9-9-9-9-9-9-9    -9 7468730482680590181813 2 715421391 6 216
2473 00 0-9 -9-9-9 -9-9-9-9-9-9-9-9-9-9-9-9-9-9-9-9-9-9-9-9-9-9-9-9-9    -9 6229804822160900181813 2 267536125-9-9-9
2474 11 0 1 681818 68-913 6 230-9 2 1 6 6 6 6 6 6 6 6 6 6 6 6 6 1 7-9 1954511203095724020880181813 3 612816193-9-9-9
2475 00 0-9 -9-9-9 -9-9-9-9-9-9-9-9-9-9-9-9-9-9-9-9-9-9-9-9-9-9-9-9-9    -9 6229804822160900181813 5 864121181 6 312
2476 11 0 1 681818 68-930 8 2 0-9 2 6 1 6 6 6 6 6 6 6 6 6 6 6 1 1 7-9 20846 3114902411080453181813 1 564616191 6 415
2477 00 0-9 -9-9-9 -9-9-9-9-9-9-9-9-9-9-9-9-9-9-9-9-9-9-9-9-9-9-9-9-9    -9 6229804822160900181813 2 263116193-9-9-9
2478 00 0-9 -9-9-9 -9-9-9-9-9-9-9-9-9-9-9-9-9-9-9-9-9-9-9-9-9-9-9-9-9    -9 9344707233241350181813 39766221167-9-9-9
2479 00 0-9 -9-9-9 -9-9-9-9-9-9-9-9-9-9-9-9-9-9-9-9-9-9-9-9-9-9-9-9-9    -912459609644321810181813 49764936151 6 7 9
2480 20 0 1 681818 681414 6 1 0-9 2 6 1 6 6 6 6 6 6 6 6 6 6 6 1 1 5-9 1312612459609644321810181813 8 464321183-9-9-9
2481 00 0-9 -9-9-9 -9-9-9-9-9-9-9-9-9-9-9-9-9-9-9-9-9-9-9-9-9-9-9-9-9    -9 3114902411080453181813 1 465146191 4 313
2482 10 0 1 681818 682323 4 1 0-9 2 6 6 6 6 6 1 6 6 6 6 6 6 6 6 6-9 3  686911203095724020880181813 3 514116151 516 7
2483 00 0-9 -9-9-9 -9-9-9-9-9-9-9-9-9-9-9-9-9-9-9-9-9-9-9-9-9-9-9-9-9    -9 6229804822160900181813 2 363111172 61614
2484 00 0-9 -9-9-9 -9-9-9-9-9-9-9-9-9-9-9-9-9-9-9-9-9-9-9-9-9-9-9-9-9    -9 6229804822160900181813 4 664521181 6 217
2485 31 0 1 681818 68-930 1 930 4 2 1 6 6 6 6 6 6 6 6 6 6 6 6 6 111-9 20854 7468730482680590181813 29716321181 4 4 6
2486 00 0-9 -9-9-9 -9-9-9-9-9-9-9-9-9-9-9-9-9-9-9-9-9-9-9-9-9-9-9-9-9    -9 6229804822160900181813 2 865221191 6 217
2487 00 0-9 -9-9-9 -9-9-9-9-9-9-9-9-9-9-9-9-9-9-9-9-9-9-9-9-9-9-9-9-9    -9 3114902411080453181813 1 167336127-9-9-9
2488 00 0-9 -9-9-9 -9-9-9-9-9-9-9-9-9-9-9-9-9-9-9-9-9-9-9-9-9-9-9-9-9    -9 6229804822160900181813 2 563421171 7 610
2489 00 0-9 -9-9-9 -9-9-9-9-9-9-9-9-9-9-9-9-9-9-9-9-9-9-9-9-9-9-9-9-9    -9 3114902411080453181813 1 266646145-9-9-9
2490 00 0-9 -9-9-9 -9-9-9-9-9-9-9-9-9-9-9-9-9-9-9-9-9-9-9-9-9-9-9-9-9    -9 3114902411080453181813 1 267036127-9-9-9
2491 10 0 1 681818 68-923 6 130-9 2 6 1 6 6 6 6 6 6 6 6 6 6 6 1 1 8-9  912412459609644321810181813 4 863216191 6 611
2492 11 0 1 681818 68-928 4 430-9 2 1 6 6 6 6 6 6 6 6 6 6 6 6 1 1 4-9 36781 3114902411080453181813 3 364146181 7 417
2493 00 0-9 -9-9-9 -9-9-9-9-9-9-9-9-9-9-9-9-9-9-9-9-9-9-9-9-9-9-9-9-9    -9 6229804822160900181813 29768021127-9-9-9
2494 00 0-9 -9-9-9 -9-9-9-9-9-9-9-9-9-9-9-9-9-9-9-9-9-9-9-9-9-9-9-9-9    -9 6229804822160900181813 2 668021157-9-9-9
2495 00 0-9 -9-9-9 -9-9-9-9-9-9-9-9-9-9-9-9-9-9-9-9-9-9-9-9-9-9-9-9-9    -9 9344707233241350181813 39765821192 4 414
2496 00 0-9 -9-9-9 -9-9-9-9-9-9-9-9-9-9-9-9-9-9-9-9-9-9-9-9-9-9-9-9-9    -9 7468730482680590181813 2 617421125-9-9-9
2497 00 0-9 -9-9-9 -9-9-9-9-9-9-9-9-9-9-9-9-9-9-9-9-9-9-9-9-9-9-9-9-9    -9 7468730482680590181813 4 814421191 6 116
2498 00 0-9 -9-9-9 -9-9-9-9-9-9-9-9-9-9-9-9-9-9-9-9-9-9-9-9-9-9-9-9-9    -9 9344707233241350181813 49762016154-9-9-9
2499 00 0-9 -9-9-9 -9-9-9-9-9-9-9-9-9-9-9-9-9-9-9-9-9-9-9-9-9-9-9-9-9    -9 9344707233241350181813 39865916143-9-9-9
2500 00 0-9 -9-9-9 -9-9-9-9-9-9-9-9-9-9-9-9-9-9-9-9-9-9-9-9-9-9-9-9-9    -9 3734365241340296181813 1 214846186-9-9-9
2501 00 0-9 -9-9-9 -9-9-9-9-9-9-9-9-9-9-9-9-9-9-9-9-9-9-9-9-9-9-9-9-9    -914937460965361180181813 49713016253-9-9-9
2502 11 0 1 681818 68-9 8 1 430 5 2 6 6 6 6 6 6 6 6 6 1 6 6 6 1 1-9 6 69787 7468730482680590181813 2 613311161 4 1 7
2503 00 0-9 -9-9-9 -9-9-9-9-9-9-9-9-9-9-9-9-9-9-9-9-9-9-9-9-9-9-9-9-9    -9 7468730482680590181813 39815321191 6 217
2504 20 0 1 681818 68 4 4 1 145 5 1 1 6 6 6 6 6 6 6 6 6 6 6 6 6 6 9-9 10818 6229804822160900181813 2 662821151 1 719
2505 00 0-9 -9-9-9 -9-9-9-9-9-9-9-9-9-9-9-9-9-9-9-9-9-9-9-9-9-9-9-9-9    -9 3114902411080453181813 1 466646185-9-9-9
2506 20 0 1 681818 682323 1 1 5 3 1 6 1 6 6 6 6 6 6 6 6 6 6 6 1 611-9  6938 7468730482680590181813 4 513821191 1 413
2507 00 0-9 -9-9-9 -9-9-9-9-9-9-9-9-9-9-9-9-9-9-9-9-9-9-9-9-9-9-9-9-9    -912459609644321810181813 4 261716144-9-9-9
2508 10 0 2 -1-1-1 68-921 1 430 5 2 1 6 6 6 6 6 6 1 6 6 6 6 6 6 1-9-9    -1 6229804822160900181813 2 363416191 7 313
2509 10 0 1 681818 682929 4 145-9 2 1 6 6 6 6 6 6 6 6 6 6 6 6 6 1 2-9  8866 7468730482680590181813 29814016191 6 414
2510 00 0-9 -9-9-9 -9-9-9-9-9-9-9-9-9-9-9-9-9-9-9-9-9-9-9-9-9-9-9-9-9    -9 7468730482680590181813 2 616421185-9-9-9
2511 00 0-9 -9-9-9 -9-9-9-9-9-9-9-9-9-9-9-9-9-9-9-9-9-9-9-9-9-9-9-9-9    -9 3114902411080453181813 1 366336141 61519
2512 00 0-9 -9-9-9 -9-9-9-9-9-9-9-9-9-9-9-9-9-9-9-9-9-9-9-9-9-9-9-9-9    -9 7468730482680590181813 2 618121195-9-9-9
2513 00 0-9 -9-9-9 -9-9-9-9-9-9-9-9-9-9-9-9-9-9-9-9-9-9-9-9-9-9-9-9-9    -9 3114902411080453181813 1 167616127-9-9-9
2514 00 0-9 -9-9-9 -9-9-9-9-9-9-9-9-9-9-9-9-9-9-9-9-9-9-9-9-9-9-9-9-9    -9 3114902411080453181813 3 464346182 7 217
2515 00 0-9 -9-9-9 -9-9-9-9-9-9-9-9-9-9-9-9-9-9-9-9-9-9-9-9-9-9-9-9-9    -9 6229804822160900181813 2 469516145-9-9-9
2516 00 0-9 -9-9-9 -9-9-9-9-9-9-9-9-9-9-9-9-9-9-9-9-9-9-9-9-9-9-9-9-9    -9 3114902411080453181813 1 269136125-9-9-9
2517 00 0-9 -9-9-9 -9-9-9-9-9-9-9-9-9-9-9-9-9-9-9-9-9-9-9-9-9-9-9-9-9    -9 7468730482680590181813 2 413516191 4 313
2518 00 0-9 -9-9-9 -9-9-9-9-9-9-9-9-9-9-9-9-9-9-9-9-9-9-9-9-9-9-9-9-9    -9 7468730482680590181813 4 513921151 6 7 9
2519 00 0-9 -9-9-9 -9-9-9-9-9-9-9-9-9-9-9-9-9-9-9-9-9-9-9-9-9-9-9-9-9    -9 9344707233241350181813 39766821155-9-9-9
2520 00 0-9 -9-9-9 -9-9-9-9-9-9-9-9-9-9-9-9-9-9-9-9-9-9-9-9-9-9-9-9-9    -911203095724020880181813 3 316821145-9-9-9
2521 00 0-9 -9-9-9 -9-9-9-9-9-9-9-9-9-9-9-9-9-9-9-9-9-9-9-9-9-9-9-9-9    -9 3734365241340296181813 1 713116191 7 217
2522 35 0 1 681818 682929 1 2 0 1 2 1 6 6 6 6 6 6 6 6 6 6 6 6 6 1 8-9  880214937460965361180181813 49713816191 6 3 7
2523 20 0 1 681818 68-923 1 110 3 2 1 6 6 6 6 6 6 6 6 6 6 6 6 6 1 9-9  9576 7468730482680590181813 2 813521191 6 410
2524 00 0-9 -9-9-9 -9-9-9-9-9-9-9-9-9-9-9-9-9-9-9-9-9-9-9-9-9-9-9-9-9    -915574512055402260181813 5 262416343-9-9-9
2525 30 0 1 681818 68-941 1 2 0 3 2 1 6 6 6 6 6 6 6 6 6 6 6 6 6 1 1-9 16443 7468730482680590181813 2 613311151 61715
2526 10 0 1 681818 68-9 4 6 230-9 2 1 6 6 6 6 6 6 6 6 6 6 6 6 1 111-9 14932 6229804822160900181813 29762816191 4 217
2527 00 0-9 -9-9-9 -9-9-9-9-9-9-9-9-9-9-9-9-9-9-9-9-9-9-9-9-9-9-9-9-9    -9 3114902411080453181813 1 168036125-9-9-9
2528 00 0-9 -9-9-9 -9-9-9-9-9-9-9-9-9-9-9-9-9-9-9-9-9-9-9-9-9-9-9-9-9    -911203095724020880181813 3 317121135-9-9-9
2529 00 0-9 -9-9-9 -9-9-9-9-9-9-9-9-9-9-9-9-9-9-9-9-9-9-9-9-9-9-9-9-9    -912459609644321810181813 49865721137-9-9-9
2530 00 0-9 -9-9-9 -9-9-9-9-9-9-9-9-9-9-9-9-9-9-9-9-9-9-9-9-9-9-9-9-9    -9 3114902411080453181813 1 267836127-9-9-9
2531 00 0-9 -9-9-9 -9-9-9-9-9-9-9-9-9-9-9-9-9-9-9-9-9-9-9-9-9-9-9-9-9    -9 9344707233241350181813 3 464446231 61520
2532 11 1 2 68-928 681818 8 510-9 2 6 6 6 6 6 1 6 6 6 6 6 6 6 1 1-9 9 37095 3734365241340296181813 1 313816151 6 614
2533 00 0-9 -9-9-9 -9-9-9-9-9-9-9-9-9-9-9-9-9-9-9-9-9-9-9-9-9-9-9-9-9    -9 3114902411080453181813 19768436147-9-9-9
2534 00 0-9 -9-9-9 -9-9-9-9-9-9-9-9-9-9-9-9-9-9-9-9-9-9-9-9-9-9-9-9-9    -9 7468730482680590181813 2 316341141 9 1 7
2535 00 0-9 -9-9-9 -9-9-9-9-9-9-9-9-9-9-9-9-9-9-9-9-9-9-9-9-9-9-9-9-9    -9 7468730482680590181813 4 113621143-9-9-9
2536 00 0-9 -9-9-9 -9-9-9-9-9-9-9-9-9-9-9-9-9-9-9-9-9-9-9-9-9-9-9-9-9    -9 6229804822160900181813 2 267916125-9-9-9
2537 00 0-9 -9-9-9 -9-9-9-9-9-9-9-9-9-9-9-9-9-9-9-9-9-9-9-9-9-9-9-9-9    -9 7468730482680590181813 2 112116143-9-9-9
2538 01 0 1 681818 68-928 2 5 0 5 1 6 6 6 6 6 1 6 6 6 6 6 6 6 1 6-9 1 37038 9344707233241350181813 3 665221151 6 615
2539 00 0-9 -9-9-9 -9-9-9-9-9-9-9-9-9-9-9-9-9-9-9-9-9-9-9-9-9-9-9-9-9    -9 3114902411080453181813 1 266936127-9-9-9
2540 00 0-9 -9-9-9 -9-9-9-9-9-9-9-9-9-9-9-9-9-9-9-9-9-9-9-9-9-9-9-9-9    -9 9344707233241350181813 49763446171 6 817
2541 00 0-9 -9-9-9 -9-9-9-9-9-9-9-9-9-9-9-9-9-9-9-9-9-9-9-9-9-9-9-9-9    -9 3114902411080453181813 19866116151 9 313
2542 00 0-9 -9-9-9 -9-9-9-9-9-9-9-9-9-9-9-9-9-9-9-9-9-9-9-9-9-9-9-9-9    -9 6229804822160900181813 29867221185-9-9-9
2543 10 0 1 681818 68-941 4 250-9 2 1 6 6 6 6 6 6 6 6 6 6 6 6 1 1 4-9 18696 7468730482680590181813 29816421185-9-9-9
2544 00 0-9 -9-9-9 -9-9-9-9-9-9-9-9-9-9-9-9-9-9-9-9-9-9-9-9-9-9-9-9-9    -911203095724020880181813 39711816144-9-9-9
2545 00 0-9 -9-9-9 -9-9-9-9-9-9-9-9-9-9-9-9-9-9-9-9-9-9-9-9-9-9-9-9-9    -9 7468730482680590181813 49813621161 61514
2546 10 0 1 681818 681414 4 130-9 2 6 1 6 6 6 6 6 6 6 6 6 6 6 1 6 8-9 1324912459609644321810181813 4 462216163-9-9-9
2547 00 0-9 -9-9-9 -9-9-9-9-9-9-9-9-9-9-9-9-9-9-9-9-9-9-9-9-9-9-9-9-9    -9 9344707233241350181813 39862716152 7 317
2548 00 0-9 -9-9-9 -9-9-9-9-9-9-9-9-9-9-9-9-9-9-9-9-9-9-9-9-9-9-9-9-9    -9 7468730482680590181813 29816121135-9-9-9
2549 10 0 1 681818 681414 6 145-9 2 1 6 6 6 6 6 6 6 6 6 6 6 6 6 1 8-9 13249 9344707233241350181813 39762616163-9-9-9
2550 00 0-9 -9-9-9 -9-9-9-9-9-9-9-9-9-9-9-9-9-9-9-9-9-9-9-9-9-9-9-9-9    -9 9344707233241350181813 39762116154-9-9-9
2551 01 0 1 681818 68-945 4 4 0-9 2 1 6 6 6 6 6 6 6 6 6 6 6 6 1 1 1-9 2950314937460965361180181813 5 714821191 1 313
2552 00 0-9 -9-9-9 -9-9-9-9-9-9-9-9-9-9-9-9-9-9-9-9-9-9-9-9-9-9-9-9-9    -9 6229804822160900181813 29863716191 4 313
2553 00 0-9 -9-9-9 -9-9-9-9-9-9-9-9-9-9-9-9-9-9-9-9-9-9-9-9-9-9-9-9-9    -9 3114902411080453181813 1 568336185-9-9-9
2554 00 0-9 -9-9-9 -9-9-9-9-9-9-9-9-9-9-9-9-9-9-9-9-9-9-9-9-9-9-9-9-9    -914937460965361180181813 49815446183-9-9-9
2555 00 0-9 -9-9-9 -9-9-9-9-9-9-9-9-9-9-9-9-9-9-9-9-9-9-9-9-9-9-9-9-9    -9 9344707233241350181813 39865921197-9-9-9
2556 00 0-9 -9-9-9 -9-9-9-9-9-9-9-9-9-9-9-9-9-9-9-9-9-9-9-9-9-9-9-9-9    -9 9344707233241350181813 39768521187-9-9-9
2557 00 0-9 -9-9-9 -9-9-9-9-9-9-9-9-9-9-9-9-9-9-9-9-9-9-9-9-9-9-9-9-9    -9 9344707233241350181813 3 461616144-9-9-9
2558 00 0-9 -9-9-9 -9-9-9-9-9-9-9-9-9-9-9-9-9-9-9-9-9-9-9-9-9-9-9-9-9    -9 3734365241340296181813 1 414916151 6 915
2559 00 0-9 -9-9-9 -9-9-9-9-9-9-9-9-9-9-9-9-9-9-9-9-9-9-9-9-9-9-9-9-9    -9 3114902411080453181813 1 266336141 71519
2560 00 0-9 -9-9-9 -9-9-9-9-9-9-9-9-9-9-9-9-9-9-9-9-9-9-9-9-9-9-9-9-9    -9 3114902411080453181813 1 266636125-9-9-9
2561 10 0 1 681818 682323 4 1 0-9 2 6 1 6 6 6 6 6 6 6 6 6 6 6 1 1 8-9  7095 6229804822160900181813 4 564121191 6 313
2562 00 0-9 -9-9-9 -9-9-9-9-9-9-9-9-9-9-9-9-9-9-9-9-9-9-9-9-9-9-9-9-9    -911203095724020880181813 39717536155-9-9-9
2563 00 0-9 -9-9-9 -9-9-9-9-9-9-9-9-9-9-9-9-9-9-9-9-9-9-9-9-9-9-9-9-9    -9 6229804822160900181813 4 464321193-9-9-9
2564 00 0-9 -9-9-9 -9-9-9-9-9-9-9-9-9-9-9-9-9-9-9-9-9-9-9-9-9-9-9-9-9    -9 9344707233241350181813 4 264441183-9-9-9
2565 00 0-9 -9-9-9 -9-9-9-9-9-9-9-9-9-9-9-9-9-9-9-9-9-9-9-9-9-9-9-9-9    -9 9344707233241350181813 4 564821161 6 513
2566 00 0-9 -9-9-9 -9-9-9-9-9-9-9-9-9-9-9-9-9-9-9-9-9-9-9-9-9-9-9-9-9    -9 6229804822160900181813 2 267121137-9-9-9
2567 00 0-9 -9-9-9 -9-9-9-9-9-9-9-9-9-9-9-9-9-9-9-9-9-9-9-9-9-9-9-9-9    -9 9344707233241350181813 3 464936141 6 514
2568 00 0-9 -9-9-9 -9-9-9-9-9-9-9-9-9-9-9-9-9-9-9-9-9-9-9-9-9-9-9-9-9    -911203095724020880181813 3 218321125-9-9-9
2569 00 0-9 -9-9-9 -9-9-9-9-9-9-9-9-9-9-9-9-9-9-9-9-9-9-9-9-9-9-9-9-9    -9 3028274741100829181811 19865816191 6 217
2570 00 0-9 -9-9-9 -9-9-9-9-9-9-9-9-9-9-9-9-9-9-9-9-9-9-9-9-9-9-9-9-9    -910891529597365250181811 39813416143-9-9-9
2571 10 0 1 681818 68-929 6 330-9 2 6 6 6 6 6 1 6 6 6 6 6 6 6 6 1-9 4 10849 3630509865788420181811 1 213016191 6 313
2572 00 0-9 -9-9-9 -9-9-9-9-9-9-9-9-9-9-9-9-9-9-9-9-9-9-9-9-9-9-9-9-9    -910891529597365250181811 39714021121 1 7 7
2573 00 0-9 -9-9-9 -9-9-9-9-9-9-9-9-9-9-9-9-9-9-9-9-9-9-9-9-9-9-9-9-9    -9 3630509865788420181811 19714516143-9-9-9
2574 00 0-9 -9-9-9 -9-9-9-9-9-9-9-9-9-9-9-9-9-9-9-9-9-9-9-9-9-9-9-9-9    -9 9084824223302480181811 39865521137-9-9-9
2575 00 0-9 -9-9-9 -9-9-9-9-9-9-9-9-9-9-9-9-9-9-9-9-9-9-9-9-9-9-9-9-9    -9 3028274741100829181811 1 268836125-9-9-9
2576 10 0 1 681818 68-914 6 2 0-9 2 6 1 6 6 6 6 6 6 6 6 6 6 6 1 1 8-9 13892 3028274741100829181811 1 463116191 1 318
2577 00 0-9 -9-9-9 -9-9-9-9-9-9-9-9-9-9-9-9-9-9-9-9-9-9-9-9-9-9-9-9-9    -9 6229804822160900181813 2 366921117-9-9-9
2578 00 0-9 -9-9-9 -9-9-9-9-9-9-9-9-9-9-9-9-9-9-9-9-9-9-9-9-9-9-9-9-9    -9 3734365241340296181813 1 515346191 6 216
2579 11 0 1 681818 68-934 8 7 0-9 2 1 6 6 6 6 6 6 6 6 6 6 6 6 1 1 4-9 58048 7468730482680590181813 2 313211181 6 614
2580 00 0-9 -9-9-9 -9-9-9-9-9-9-9-9-9-9-9-9-9-9-9-9-9-9-9-9-9-9-9-9-9    -911203095724020880181813 3 515846135-9-9-9
2581 00 0-9 -9-9-9 -9-9-9-9-9-9-9-9-9-9-9-9-9-9-9-9-9-9-9-9-9-9-9-9-9    -9 3734365241340296181813 1 417936125-9-9-9
2582 00 0-9 -9-9-9 -9-9-9-9-9-9-9-9-9-9-9-9-9-9-9-9-9-9-9-9-9-9-9-9-9    -9 6229804822160900181813 2 463211193-9-9-9
2583 00 0-9 -9-9-9 -9-9-9-9-9-9-9-9-9-9-9-9-9-9-9-9-9-9-9-9-9-9-9-9-9    -9 7468730482680590181813 2 412416164-9-9-9
2584 00 0-9 -9-9-9 -9-9-9-9-9-9-9-9-9-9-9-9-9-9-9-9-9-9-9-9-9-9-9-9-9    -9 6229804822160900181813 2 268221137-9-9-9
2585 00 0-9 -9-9-9 -9-9-9-9-9-9-9-9-9-9-9-9-9-9-9-9-9-9-9-9-9-9-9-9-9    -911203095724020880181813 39711916144-9-9-9
2586 00 0-9 -9-9-9 -9-9-9-9-9-9-9-9-9-9-9-9-9-9-9-9-9-9-9-9-9-9-9-9-9    -912459609644321810181813 4 661916154-9-9-9
2587 00 0-9 -9-9-9 -9-9-9-9-9-9-9-9-9-9-9-9-9-9-9-9-9-9-9-9-9-9-9-9-9    -9 6229804822160900181813 2 268121137-9-9-9
2588 00 0-9 -9-9-9 -9-9-9-9-9-9-9-9-9-9-9-9-9-9-9-9-9-9-9-9-9-9-9-9-9    -9 6229804822160900181813 2 663321192 4 3 6
2589 00 0-9 -9-9-9 -9-9-9-9-9-9-9-9-9-9-9-9-9-9-9-9-9-9-9-9-9-9-9-9-9    -9 6229804822160900181813 29766821127-9-9-9
2590 00 0-9 -9-9-9 -9-9-9-9-9-9-9-9-9-9-9-9-9-9-9-9-9-9-9-9-9-9-9-9-9    -9 3114902411080453181813 1 268836185-9-9-9
2591 00 0-9 -9-9-9 -9-9-9-9-9-9-9-9-9-9-9-9-9-9-9-9-9-9-9-9-9-9-9-9-9    -9 7468730482680590181813 2 217216135-9-9-9
2592 00 1 1 681818187-9-9 6 7 0-9 2 6 1 6 6 6 6 6 6 6 6 6 6 6 1 1 8-9 50819 3114902411080453181813 1 364416151 6 615
2593 01 0 1 681818 68-9 3 4 5 0-9 2 6 6 6 6 6 1 6 6 6 6 6 6 6 6 1-9 7 30308 7468730482680590181813 2 112821262 7 7 9
2594 00 0-9 -9-9-9 -9-9-9-9-9-9-9-9-9-9-9-9-9-9-9-9-9-9-9-9-9-9-9-9-9    -9 6229804822160900181813 2 365821127-9-9-9
2595 00 0-9 -9-9-9 -9-9-9-9-9-9-9-9-9-9-9-9-9-9-9-9-9-9-9-9-9-9-9-9-9    -9 3114902411080453181813 1 165536147-9-9-9
2596 10 0 2 681818 68-914 4 130-9 1 6 6 6 6 6 6 1 6 6 6 6 6 6 1 6-9 3  6020 7468730482680590181813 2 317821125-9-9-9
2597 00 0-9 -9-9-9 -9-9-9-9-9-9-9-9-9-9-9-9-9-9-9-9-9-9-9-9-9-9-9-9-9    -9 9344707233241350181813 3 165221127-9-9-9
2598 00 0-9 -9-9-9 -9-9-9-9-9-9-9-9-9-9-9-9-9-9-9-9-9-9-9-9-9-9-9-9-9    -911203095724020880181813 3 217221125-9-9-9
2599 00 0-9 -9-9-9 -9-9-9-9-9-9-9-9-9-9-9-9-9-9-9-9-9-9-9-9-9-9-9-9-9    -9 3114902411080453181813 2 163616133-9-9-9
2600 10 0 1 681818 682323 6 1 0-9 1 6 1 6 6 6 6 6 6 6 6 6 6 6 1 6 8-9  6579 3114902411080453181813 3 262716141 7 7 7
2601 00 0-9 -9-9-9 -9-9-9-9-9-9-9-9-9-9-9-9-9-9-9-9-9-9-9-9-9-9-9-9-9    -9 6229804822160900181813 29762816184-9-9-9
2602 00 0-9 -9-9-9 -9-9-9-9-9-9-9-9-9-9-9-9-9-9-9-9-9-9-9-9-9-9-9-9-9    -9 9344707233241350181813 4 264636142 61520
2603 00 0-9 -9-9-9 -9-9-9-9-9-9-9-9-9-9-9-9-9-9-9-9-9-9-9-9-9-9-9-9-9    -9 6229804822160900181813 2 261716144-9-9-9
2604 00 0-9 -9-9-9 -9-9-9-9-9-9-9-9-9-9-9-9-9-9-9-9-9-9-9-9-9-9-9-9-9    -9 7468730482680590181813 4 114211143-9-9-9
2605 00 0-9 -9-9-9 -9-9-9-9-9-9-9-9-9-9-9-9-9-9-9-9-9-9-9-9-9-9-9-9-9    -9 9344707233241350181813 3 266921127-9-9-9
2606 00 0-9 -9-9-9 -9-9-9-9-9-9-9-9-9-9-9-9-9-9-9-9-9-9-9-9-9-9-9-9-9    -9 9344707233241350181813 3 465646141 61519
2607 00 0-9 -9-9-9 -9-9-9-9-9-9-9-9-9-9-9-9-9-9-9-9-9-9-9-9-9-9-9-9-9    -911203095724020880181813 49815626253-9-9-9
2608 10 0 2 681818 68-923 4 140-9 2 6 6 6 6 6 1 6 6 6 6 6 6 6 6 1-9 3 1008915574512055402260181813 6 462416162 7 817
2609 00 0-9 -9-9-9 -9-9-9-9-9-9-9-9-9-9-9-9-9-9-9-9-9-9-9-9-9-9-9-9-9    -911203095724020880181813 5 214021143-9-9-9
2610 00 0-9 -9-9-9 -9-9-9-9-9-9-9-9-9-9-9-9-9-9-9-9-9-9-9-9-9-9-9-9-9    -9 3114902411080453181813 1 267536125-9-9-9
2611 00 0-9 -9-9-9 -9-9-9-9-9-9-9-9-9-9-9-9-9-9-9-9-9-9-9-9-9-9-9-9-9    -9 3114902411080453181813 1 165946333-9-9-9
2612 00 0-9 -9-9-9 -9-9-9-9-9-9-9-9-9-9-9-9-9-9-9-9-9-9-9-9-9-9-9-9-9    -9 6229804822160900181813 3 264621193-9-9-9
2613 00 0-9 -9-9-9 -9-9-9-9-9-9-9-9-9-9-9-9-9-9-9-9-9-9-9-9-9-9-9-9-9    -9 6229804822160900181813 2 367236135-9-9-9
2614 10 0 1 681818 682929 6 2 0-9 1 1 6 6 6 6 6 6 6 6 6 6 6 6 1 6 8-9  9081 7468730482680590181813 4 212521133-9-9-9
2615 00 0-9 -9-9-9 -9-9-9-9-9-9-9-9-9-9-9-9-9-9-9-9-9-9-9-9-9-9-9-9-9    -9 6229804822160900181813 2 265221133-9-9-9
2616 00 0-9 -9-9-9 -9-9-9-9-9-9-9-9-9-9-9-9-9-9-9-9-9-9-9-9-9-9-9-9-9    -912459609644321810181813 4 266236133-9-9-9
2617 00 0-9 -9-9-9 -9-9-9-9-9-9-9-9-9-9-9-9-9-9-9-9-9-9-9-9-9-9-9-9-9    -9 3734365241340296181813 19813916192 7 216
2618 10 0 1 681818 68 4 4 6 2 0-9 2 1 6 6 6 6 6 6 6 6 6 6 6 6 1 1 8-9 1102314937460965361180181813 4 412416143-9-9-9
2619 10 0 1 681818 68 4 4 4 2 0-9 1 1 6 6 6 6 6 6 6 6 6 6 6 6 1 6 8-9 11060 7468730482680590181813 4 414421141 4 1 8
2620 00 0-9 -9-9-9 -9-9-9-9-9-9-9-9-9-9-9-9-9-9-9-9-9-9-9-9-9-9-9-9-9    -9 6229804822160900181813 4 263921181 7 217
2621 00 0-9 -9-9-9 -9-9-9-9-9-9-9-9-9-9-9-9-9-9-9-9-9-9-9-9-9-9-9-9-9    -9 7468730482680590181813 29817221155-9-9-9
2622 00 0-9 -9-9-9 -9-9-9-9-9-9-9-9-9-9-9-9-9-9-9-9-9-9-9-9-9-9-9-9-9    -914937460965361180181813 49815621193-9-9-9
2623 00 0-9 -9-9-9 -9-9-9-9-9-9-9-9-9-9-9-9-9-9-9-9-9-9-9-9-9-9-9-9-9    -9 7468730482680590181813 39812921171 6 4 3
2624 00 0-9 -9-9-9 -9-9-9-9-9-9-9-9-9-9-9-9-9-9-9-9-9-9-9-9-9-9-9-9-9    -9 7468730482680590181813 29814921141 6 7 7
2625 00 0-9 -9-9-9 -9-9-9-9-9-9-9-9-9-9-9-9-9-9-9-9-9-9-9-9-9-9-9-9-9    -9 7468730482680590181813 2 316121155-9-9-9
2626 10 0 1 681818 682929 1 120 1 1 1 6 6 6 6 6 6 6 6 6 6 6 6 6 6 9-9  8940 7468730482680590181813 4 613421191 6 216
2627 00 0-9 -9-9-9 -9-9-9-9-9-9-9-9-9-9-9-9-9-9-9-9-9-9-9-9-9-9-9-9-9    -912459609644321810181813 4 365421142 91514
2628 11 0 1 681818 68-91310 3 0-9 1 1 6 6 6 6 6 6 6 6 6 6 6 6 1 6 8-9 19240 3114902411080453181813 2 363816181 6 6 3
2629 00 0-9 -9-9-9 -9-9-9-9-9-9-9-9-9-9-9-9-9-9-9-9-9-9-9-9-9-9-9-9-9    -911203095724020880181813 3 615621193-9-9-9
2630 20 0 1 681818 68-9 4 9 130-9 2 6 1 6 6 6 6 6 6 6 6 6 6 6 1 1 4-9 11230 9344707233241350181813 3 762016154-9-9-9
2631 00 0-9 -9-9-9 -9-9-9-9-9-9-9-9-9-9-9-9-9-9-9-9-9-9-9-9-9-9-9-9-9    -9 3114902411080453181813 1 563616191 6 116
2632 00 0-9 -9-9-9 -9-9-9-9-9-9-9-9-9-9-9-9-9-9-9-9-9-9-9-9-9-9-9-9-9    -9 3114902411080453181813 1 266236145-9-9-9
2633 00 0-9 -9-9-9 -9-9-9-9-9-9-9-9-9-9-9-9-9-9-9-9-9-9-9-9-9-9-9-9-9    -9 3114902411080453181813 1 463646191 6 313
2634 00 0-9 -9-9-9 -9-9-9-9-9-9-9-9-9-9-9-9-9-9-9-9-9-9-9-9-9-9-9-9-9    -914937460965361180181813 4 714921191 6 216
2635 00 0-9 -9-9-9 -9-9-9-9-9-9-9-9-9-9-9-9-9-9-9-9-9-9-9-9-9-9-9-9-9    -9 7468730482680590181813 4 613721131 1 1 9
2636 00 0-9 -9-9-9 -9-9-9-9-9-9-9-9-9-9-9-9-9-9-9-9-9-9-9-9-9-9-9-9-9    -910891529597365250181811 39712816171 6 5 9
2637 00 0-9 -9-9-9 -9-9-9-9-9-9-9-9-9-9-9-9-9-9-9-9-9-9-9-9-9-9-9-9-9    -9 3630509865788420181811 1 413316191 6 311
2638 10 0 1 681818 68-914 7 110-9 1 6 1 6 6 6 6 6 6 6 6 6 6 6 1 6 4-9  6437 3028274741100829181811 2 565246181 6 217
2639 01 0 1 681818 68-9 7 8 7 0-9 2 6 1 6 6 6 6 6 6 6 1 6 6 6 1 1-9-9 6287314522039463153670181811 49712916171 6 6 9
2640 10 0 1 681818 68-929 4 130-9 2 1 6 6 6 6 6 6 6 6 6 6 6 6 1 1 4-9  6464 7261019731576830181811 4 513921191 6 216
2641 02 0 1 681818 68-946 8 930-9 2 6 6 6 6 6 1 6 6 6 6 6 6 6 1 1-9 3 34500 3028274741100829181811 1 263816181 6 615
2642 00 0-9 -9-9-9 -9-9-9-9-9-9-9-9-9-9-9-9-9-9-9-9-9-9-9-9-9-9-9-9-9    -912113098964403310181811 49864821121 61520
2643 00 0-9 -9-9-9 -9-9-9-9-9-9-9-9-9-9-9-9-9-9-9-9-9-9-9-9-9-9-9-9-9    -9 7261019731576830181811 3 112921182 6 7 9
2644 00 0-9 -9-9-9 -9-9-9-9-9-9-9-9-9-9-9-9-9-9-9-9-9-9-9-9-9-9-9-9-9    -9 7261019731576830181811 2 313411152 9 216
2645 00 0-9 -9-9-9 -9-9-9-9-9-9-9-9-9-9-9-9-9-9-9-9-9-9-9-9-9-9-9-9-9    -9 6056549482201650181811 4 663921191 6 317
2646 10 0 1 681818 68-929 7 145-9 1 1 6 6 6 6 6 6 6 6 6 6 6 6 6 6 8-9 10872 3734365241340296181813 1 316446231 1 3 3
2647 00 0-9 -9-9-9 -9-9-9-9-9-9-9-9-9-9-9-9-9-9-9-9-9-9-9-9-9-9-9-9-9    -9 3114902411080453181813 1 266836135-9-9-9
2648 10 0 1 681818 68 4 4 4 230-9 2 1 6 6 6 6 6 6 6 6 6 6 6 6 6 1 8-9 10833 3114902411080453181813 1 665646191 6 217
2649 01 0 2 -1-1-1 68-928 6 5 0-9 2 6 6 6 6 6 1 6 6 6 6 6 6 6 6 1-9 1    -1 3734365241340296181813 1 314946193-9-9-9
2650 00 0-9 -9-9-9 -9-9-9-9-9-9-9-9-9-9-9-9-9-9-9-9-9-9-9-9-9-9-9-9-9    -9 6229804822160900181813 29862846333-9-9-9
2651 00 0-9 -9-9-9 -9-9-9-9-9-9-9-9-9-9-9-9-9-9-9-9-9-9-9-9-9-9-9-9-9    -9 6229804822160900181813 2 263411191 7 313
2652 00 0-9 -9-9-9 -9-9-9-9-9-9-9-9-9-9-9-9-9-9-9-9-9-9-9-9-9-9-9-9-9    -9 3114902411080453181813 1 166936135-9-9-9
2653 00 0-9 -9-9-9 -9-9-9-9-9-9-9-9-9-9-9-9-9-9-9-9-9-9-9-9-9-9-9-9-9    -9 9344707233241350181813 3 262611193-9-9-9
2654 01 0 1 681818 68-916 6 630-9 2 1 6 6 6 6 6 6 6 6 6 6 6 6 1 1 8-9 32514 3114902411080453181813 1 665146181 6 216
2655 01 0 1 681818 68-9 3 4 630-9 2 1 6 6 6 6 6 6 6 6 6 6 6 6 1 1 8-9 30266 3734365241340296181813 1 413316191 6 216
2656 00 0-9 -9-9-9 -9-9-9-9-9-9-9-9-9-9-9-9-9-9-9-9-9-9-9-9-9-9-9-9-9    -9 6229804822160900181813 2 463111194-9-9-9
2657 00 0-9 -9-9-9 -9-9-9-9-9-9-9-9-9-9-9-9-9-9-9-9-9-9-9-9-9-9-9-9-9    -9 6229804822160900181813 29867421125-9-9-9
2658 00 0-9 -9-9-9 -9-9-9-9-9-9-9-9-9-9-9-9-9-9-9-9-9-9-9-9-9-9-9-9-9    -9 3114902411080453181813 19767016181 6 216
2659 11 0 1 681818 68-928 4 430-9 2 6 6 6 6 6 6 6 1 6 6 6 6 6 1 1-9 1 36851 6229804822160900181813 2 764341191 6 216
2660 00 0-9 -9-9-9 -9-9-9-9-9-9-9-9-9-9-9-9-9-9-9-9-9-9-9-9-9-9-9-9-9    -9 3114902411080453181813 1 663316191 9 216
2661 00 0-9 -9-9-9 -9-9-9-9-9-9-9-9-9-9-9-9-9-9-9-9-9-9-9-9-9-9-9-9-9    -9 6229804822160900181813 29768421125-9-9-9
2662 00 0-9 -9-9-9 -9-9-9-9-9-9-9-9-9-9-9-9-9-9-9-9-9-9-9-9-9-9-9-9-9    -9 7468730482680590181813 2 614941141 112 3
2663 00 0-9 -9-9-9 -9-9-9-9-9-9-9-9-9-9-9-9-9-9-9-9-9-9-9-9-9-9-9-9-9    -9 6229804822160900181813 2 562911181 6 411
2664 00 0-9 -9-9-9 -9-9-9-9-9-9-9-9-9-9-9-9-9-9-9-9-9-9-9-9-9-9-9-9-9    -9 7468730482680590181813 2 513721351 1 7 7
2665 00 0-9 -9-9-9 -9-9-9-9-9-9-9-9-9-9-9-9-9-9-9-9-9-9-9-9-9-9-9-9-9    -911203095724020880181813 3 612416154-9-9-9
2666 00 0-9 -9-9-9 -9-9-9-9-9-9-9-9-9-9-9-9-9-9-9-9-9-9-9-9-9-9-9-9-9    -9 7468730482680590181813 2 417721125-9-9-9
2667 10 1 1 681818 68-921 6 5 0-9 2 6 6 6 6 6 6 6 6 6 6 6 1 6 1 1 8-9 29055 9344707233241350181813 49763821347-9-9-9
2668 15 0 1 681818 68-939 6 830-9 2 1 6 6 6 6 6 6 6 6 6 6 6 6 6 1 8-9 67101 3734365241340296181813 3 314636191 1 315
2669 00 0-9 -9-9-9 -9-9-9-9-9-9-9-9-9-9-9-9-9-9-9-9-9-9-9-9-9-9-9-9-9    -9 7468730482680590181813 4 213721142 7 7 9
2670 00 0-9 -9-9-9 -9-9-9-9-9-9-9-9-9-9-9-9-9-9-9-9-9-9-9-9-9-9-9-9-9    -9 7468730482680590181813 2 216121145-9-9-9
2671 00 0-9 -9-9-9 -9-9-9-9-9-9-9-9-9-9-9-9-9-9-9-9-9-9-9-9-9-9-9-9-9    -911203095724020880181813 3 215521155-9-9-9
2672 00 0-9 -9-9-9 -9-9-9-9-9-9-9-9-9-9-9-9-9-9-9-9-9-9-9-9-9-9-9-9-9    -912459609644321810181813 59865121181 6 216
2673 00 0-9 -9-9-9 -9-9-9-9-9-9-9-9-9-9-9-9-9-9-9-9-9-9-9-9-9-9-9-9-9    -914937460965361180181813 4 416521155-9-9-9
2674 00 0-9 -9-9-9 -9-9-9-9-9-9-9-9-9-9-9-9-9-9-9-9-9-9-9-9-9-9-9-9-9    -9 3114902411080453181813 1 268636125-9-9-9
2675 20 0 1 681818 68 4 4 6 345-9 1 6 1 6 6 6 6 6 6 6 6 6 6 6 1 1 1-9 1278612459609644321810181813 49763316181 7 414
2676 00 1 1 681818126-9-9 9 8 0-9 2 6 6 6 6 6 6 6 6 6 1 6 6 6 1 1-9 3147115 7468730482680590181813 2 212911292 7 313
2677 00 0-9 -9-9-9 -9-9-9-9-9-9-9-9-9-9-9-9-9-9-9-9-9-9-9-9-9-9-9-9-9    -9 3114902411080453181813 1 268636135-9-9-9
2678 00 0-9 -9-9-9 -9-9-9-9-9-9-9-9-9-9-9-9-9-9-9-9-9-9-9-9-9-9-9-9-9    -9 7468730482680590181813 49813621181 4 413
2679 00 0-9 -9-9-9 -9-9-9-9-9-9-9-9-9-9-9-9-9-9-9-9-9-9-9-9-9-9-9-9-9    -918671826206701470181813 5 715021191 6 412
2680 30 0 1 681818 68-941 6 3 0-9 2 1 6 6 6 6 6 6 6 6 6 6 6 6 1 1 8-9 18764 6229804822160900181813 2 666646195-9-9-9
2681 00 0-9 -9-9-9 -9-9-9-9-9-9-9-9-9-9-9-9-9-9-9-9-9-9-9-9-9-9-9-9-9    -9 3114902411080453181813 19867536125-9-9-9
2682 00 0-9 -9-9-9 -9-9-9-9-9-9-9-9-9-9-9-9-9-9-9-9-9-9-9-9-9-9-9-9-9    -9 6229804822160900181813 29867021185-9-9-9
2683 00 0-9 -9-9-9 -9-9-9-9-9-9-9-9-9-9-9-9-9-9-9-9-9-9-9-9-9-9-9-9-9    -9 3114902411080453181813 1 466816185-9-9-9
2684 00 0-9 -9-9-9 -9-9-9-9-9-9-9-9-9-9-9-9-9-9-9-9-9-9-9-9-9-9-9-9-9    -915574512055402260181813 6 265821123-9-9-9
2685 11 0 2 68-918 682929 6 310-9 2 1 6 6 6 6 6 6 6 6 6 6 6 6 6 1 5-9 11341 3114902411080453181813 19863616181 6 216
2686 10 0 1 681818 682929 6 140-9 1 6 1 6 6 6 6 6 6 6 6 6 6 6 1 6 8-9 10051 6229804822160900181813 4 563921193-9-9-9
2687 00 0-9 -9-9-9 -9-9-9-9-9-9-9-9-9-9-9-9-9-9-9-9-9-9-9-9-9-9-9-9-9    -918671826206701470181813 59712316143-9-9-9
2688 00 0-9 -9-9-9 -9-9-9-9-9-9-9-9-9-9-9-9-9-9-9-9-9-9-9-9-9-9-9-9-9    -9 9344707233241350181813 3 364021156-9-9-9
2689 00 0-9 -9-9-9 -9-9-9-9-9-9-9-9-9-9-9-9-9-9-9-9-9-9-9-9-9-9-9-9-9    -9 7468730482680590181813 2 816121136-9-9-9
2690 10 0 1 681818 682323 7 1 0-9 1 6 1 6 6 6 6 6 6 6 6 6 6 6 1 611-9  7099 9344707233241350181813 4 664621151 6 7 7
2691 00 0-9 -9-9-9 -9-9-9-9-9-9-9-9-9-9-9-9-9-9-9-9-9-9-9-9-9-9-9-9-9    -912459609644321810181813 49762516194-9-9-9
2692 00 0-9 -9-9-9 -9-9-9-9-9-9-9-9-9-9-9-9-9-9-9-9-9-9-9-9-9-9-9-9-9    -9 6229804822160900181813 29865046151 1 719
2693 10 0 1 681818 682929 4 110-9 1 6 1 6 6 6 6 6 6 6 6 6 6 6 1 6 8-9  8861 6229804822160900181813 2 763821181 6 619
2694 00 0-9 -9-9-9 -9-9-9-9-9-9-9-9-9-9-9-9-9-9-9-9-9-9-9-9-9-9-9-9-9    -911203095724020880181813 3 518321155-9-9-9
2695 00 0-9 -9-9-9 -9-9-9-9-9-9-9-9-9-9-9-9-9-9-9-9-9-9-9-9-9-9-9-9-9    -914937460965361180181813 49815621181 416 1
2696 00 0-9 -9-9-9 -9-9-9-9-9-9-9-9-9-9-9-9-9-9-9-9-9-9-9-9-9-9-9-9-9    -9 9344707233241350181813 49761616144-9-9-9
2697 00 0-9 -9-9-9 -9-9-9-9-9-9-9-9-9-9-9-9-9-9-9-9-9-9-9-9-9-9-9-9-9    -9 7468730482680590181813 2 517921195-9-9-9
2698 00 0-9 -9-9-9 -9-9-9-9-9-9-9-9-9-9-9-9-9-9-9-9-9-9-9-9-9-9-9-9-9    -9 3114902411080453181813 1 768636195-9-9-9
2699 00 0-9 -9-9-9 -9-9-9-9-9-9-9-9-9-9-9-9-9-9-9-9-9-9-9-9-9-9-9-9-9    -9 6229804822160900181813 3 764521161 6 217
2700 00 0-9 -9-9-9 -9-9-9-9-9-9-9-9-9-9-9-9-9-9-9-9-9-9-9-9-9-9-9-9-9    -911203095724020880181813 3 615421185-9-9-9
2701 00 0-9 -9-9-9 -9-9-9-9-9-9-9-9-9-9-9-9-9-9-9-9-9-9-9-9-9-9-9-9-9    -9 3114902411080453181813 1 367936147-9-9-9
2702 00 0-9 -9-9-9 -9-9-9-9-9-9-9-9-9-9-9-9-9-9-9-9-9-9-9-9-9-9-9-9-9    -911203095724020880181813 3 516421145-9-9-9
2703 00 0-9 -9-9-9 -9-9-9-9-9-9-9-9-9-9-9-9-9-9-9-9-9-9-9-9-9-9-9-9-9    -9 7468730482680590181813 2 111616144-9-9-9
2704 00 0-9 -9-9-9 -9-9-9-9-9-9-9-9-9-9-9-9-9-9-9-9-9-9-9-9-9-9-9-9-9    -9 3734365241340296181813 1 315216181 613 3
2705 00 0-9 -9-9-9 -9-9-9-9-9-9-9-9-9-9-9-9-9-9-9-9-9-9-9-9-9-9-9-9-9    -9 3734365241340296181813 1 115316143-9-9-9
2706 00 0-9 -9-9-9 -9-9-9-9-9-9-9-9-9-9-9-9-9-9-9-9-9-9-9-9-9-9-9-9-9    -9 3114902411080453181813 2 365116181 6 617
2707 00 0-9 -9-9-9 -9-9-9-9-9-9-9-9-9-9-9-9-9-9-9-9-9-9-9-9-9-9-9-9-9    -9 7468730482680590181813 2 216821125-9-9-9
2708 00 0-9 -9-9-9 -9-9-9-9-9-9-9-9-9-9-9-9-9-9-9-9-9-9-9-9-9-9-9-9-9    -911203095724020880181813 49711816154-9-9-9
2709 00 0-9 -9-9-9 -9-9-9-9-9-9-9-9-9-9-9-9-9-9-9-9-9-9-9-9-9-9-9-9-9    -9 6229804822160900181813 2 266121158-9-9-9
2710 20 0 1 681818 68-923 4 1 0-9 1 6 1 6 6 6 6 6 6 6 6 6 6 6 1 6 5-9  3769 3114902411080453181813 1 265536147-9-9-9
2711 20 0 2 681818 68-923 4 025-9 1 1 6 6 6 6 6 6 6 6 6 6 6 6 1 6 1-9  1592 3734365241340296181813 1 114316163-9-9-9
2712 10 0 1 681818 68-923 4 045-9 1 1 6 6 6 6 6 6 6 6 6 6 6 6 1 6 3-9  3988 7468730482680590181813 2 513111171 7 4 7
2713 00 0-9 -9-9-9 -9-9-9-9-9-9-9-9-9-9-9-9-9-9-9-9-9-9-9-9-9-9-9-9-9    -9 3734365241340296181813 1 415546181 6 417
2714 00 0-9 -9-9-9 -9-9-9-9-9-9-9-9-9-9-9-9-9-9-9-9-9-9-9-9-9-9-9-9-9    -9 7468730482680590181813 2 317831145-9-9-9
2715 00 0-9 -9-9-9 -9-9-9-9-9-9-9-9-9-9-9-9-9-9-9-9-9-9-9-9-9-9-9-9-9    -912459609644321810181813 49762016161 7 817
2716 00 0-9 -9-9-9 -9-9-9-9-9-9-9-9-9-9-9-9-9-9-9-9-9-9-9-9-9-9-9-9-9    -9 3114902411080453181813 1 267836117-9-9-9
2717 10 0 1 681818 682323 4 050-9 1 6 1 6 6 6 6 6 6 6 6 6 6 6 1 6 8-9  6660 9344707233241350181813 49764021352 6 817
2718 00 0-9 -9-9-9 -9-9-9-9-9-9-9-9-9-9-9-9-9-9-9-9-9-9-9-9-9-9-9-9-9    -912459609644321810181813 4 465221172 9 617
2719 10 0 1 681818 68-941 4 130-9 1 6 1 6 6 6 6 6 6 6 6 6 6 6 1 6 8-9 14970 7468730482680590181813 2 316721145-9-9-9
2720 00 0-9 -9-9-9 -9-9-9-9-9-9-9-9-9-9-9-9-9-9-9-9-9-9-9-9-9-9-9-9-9    -9 7468730482680590181813 39714921141 6 915
2721 00 0-9 -9-9-9 -9-9-9-9-9-9-9-9-9-9-9-9-9-9-9-9-9-9-9-9-9-9-9-9-9    -9 6229804822160900181813 2 267521157-9-9-9
2722 00 0-9 -9-9-9 -9-9-9-9-9-9-9-9-9-9-9-9-9-9-9-9-9-9-9-9-9-9-9-9-9    -9 3114902411080453181813 19767836117-9-9-9
2723 00 0-9 -9-9-9 -9-9-9-9-9-9-9-9-9-9-9-9-9-9-9-9-9-9-9-9-9-9-9-9-9    -912459609644321810181813 4 361616144-9-9-9
2724 02 0 1 681818 68-928 4 5 0-9 1 6 6 6 6 6 6 6 6 6 6 6 1 6 6 1 4-9 36756 7468730482680590181813 29816621175-9-9-9
2725 00 0-9 -9-9-9 -9-9-9-9-9-9-9-9-9-9-9-9-9-9-9-9-9-9-9-9-9-9-9-9-9    -9 3114902411080453181813 19763516352 9 216
2726 20 0 1 681818 682929 6 130-9 2 1 6 6 6 6 6 6 6 6 6 6 6 6 1 1 5-9  8959 7468730482680590181813 2 212821294-9-9-9
2727 10 0 1 681818 68-923 1 045 2 1 1 6 6 6 6 6 6 6 6 6 6 6 6 6 6 4-9  4170 3114902411080453181813 1 863016191 6 217
2728 00 0-9 -9-9-9 -9-9-9-9-9-9-9-9-9-9-9-9-9-9-9-9-9-9-9-9-9-9-9-9-9    -9 3114902411080453181813 19869036125-9-9-9
2729 00 0-9 -9-9-9 -9-9-9-9-9-9-9-9-9-9-9-9-9-9-9-9-9-9-9-9-9-9-9-9-9    -912459609644321810181813 4 664821121 61516
2730 01 0 1 681818 68-928 6 430-9 2 1 6 6 6 6 6 6 6 6 6 6 6 6 1 1 8-9 36750 7468730482680590181813 29712821192 6 2 7
2731 00 0-9 -9-9-9 -9-9-9-9-9-9-9-9-9-9-9-9-9-9-9-9-9-9-9-9-9-9-9-9-9    -9 9344707233241350181813 4 461916154-9-9-9
2732 00 0-9 -9-9-9 -9-9-9-9-9-9-9-9-9-9-9-9-9-9-9-9-9-9-9-9-9-9-9-9-9    -9 6229804822160900181813 39864221191 6 817
2733 10 1 2  3-9-9 682929 6 330-9 1 6 6 6 6 6 6 6 6 6 1 6 6 6 1 1-912198371 3114902411080453181813 19866516195-9-9-9
2734 10 0 1 681818 68-929 9 115-9 2 1 6 6 6 6 6 6 6 6 6 6 6 6 1 1 4-9  652112217049065877950181812 3 717021195-9-9-9
2735 00 0-9 -9-9-9 -9-9-9-9-9-9-9-9-9-9-9-9-9-9-9-9-9-9-9-9-9-9-9-9-9    -913587285703538800181812 4 765021181 6 216
2736 00 0-9 -9-9-9 -9-9-9-9-9-9-9-9-9-9-9-9-9-9-9-9-9-9-9-9-9-9-9-9-9    -910190464277654100181812 4 464421183-9-9-9
2737 01 1 1 681818 68-928 4 5 0-9 2 1 6 6 6 6 6 6 6 6 6 6 6 6 6 1 9-9 37011 3396821425884700181812 1 466446198-9-9-9
2738 10 0 1 681818 68 4 4 6 2 0-9 2 6 1 6 6 6 6 6 6 6 6 6 6 6 1 1 8-9  9684 6793642851769400181812 2 663721191 6 315
2739 20 0 1 681818 68-929 3 130-9 1 6 1 6 6 6 6 6 6 6 6 6 6 6 1 6 9-9 10954 6793642851769400181812 2 763011151 7 315
2740 00 0-9 -9-9-9 -9-9-9-9-9-9-9-9-9-9-9-9-9-9-9-9-9-9-9-9-9-9-9-9-9    -9 6793642851769400181812 4 864221191 6 213
2741 00 0-9 -9-9-9 -9-9-9-9-9-9-9-9-9-9-9-9-9-9-9-9-9-9-9-9-9-9-9-9-9    -910190464277654100181812 39764521141 4 7 9
2742 01 0 1 681818 68-9 8 2 2 0 5 2 6 6 6 6 6 6 6 6 6 1 6 6 6 6 1-9 1 6975212217049065877950181812 3 511916154-9-9-9
2743 00 0-9 -9-9-9 -9-9-9-9-9-9-9-9-9-9-9-9-9-9-9-9-9-9-9-9-9-9-9-9-9    -913587285703538800181812 4 662116154-9-9-9
2744 00 0-9 -9-9-9 -9-9-9-9-9-9-9-9-9-9-9-9-9-9-9-9-9-9-9-9-9-9-9-9-9    -9 9344707233241350181863 5 261716144-9-9-9
2745 00 0-9 -9-9-9 -9-9-9-9-9-9-9-9-9-9-9-9-9-9-9-9-9-9-9-9-9-9-9-9-9    -912459609644321810181863 4 365021171 4 7 7
2746 00 0-9 -9-9-9 -9-9-9-9-9-9-9-9-9-9-9-9-9-9-9-9-9-9-9-9-9-9-9-9-9    -9 3114902411080453181863 1 167436125-9-9-9
2747 00 0-9 -9-9-9 -9-9-9-9-9-9-9-9-9-9-9-9-9-9-9-9-9-9-9-9-9-9-9-9-9    -911203095724020880181863 4 215021153-9-9-9
2748 00 0-9 -9-9-9 -9-9-9-9-9-9-9-9-9-9-9-9-9-9-9-9-9-9-9-9-9-9-9-9-9    -914937460965361180181863 49712016143-9-9-9
2749 00 0-9 -9-9-9 -9-9-9-9-9-9-9-9-9-9-9-9-9-9-9-9-9-9-9-9-9-9-9-9-9    -9 3114902411080453181863 1 168236125-9-9-9
2750 00 0-9 -9-9-9 -9-9-9-9-9-9-9-9-9-9-9-9-9-9-9-9-9-9-9-9-9-9-9-9-9    -9 6229804822160900181863 3 263621142 71520
2751 01 0 1 681818 68-9 3 4 330-9 2 6 1 6 6 6 6 6 6 6 6 6 6 6 1 1 4-9 2916215574512055402260181863 59763616151 6 6 9
2752 00 0-9 -9-9-9 -9-9-9-9-9-9-9-9-9-9-9-9-9-9-9-9-9-9-9-9-9-9-9-9-9    -9 7468730482680590181863 2 313741131 1 7 9
2753 00 0-9 -9-9-9 -9-9-9-9-9-9-9-9-9-9-9-9-9-9-9-9-9-9-9-9-9-9-9-9-9    -9 6229804822160900181863 29867421127-9-9-9
2754 00 0-9 -9-9-9 -9-9-9-9-9-9-9-9-9-9-9-9-9-9-9-9-9-9-9-9-9-9-9-9-9    -9 6056549482201650181861 5 364421137-9-9-9
2755 00 0-9 -9-9-9 -9-9-9-9-9-9-9-9-9-9-9-9-9-9-9-9-9-9-9-9-9-9-9-9-9    -9 9084824223302480181861 3 164621123-9-9-9
2756 00 0-9 -9-9-9 -9-9-9-9-9-9-9-9-9-9-9-9-9-9-9-9-9-9-9-9-9-9-9-9-9    -9 9084824223302480181861 4 364121147-9-9-9
2757 00 0-9 -9-9-9 -9-9-9-9-9-9-9-9-9-9-9-9-9-9-9-9-9-9-9-9-9-9-9-9-9    -9 6056549482201650181861 2 265221161 4 117
2758 00 0-9 -9-9-9 -9-9-9-9-9-9-9-9-9-9-9-9-9-9-9-9-9-9-9-9-9-9-9-9-9    -9 9084824223302480181861 59764621137-9-9-9
2759 00 0-9 -9-9-9 -9-9-9-9-9-9-9-9-9-9-9-9-9-9-9-9-9-9-9-9-9-9-9-9-9    -9 9084824223302480181861 5 364421143-9-9-9
2760 00 0-9 -9-9-9 -9-9-9-9-9-9-9-9-9-9-9-9-9-9-9-9-9-9-9-9-9-9-9-9-9    -921783059194730510181861 6 315321141 8 4 6
2761 00 0-9 -9-9-9 -9-9-9-9-9-9-9-9-9-9-9-9-9-9-9-9-9-9-9-9-9-9-9-9-9    -9 6056549482201650181861 49863321177-9-9-9
2762 00 0-9 -9-9-9 -9-9-9-9-9-9-9-9-9-9-9-9-9-9-9-9-9-9-9-9-9-9-9-9-9    -9 9084824223302480181861 3 466321142 4 7 7
2763 00 0-9 -9-9-9 -9-9-9-9-9-9-9-9-9-9-9-9-9-9-9-9-9-9-9-9-9-9-9-9-9    -915141373705504140181861 59767136125-9-9-9
2764 20 0 1 681818 682929 4 145-9 1 6 1 6 6 6 6 6 6 6 6 6 6 6 1 6 8-9 10117 6793642851769400181862 3 864721181 6 315
2765 00 0-9 -9-9-9 -9-9-9-9-9-9-9-9-9-9-9-9-9-9-9-9-9-9-9-9-9-9-9-9-9    -9 8144699377251960181862 4 814421191 6 216
2766 00 0-9 -9-9-9 -9-9-9-9-9-9-9-9-9-9-9-9-9-9-9-9-9-9-9-9-9-9-9-9-9    -9 6793642851769400181862 2 466621157-9-9-9
2767 00 0-9 -9-9-9 -9-9-9-9-9-9-9-9-9-9-9-9-9-9-9-9-9-9-9-9-9-9-9-9-9    -9 6793642851769400181862 2 167421127-9-9-9
2768 00 0-9 -9-9-9 -9-9-9-9-9-9-9-9-9-9-9-9-9-9-9-9-9-9-9-9-9-9-9-9-9    -9 6793642851769400181862 3 864721183-9-9-9
2769 00 0-9 -9-9-9 -9-9-9-9-9-9-9-9-9-9-9-9-9-9-9-9-9-9-9-9-9-9-9-9-9    -910190464277654100181862 3 265921137-9-9-9
2770 10 0 2 68-918 68-929 6 020-9 1 6 6 1 6 6 6 6 6 6 6 6 6 6 6 6 8-9  164412217049065877950181862 39712816183-9-9-9
2771 00 0-9 -9-9-9 -9-9-9-9-9-9-9-9-9-9-9-9-9-9-9-9-9-9-9-9-9-9-9-9-9    -9 6793642851769400181862 2 265421122 91520
2772 00 0-9 -9-9-9 -9-9-9-9-9-9-9-9-9-9-9-9-9-9-9-9-9-9-9-9-9-9-9-9-9    -9 3396821425884700181862 19768236125-9-9-9
2773 00 0-9 -9-9-9 -9-9-9-9-9-9-9-9-9-9-9-9-9-9-9-9-9-9-9-9-9-9-9-9-9    -912217049065877950181862 4 412016254-9-9-9
2774 00 0-9 -9-9-9 -9-9-9-9-9-9-9-9-9-9-9-9-9-9-9-9-9-9-9-9-9-9-9-9-9    -916984107129423500181862 5 267836125-9-9-9
2775 10 0 1 681818 68-923 2 040 2 1 1 6 6 6 6 6 6 6 6 6 6 6 6 1 6 1-9  1951 6793642851769400181862 3 164221153-9-9-9
2776 00 0-9 -9-9-9 -9-9-9-9-9-9-9-9-9-9-9-9-9-9-9-9-9-9-9-9-9-9-9-9-9    -9 8144699377251960181862 29718421125-9-9-9
2777 00 0-9 -9-9-9 -9-9-9-9-9-9-9-9-9-9-9-9-9-9-9-9-9-9-9-9-9-9-9-9-9    -9 3396821425884700181862 1 365946161 2 117
2778 00 0-9 -9-9-9 -9-9-9-9-9-9-9-9-9-9-9-9-9-9-9-9-9-9-9-9-9-9-9-9-9    -9 3396821425884700181862 1 266836125-9-9-9
2779 00 0-9 -9-9-9 -9-9-9-9-9-9-9-9-9-9-9-9-9-9-9-9-9-9-9-9-9-9-9-9-9    -9 8144699377251960181862 3 313121171 616 7
2780 00 0-9 -9-9-9 -9-9-9-9-9-9-9-9-9-9-9-9-9-9-9-9-9-9-9-9-9-9-9-9-9    -916289398754503930181862 4 115121122 711 6
2781 00 0-9 -9-9-9 -9-9-9-9-9-9-9-9-9-9-9-9-9-9-9-9-9-9-9-9-9-9-9-9-9    -9 3396821425884700181862 19768236125-9-9-9
2782 00 0-9 -9-9-9 -9-9-9-9-9-9-9-9-9-9-9-9-9-9-9-9-9-9-9-9-9-9-9-9-9    -913587285703538800181862 49763116191 6 216
2783 00 0-9 -9-9-9 -9-9-9-9-9-9-9-9-9-9-9-9-9-9-9-9-9-9-9-9-9-9-9-9-9    -910190464277654100181862 49765021137-9-9-9
2784 00 0-9 -9-9-9 -9-9-9-9-9-9-9-9-9-9-9-9-9-9-9-9-9-9-9-9-9-9-9-9-9    -912459609644321810181853 4 364421143-9-9-9
2785 00 0-9 -9-9-9 -9-9-9-9-9-9-9-9-9-9-9-9-9-9-9-9-9-9-9-9-9-9-9-9-9    -9 3114902411080453181853 2 265146173-9-9-9
2786 00 0-9 -9-9-9 -9-9-9-9-9-9-9-9-9-9-9-9-9-9-9-9-9-9-9-9-9-9-9-9-9    -9 6229804822160900181853 3 264246162 91514
2787 30 0 1 681818 682323 1 1 0 3 1 1 6 6 6 6 6 6 6 6 6 6 6 6 6 6 9-9  644011203095724020880181853 3 515921141 4 1 8
2788 00 0-9 -9-9-9 -9-9-9-9-9-9-9-9-9-9-9-9-9-9-9-9-9-9-9-9-9-9-9-9-9    -9 7468730482680590181853 2 218321125-9-9-9
2789 00 0-9 -9-9-9 -9-9-9-9-9-9-9-9-9-9-9-9-9-9-9-9-9-9-9-9-9-9-9-9-9    -9 3114902411080453181853 1 166046143-9-9-9
2790 00 0-9 -9-9-9 -9-9-9-9-9-9-9-9-9-9-9-9-9-9-9-9-9-9-9-9-9-9-9-9-9    -912459609644321810181853 5 565321157-9-9-9
2791 00 0-9 -9-9-9 -9-9-9-9-9-9-9-9-9-9-9-9-9-9-9-9-9-9-9-9-9-9-9-9-9    -922406191448041770181853 7 215121135-9-9-9
2792 00 0-9 -9-9-9 -9-9-9-9-9-9-9-9-9-9-9-9-9-9-9-9-9-9-9-9-9-9-9-9-9    -9 7468730482680590181853 29815021122 715 7
2793 10 0 2 68-918 68-929 6 030-9 1 1 6 6 6 6 6 6 6 6 6 6 6 6 1 6 1-9  2394 9344707233241350181853 39762416182 7 216
2794 00 0-9 -9-9-9 -9-9-9-9-9-9-9-9-9-9-9-9-9-9-9-9-9-9-9-9-9-9-9-9-9    -911203095724020880181853 3 115821171 4 7 7
2795 00 0-9 -9-9-9 -9-9-9-9-9-9-9-9-9-9-9-9-9-9-9-9-9-9-9-9-9-9-9-9-9    -9 7468730482680590181853 3 314121151 614 1
2796 00 0-9 -9-9-9 -9-9-9-9-9-9-9-9-9-9-9-9-9-9-9-9-9-9-9-9-9-9-9-9-9    -9 6229804822160900181853 3 263821153-9-9-9
2797 00 0-9 -9-9-9 -9-9-9-9-9-9-9-9-9-9-9-9-9-9-9-9-9-9-9-9-9-9-9-9-9    -9 7468730482680590181853 3 713021181 1 1 3
2798 00 0-9 -9-9-9 -9-9-9-9-9-9-9-9-9-9-9-9-9-9-9-9-9-9-9-9-9-9-9-9-9    -911203095724020880181853 3 513216181 6 614
2799 00 0-9 -9-9-9 -9-9-9-9-9-9-9-9-9-9-9-9-9-9-9-9-9-9-9-9-9-9-9-9-9    -9 6229804822160900181853 3 465021162 61520
2800 00 0-9 -9-9-9 -9-9-9-9-9-9-9-9-9-9-9-9-9-9-9-9-9-9-9-9-9-9-9-9-9    -9 6229804822160900181853 4 464721142 614 8
2801 00 0-9 -9-9-9 -9-9-9-9-9-9-9-9-9-9-9-9-9-9-9-9-9-9-9-9-9-9-9-9-9    -9 6229804822160900181853 2 366621145-9-9-9
2802 10 0 1 681818 68-929 4 045-9 2 1 6 6 6 6 6 6 6 6 6 6 6 6 1 1 5-9  6228 7468730482680590181853 2 213211183-9-9-9
2803 10 0 1 681818 682929 7 110-9 1 1 6 6 6 6 6 6 6 6 6 6 6 6 1 1 8-9  8871 7468730482680590181853 3 314121171 61415
2804 00 0-9 -9-9-9 -9-9-9-9-9-9-9-9-9-9-9-9-9-9-9-9-9-9-9-9-9-9-9-9-9    -9 9344707233241350181853 4 363921151 71515
2805 00 0-9 -9-9-9 -9-9-9-9-9-9-9-9-9-9-9-9-9-9-9-9-9-9-9-9-9-9-9-9-9    -9 6229804822160900181853 3 563321151 4 411
2806 00 0-9 -9-9-9 -9-9-9-9-9-9-9-9-9-9-9-9-9-9-9-9-9-9-9-9-9-9-9-9-9    -9 7468730482680590181853 49714621142 1 1 9
2807 00 0-9 -9-9-9 -9-9-9-9-9-9-9-9-9-9-9-9-9-9-9-9-9-9-9-9-9-9-9-9-9    -9 6229804822160900181853 29865321143-9-9-9
2808 00 0-9 -9-9-9 -9-9-9-9-9-9-9-9-9-9-9-9-9-9-9-9-9-9-9-9-9-9-9-9-9    -9 6229804822160900181853 2 364836142 61513
2809 00 0-9 -9-9-9 -9-9-9-9-9-9-9-9-9-9-9-9-9-9-9-9-9-9-9-9-9-9-9-9-9    -9 9344707233241350181853 49762116173-9-9-9
2810 00 0-9 -9-9-9 -9-9-9-9-9-9-9-9-9-9-9-9-9-9-9-9-9-9-9-9-9-9-9-9-9    -9 9344707233241350181853 3 165121137-9-9-9
2811 10 0 1 681818 68-929 6 130-9 1 1 6 6 6 6 6 6 6 6 6 6 6 6 1 6 8-9 1067012459609644321810181853 5 664821163-9-9-9
2812 00 0-9 -9-9-9 -9-9-9-9-9-9-9-9-9-9-9-9-9-9-9-9-9-9-9-9-9-9-9-9-9    -9 6229804822160900181853 3 363921143-9-9-9
2813 00 0-9 -9-9-9 -9-9-9-9-9-9-9-9-9-9-9-9-9-9-9-9-9-9-9-9-9-9-9-9-9    -914937460965361180181853 4 415321141 612 7
2814 20 0 1 681818 682929 4 130-9 1 1 6 6 6 6 6 6 6 6 6 6 6 6 6 6 8-9  8801 9344707233241350181853 3 865846145-9-9-9
2815 10 0 1 681818 68-929 4 130-9 1 1 6 6 6 6 6 6 6 6 6 6 6 6 1 6 8-9 10627 3734365241340296181853 1 214916143-9-9-9
2816 00 0-9 -9-9-9 -9-9-9-9-9-9-9-9-9-9-9-9-9-9-9-9-9-9-9-9-9-9-9-9-9    -9 7468730482680590181853 3 513011171 612 7
2817 00 0-9 -9-9-9 -9-9-9-9-9-9-9-9-9-9-9-9-9-9-9-9-9-9-9-9-9-9-9-9-9    -9 7468730482680590181853 2 316921135-9-9-9
2818 00 0-9 -9-9-9 -9-9-9-9-9-9-9-9-9-9-9-9-9-9-9-9-9-9-9-9-9-9-9-9-9    -912459609644321810181853 49762316154-9-9-9
2819 00 0-9 -9-9-9 -9-9-9-9-9-9-9-9-9-9-9-9-9-9-9-9-9-9-9-9-9-9-9-9-9    -911203095724020880181853 39812616171 4 411
2820 10 0 1 681818 682929 4 3 0-9 1 6 1 6 6 6 6 6 6 6 6 6 6 6 1 1 8-9 11439 6229804822160900181853 39862621163-9-9-9
2821 10 0 1 681818 682929 1 1 0 2 2 1 6 6 6 6 6 6 6 6 6 6 6 6 1 1 9-9  881411203095724020880181853 3 812316171 6 410
2822 00 0-9 -9-9-9 -9-9-9-9-9-9-9-9-9-9-9-9-9-9-9-9-9-9-9-9-9-9-9-9-9    -912459609644321810181853 4 162116143-9-9-9
2823 00 0-9 -9-9-9 -9-9-9-9-9-9-9-9-9-9-9-9-9-9-9-9-9-9-9-9-9-9-9-9-9    -911203095724020880181853 39812316164-9-9-9
2824 00 0-9 -9-9-9 -9-9-9-9-9-9-9-9-9-9-9-9-9-9-9-9-9-9-9-9-9-9-9-9-9    -9 7468730482680590181853 59814621141 61014
2825 00 0-9 -9-9-9 -9-9-9-9-9-9-9-9-9-9-9-9-9-9-9-9-9-9-9-9-9-9-9-9-9    -912459609644321810181853 4 664821147-9-9-9
2826 40 0 1 681818 682929 6 4 0-9 2 6 6 6 6 6 6 6 6 6 6 6 1 6 1 111-9 13440 7468730482680590181853 3 513921181 6 313
2827 00 0-9 -9-9-9 -9-9-9-9-9-9-9-9-9-9-9-9-9-9-9-9-9-9-9-9-9-9-9-9-9    -9 6229804822160900181853 4 864321191 6 216
2828 10 0 1 681818 68-923 6 2 0-9 1 6 1 6 6 6 6 6 6 6 6 6 6 6 1 6 8-9 10977 9344707233241350181853 3 765721181 6 216
2829 11 0 1 681818 68-928 4 415-9 2 1 1 6 6 6 6 6 6 6 6 6 6 6 1 111-9 37498 6229804822160900181853 2 866621195-9-9-9
2830 00 0-9 -9-9-9 -9-9-9-9-9-9-9-9-9-9-9-9-9-9-9-9-9-9-9-9-9-9-9-9-9    -9 9344707233241350181853 39864826163-9-9-9
2831 10 0 1 681818 681414 4 215-9 2 1 6 6 6 6 6 6 6 6 6 6 6 6 6 1 8-9 13499 3734365241340296181853 1 516116195-9-9-9
2832 00 0-9 -9-9-9 -9-9-9-9-9-9-9-9-9-9-9-9-9-9-9-9-9-9-9-9-9-9-9-9-9    -9 3734365241340296181853 1 414346191 6 216
2833 00 0-9 -9-9-9 -9-9-9-9-9-9-9-9-9-9-9-9-9-9-9-9-9-9-9-9-9-9-9-9-9    -9 9084824223302480181861 3 365921147-9-9-9
2834 00 0-9 -9-9-9 -9-9-9-9-9-9-9-9-9-9-9-9-9-9-9-9-9-9-9-9-9-9-9-9-9    -918152549328942090181861 59811616134-9-9-9
2835 00 0-9 -9-9-9 -9-9-9-9-9-9-9-9-9-9-9-9-9-9-9-9-9-9-9-9-9-9-9-9-9    -9 3630509865788420181861 1 214216136-9-9-9
2836 00 0-9 -9-9-9 -9-9-9-9-9-9-9-9-9-9-9-9-9-9-9-9-9-9-9-9-9-9-9-9-9    -9 6056549482201650181861 4 664121171 6 514
2837 00 0-9 -9-9-9 -9-9-9-9-9-9-9-9-9-9-9-9-9-9-9-9-9-9-9-9-9-9-9-9-9    -9 3028274741100829181861 1 268236125-9-9-9
2838 10 0 1 681818 682929 4 1 0-9 2 1 6 6 6 6 6 6 6 6 6 6 6 6 6 111-9  784515141373705504140181861 69762216161 6 719
2839 00 0-9 -9-9-9 -9-9-9-9-9-9-9-9-9-9-9-9-9-9-9-9-9-9-9-9-9-9-9-9-9    -9 3028274741100829181861 1 267236125-9-9-9
2840 00 0-9 -9-9-9 -9-9-9-9-9-9-9-9-9-9-9-9-9-9-9-9-9-9-9-9-9-9-9-9-9    -9 9084824223302480181861 6 265021127-9-9-9
2841 00 0-9 -9-9-9 -9-9-9-9-9-9-9-9-9-9-9-9-9-9-9-9-9-9-9-9-9-9-9-9-9    -9 6056549482201650181861 2 368121125-9-9-9
2842 00 0-9 -9-9-9 -9-9-9-9-9-9-9-9-9-9-9-9-9-9-9-9-9-9-9-9-9-9-9-9-9    -9 9084824223302480181861 3 366921137-9-9-9
2843 00 0-9 -9-9-9 -9-9-9-9-9-9-9-9-9-9-9-9-9-9-9-9-9-9-9-9-9-9-9-9-9    -9 7468730482680590181863 2 213911141 7 7 9
2844 00 0-9 -9-9-9 -9-9-9-9-9-9-9-9-9-9-9-9-9-9-9-9-9-9-9-9-9-9-9-9-9    -9 6229804822160900181863 29766721125-9-9-9
2845 00 0-9 -9-9-9 -9-9-9-9-9-9-9-9-9-9-9-9-9-9-9-9-9-9-9-9-9-9-9-9-9    -9 7468730482680590181863 59713421143-9-9-9
2846 10 0 1 681818 684141 1 230 5 1 1 6 6 6 6 6 6 6 6 6 6 6 6 6 6 4-9 2037714937460965361180181863 49714621131 1 1 6
2847 00 0-9 -9-9-9 -9-9-9-9-9-9-9-9-9-9-9-9-9-9-9-9-9-9-9-9-9-9-9-9-9    -9 6229804822160900181863 4 364121142 6 7 9
2848 00 0-9 -9-9-9 -9-9-9-9-9-9-9-9-9-9-9-9-9-9-9-9-9-9-9-9-9-9-9-9-9    -9 6229804822160900181863 29762621148-9-9-9
2849 00 0-9 -9-9-9 -9-9-9-9-9-9-9-9-9-9-9-9-9-9-9-9-9-9-9-9-9-9-9-9-9    -9 6229804822160900181863 3 363121191 4 116
2850 00 0-9 -9-9-9 -9-9-9-9-9-9-9-9-9-9-9-9-9-9-9-9-9-9-9-9-9-9-9-9-9    -9 9344707233241350181863 3 364521161 6 817
2851 00 0-9 -9-9-9 -9-9-9-9-9-9-9-9-9-9-9-9-9-9-9-9-9-9-9-9-9-9-9-9-9    -9 3114902411080453181863 3 364346151 9 817
2852 00 0-9 -9-9-9 -9-9-9-9-9-9-9-9-9-9-9-9-9-9-9-9-9-9-9-9-9-9-9-9-9    -9 7468730482680590181863 2 413821171 612 6
2853 00 0-9 -9-9-9 -9-9-9-9-9-9-9-9-9-9-9-9-9-9-9-9-9-9-9-9-9-9-9-9-9    -918689414466482710181853 69763216127-9-9-9
2854 00 0-9 -9-9-9 -9-9-9-9-9-9-9-9-9-9-9-9-9-9-9-9-9-9-9-9-9-9-9-9-9    -9 3114902411080453181853 39762616127-9-9-9
2855 10 0 1 681818 682929 4 110-9 1 6 1 6 6 6 6 6 6 6 6 6 6 6 1 6 8-9  8110 9344707233241350181853 4 364421187-9-9-9
2856 00 0-9 -9-9-9 -9-9-9-9-9-9-9-9-9-9-9-9-9-9-9-9-9-9-9-9-9-9-9-9-9    -9 3734365241340296181853 1 115916125-9-9-9
2857 00 0-9 -9-9-9 -9-9-9-9-9-9-9-9-9-9-9-9-9-9-9-9-9-9-9-9-9-9-9-9-9    -911203095724020880181853 49814421141 415 7
2858 00 0-9 -9-9-9 -9-9-9-9-9-9-9-9-9-9-9-9-9-9-9-9-9-9-9-9-9-9-9-9-9    -911203095724020880181853 39716921135-9-9-9
2859 00 0-9 -9-9-9 -9-9-9-9-9-9-9-9-9-9-9-9-9-9-9-9-9-9-9-9-9-9-9-9-9    -922406191448041770181853 69816221135-9-9-9
2860 00 0-9 -9-9-9 -9-9-9-9-9-9-9-9-9-9-9-9-9-9-9-9-9-9-9-9-9-9-9-9-9    -9 6229804822160900181853 4 764821181 6 611
2861 01 0 1 681818 68-9 3 6 345-9 2 1 6 6 6 6 6 6 6 6 6 6 6 6 1 1 8-9 31198 7468730482680590181853 39814721141 411 6
2862 00 0-9 -9-9-9 -9-9-9-9-9-9-9-9-9-9-9-9-9-9-9-9-9-9-9-9-9-9-9-9-9    -9 3734365241340296181853 1 116316123-9-9-9
2863 00 0-9 -9-9-9 -9-9-9-9-9-9-9-9-9-9-9-9-9-9-9-9-9-9-9-9-9-9-9-9-9    -9 6056549482201650181851 2 563716171 6 7 9
2864 00 0-9 -9-9-9 -9-9-9-9-9-9-9-9-9-9-9-9-9-9-9-9-9-9-9-9-9-9-9-9-9    -9 6056549482201650181851 2 266121157-9-9-9
2865 00 0-9 -9-9-9 -9-9-9-9-9-9-9-9-9-9-9-9-9-9-9-9-9-9-9-9-9-9-9-9-9    -9 7261019731576830181851 2 317021125-9-9-9
2866 03 0 1 681818 68-940 6 530-9 2 1 6 6 6 6 6 6 6 6 6 6 6 6 1 1 8-9 45165 7261019731576830181851 4 313621171 6 914
2867 10 0 1 681818 68 4 4 6 230-9 2 6 1 6 6 6 6 6 6 6 6 6 6 6 1 1 4-9 1056712113098964403310181851 59761816164-9-9-9
2868 00 0-9 -9-9-9 -9-9-9-9-9-9-9-9-9-9-9-9-9-9-9-9-9-9-9-9-9-9-9-9-9    -9 6056549482201650181851 39763721193-9-9-9
2869 11 0 1 681818 68-946 1 5 0 3 2 1 6 6 6 6 6 6 6 6 6 6 6 6 6 1 1-9 3496110891529597365250181851 4 815021151 6 118
2870 00 0-9 -9-9-9 -9-9-9-9-9-9-9-9-9-9-9-9-9-9-9-9-9-9-9-9-9-9-9-9-9    -910891529597365250181851 3 312416141 716 6
2871 00 0-9 -9-9-9 -9-9-9-9-9-9-9-9-9-9-9-9-9-9-9-9-9-9-9-9-9-9-9-9-9    -9 3028274741100829181851 1 266036122 71520
2872 00 0-9 -9-9-9 -9-9-9-9-9-9-9-9-9-9-9-9-9-9-9-9-9-9-9-9-9-9-9-9-9    -918169648446604970181851 79765021181 6 217
2873 00 0-9 -9-9-9 -9-9-9-9-9-9-9-9-9-9-9-9-9-9-9-9-9-9-9-9-9-9-9-9-9    -9 7468730482680590181853 49813211143-9-9-9
2874 00 0-9 -9-9-9 -9-9-9-9-9-9-9-9-9-9-9-9-9-9-9-9-9-9-9-9-9-9-9-9-9    -9 7468730482680590181853 4 114121133-9-9-9
2875 10 0 1 681818 68-923 4 115-9 1 1 6 6 6 6 6 6 6 6 6 6 6 6 1 6 4-9  4102 7468730482680590181853 39813621142 614 8
2876 00 0-9 -9-9-9 -9-9-9-9-9-9-9-9-9-9-9-9-9-9-9-9-9-9-9-9-9-9-9-9-9    -9 7468730482680590181853 39713821183-9-9-9
2877 00 0-9 -9-9-9 -9-9-9-9-9-9-9-9-9-9-9-9-9-9-9-9-9-9-9-9-9-9-9-9-9    -9 6229804822160900181853 2 663621171 6 8 7
2878 00 0-9 -9-9-9 -9-9-9-9-9-9-9-9-9-9-9-9-9-9-9-9-9-9-9-9-9-9-9-9-9    -9 3734365241340296181853 1 313816181 6 318
2879 00 0-9 -9-9-9 -9-9-9-9-9-9-9-9-9-9-9-9-9-9-9-9-9-9-9-9-9-9-9-9-9    -9 6229804822160900181853 49864521167-9-9-9
2880 00 0-9 -9-9-9 -9-9-9-9-9-9-9-9-9-9-9-9-9-9-9-9-9-9-9-9-9-9-9-9-9    -9 7468730482680590181853 39813321181 6 915
2881 01 0 1 681818 68-928 1 420 5 1 1 6 6 6 6 6 6 6 6 6 6 6 6 1 6 9-9 37075 3734365241340296181853 19812516131 611 6
2882 00 0-9 -9-9-9 -9-9-9-9-9-9-9-9-9-9-9-9-9-9-9-9-9-9-9-9-9-9-9-9-9    -9 6229804822160900181853 4 664321152 6 7 7
2883 00 0-9 -9-9-9 -9-9-9-9-9-9-9-9-9-9-9-9-9-9-9-9-9-9-9-9-9-9-9-9-9    -9 6056549482201650181851 4 464321162 7 614
2884 00 0-9 -9-9-9 -9-9-9-9-9-9-9-9-9-9-9-9-9-9-9-9-9-9-9-9-9-9-9-9-9    -9 6056549482201650181851 3 663221161 6 817
2885 00 0-9 -9-9-9 -9-9-9-9-9-9-9-9-9-9-9-9-9-9-9-9-9-9-9-9-9-9-9-9-9    -910891529597365250181851 4 413821141 614 8
2886 00 0-9 -9-9-9 -9-9-9-9-9-9-9-9-9-9-9-9-9-9-9-9-9-9-9-9-9-9-9-9-9    -9 6056549482201650181851 49862821162 71517
2887 00 0-9 -9-9-9 -9-9-9-9-9-9-9-9-9-9-9-9-9-9-9-9-9-9-9-9-9-9-9-9-9    -9 6056549482201650181851 29762911131 6 7 7
2888 10 0 1 681818 68 4 4 1 145 4 1 1 6 6 6 6 6 6 6 6 6 6 6 6 6 6 9-9 11424 7261019731576830181851 3 313421151 111 3
2889 40 0 1 681818 682323 4 115-9 1 1 6 6 6 6 6 6 6 6 6 6 6 6 1 6 8-9  8798 7261019731576830181851 4 613821171 6 616
2890 00 0-9 -9-9-9 -9-9-9-9-9-9-9-9-9-9-9-9-9-9-9-9-9-9-9-9-9-9-9-9-9    -9 7261019731576830181851 3 313411141 6 915
2891 00 0-9 -9-9-9 -9-9-9-9-9-9-9-9-9-9-9-9-9-9-9-9-9-9-9-9-9-9-9-9-9    -9 3028274741100829181851 29863546181 6 216
2892 10 0 1 681818 681414 4 210-9 2 6 1 6 6 6 6 6 6 6 6 6 6 6 1 1 8-9 12783 6056549482201650181851 3 264721183-9-9-9
2893 00 0-9 -9-9-9 -9-9-9-9-9-9-9-9-9-9-9-9-9-9-9-9-9-9-9-9-9-9-9-9-9    -9 6056549482201650181861 2 266921117-9-9-9
2894 00 1 2 -1-1-1220-9-9 4 215-9 2 6 6 6 6 6 6 6 6 6 1 6 6 6 1 1-9 1    -114522039463153670181861 49714921241 1 7 9
2895 00 0-9 -9-9-9 -9-9-9-9-9-9-9-9-9-9-9-9-9-9-9-9-9-9-9-9-9-9-9-9-9    -9 6056549482201650181861 2 267821125-9-9-9
2896 00 0-9 -9-9-9 -9-9-9-9-9-9-9-9-9-9-9-9-9-9-9-9-9-9-9-9-9-9-9-9-9    -9 9084824223302480181861 3 466621145-9-9-9
2897 00 0-9 -9-9-9 -9-9-9-9-9-9-9-9-9-9-9-9-9-9-9-9-9-9-9-9-9-9-9-9-9    -9 7261019731576830181861 2 217621115-9-9-9
2898 10 0 1 681818 684141 1 230 3 1 1 6 6 6 6 6 6 6 6 6 6 6 6 6 6 8-9 20388 7261019731576830181861 3 613621181 6 4 3
2899 10 0 1 681818 682929 3 130-9 1 6 1 6 6 6 6 6 6 6 6 6 6 6 1 6 8-9  8152 6056549482201650181861 4 463221183-9-9-9
2900 10 0 1 681818 68-923 6 1 0-9 2 1 6 6 6 6 6 6 6 6 6 6 6 6 1 1 8-9  3966 7261019731576830181861 6 114221133-9-9-9
2901 10 0 1 681818 682323 1 1 0 3 1 1 6 6 6 6 6 6 6 6 6 6 6 6 1 6 2-9  6770 6056549482201650181861 2 863321191 6 111
2902 00 0-9 -9-9-9 -9-9-9-9-9-9-9-9-9-9-9-9-9-9-9-9-9-9-9-9-9-9-9-9-9    -9 6056549482201650181861 4 363821152 71520
2903 11 0 1 681818 68-929 4 2 0-9 2 1 6 6 6 6 6 6 6 6 6 6 6 6 1 1 2-9 10093 7468730482680590181863 4 214021193-9-9-9
2904 00 0-9 -9-9-9 -9-9-9-9-9-9-9-9-9-9-9-9-9-9-9-9-9-9-9-9-9-9-9-9-9    -9 9344707233241350181863 49761816144-9-9-9
2905 00 0-9 -9-9-9 -9-9-9-9-9-9-9-9-9-9-9-9-9-9-9-9-9-9-9-9-9-9-9-9-9    -9 6229804822160900181863 4 464121167-9-9-9
2906 00 0-9 -9-9-9 -9-9-9-9-9-9-9-9-9-9-9-9-9-9-9-9-9-9-9-9-9-9-9-9-9    -9 6229804822160900181863 2 762521182 7 216
2907 00 0-9 -9-9-9 -9-9-9-9-9-9-9-9-9-9-9-9-9-9-9-9-9-9-9-9-9-9-9-9-9    -914937460965361180181863 4 315821131 716 6
2908 00 0-9 -9-9-9 -9-9-9-9-9-9-9-9-9-9-9-9-9-9-9-9-9-9-9-9-9-9-9-9-9    -911203095724020880181863 3 215421143-9-9-9
2909 00 0-9 -9-9-9 -9-9-9-9-9-9-9-9-9-9-9-9-9-9-9-9-9-9-9-9-9-9-9-9-9    -918671826206701470181863 59711816143-9-9-9
2910 10 0 1 681818 682929 3 130-9 1 6 1 6 6 6 6 6 6 6 6 6 6 6 1 6 2-9  8249 9344707233241350181863 3 365021142 91520
2911 00 0-9 -9-9-9 -9-9-9-9-9-9-9-9-9-9-9-9-9-9-9-9-9-9-9-9-9-9-9-9-9    -911203095724020880181863 3 313026153-9-9-9
2912 00 0-9 -9-9-9 -9-9-9-9-9-9-9-9-9-9-9-9-9-9-9-9-9-9-9-9-9-9-9-9-9    -9 6229804822160900181863 2 563521172 6 7 7
2913 00 0-9 -9-9-9 -9-9-9-9-9-9-9-9-9-9-9-9-9-9-9-9-9-9-9-9-9-9-9-9-9    -9 8517915292007690212153 59711916154-9-9-9
2914 00 0-9 -9-9-9 -9-9-9-9-9-9-9-9-9-9-9-9-9-9-9-9-9-9-9-9-9-9-9-9-9    -9 2474651221239499212153 1 268436127-9-9-9
2915 10 0 1 682121 684141 6 115-9 1 1 6 6 6 6 6 6 6 6 6 6 6 6 1 6 8-9  9410 8517915292007690212153 3 612716131 7 7 9
2916 10 0 1 682121 68-941 2 130 5 2 1 6 6 6 6 6 6 6 6 6 6 6 6 6 1 5-9 12029 8517915292007690212153 49712116184-9-9-9
2917 00 0-9 -9-9-9 -9-9-9-9-9-9-9-9-9-9-9-9-9-9-9-9-9-9-9-9-9-9-9-9-9    -9 2474651221239499212153 1 267936135-9-9-9
2918 00 0-9 -9-9-9 -9-9-9-9-9-9-9-9-9-9-9-9-9-9-9-9-9-9-9-9-9-9-9-9-9    -9 7423953663718490212153 3 265721147-9-9-9
2919 00 0-9 -9-9-9 -9-9-9-9-9-9-9-9-9-9-9-9-9-9-9-9-9-9-9-9-9-9-9-9-9    -9 9898604884957990212153 4 266221147-9-9-9
2920 00 0-9 -9-9-9 -9-9-9-9-9-9-9-9-9-9-9-9-9-9-9-9-9-9-9-9-9-9-9-9-9    -9 8517915292007690212153 4 217321125-9-9-9
2921 11 1 1 682121 68-923 6 4 0-9 2 1 1 6 6 6 6 6 6 6 6 6 6 6 1 111-9 32635 5678610194671790212153 3 213511183-9-9-9
2922 00 0-9 -9-9-9 -9-9-9-9-9-9-9-9-9-9-9-9-9-9-9-9-9-9-9-9-9-9-9-9-9    -9 5874638232882400212152 4 861916154-9-9-9
2923 01 0 1 682121 68-9 6 6 2 0-9 1 6 1 6 6 6 6 6 6 6 6 6 6 6 1 6 8-9 17649 9791063721470670212152 59765321181 6 217
2924 00 0-9 -9-9-9 -9-9-9-9-9-9-9-9-9-9-9-9-9-9-9-9-9-9-9-9-9-9-9-9-9    -9 4493532970482676212152 2 217821155-9-9-9
2925 10 0 1 682121 684141 5 1 0-9 1 6 1 6 6 6 6 6 6 6 6 6 6 6 1 6 8-9  9246 5874638232882400212152 3 565921157-9-9-9
2926 10 0 1 682121 684141 1 3 0 3 1 1 6 6 6 6 6 6 6 6 6 6 6 6 6 611-9  9213 6740299455724010212152 4 814821191 2 117
2927 00 0-9 -9-9-9 -9-9-9-9-9-9-9-9-9-9-9-9-9-9-9-9-9-9-9-9-9-9-9-9-9    -9 5874638232882400212152 39768536135-9-9-9
2928 00 0-9 -9-9-9 -9-9-9-9-9-9-9-9-9-9-9-9-9-9-9-9-9-9-9-9-9-9-9-9-9    -9 2246766485241338212152 1 214616126-9-9-9
2929 00 0-9 -9-9-9 -9-9-9-9-9-9-9-9-9-9-9-9-9-9-9-9-9-9-9-9-9-9-9-9-9    -9 7832850977176530212152 4 865021198-9-9-9
2930 00 0-9 -9-9-9 -9-9-9-9-9-9-9-9-9-9-9-9-9-9-9-9-9-9-9-9-9-9-9-9-9    -9 5874638232882400212152 69761716144-9-9-9
2931 00 0-9 -9-9-9 -9-9-9-9-9-9-9-9-9-9-9-9-9-9-9-9-9-9-9-9-9-9-9-9-9    -9 4493532970482676212152 3 213721148-9-9-9
2932 10 0 1 682121 684141 4 115-9 1 1 6 6 6 6 6 6 6 6 6 6 6 6 1 6 5-9  5134 4493532970482676212152 2 313441171 7 611
2933 00 0-9 -9-9-9 -9-9-9-9-9-9-9-9-9-9-9-9-9-9-9-9-9-9-9-9-9-9-9-9-9    -9 4493532970482676212152 3 313321141 61015
2934 00 0-9 -9-9-9 -9-9-9-9-9-9-9-9-9-9-9-9-9-9-9-9-9-9-9-9-9-9-9-9-9    -9 3916425488588269212152 3 364621133-9-9-9
2935 00 0-9 -9-9-9 -9-9-9-9-9-9-9-9-9-9-9-9-9-9-9-9-9-9-9-9-9-9-9-9-9    -9 3916425488588269212152 4 364121148-9-9-9
2936 00 0-9 -9-9-9 -9-9-9-9-9-9-9-9-9-9-9-9-9-9-9-9-9-9-9-9-9-9-9-9-9    -9 1958212744294135212152 1 167936125-9-9-9
2937 10 0 1 682121 684141 6 050-9 1 1 6 6 6 6 6 6 6 6 6 6 6 6 1 6 5-9  5104 8987065940965350212152 49712416163-9-9-9
2938 00 0-9 -9-9-9 -9-9-9-9-9-9-9-9-9-9-9-9-9-9-9-9-9-9-9-9-9-9-9-9-9    -9 4493532970482676212152 4 314621151 111 3
2939 00 0-9 -9-9-9 -9-9-9-9-9-9-9-9-9-9-9-9-9-9-9-9-9-9-9-9-9-9-9-9-9    -9 3916425488588269212152 3 362721162 7 514
2940 01 0 1 682121 68-915 410 0-9 2 6 6 6 6 6 1 6 6 6 6 6 6 6 1 1-9 7 67265 3916425488588269212152 39865721142 7 7 9
2941 00 0-9 -9-9-9 -9-9-9-9-9-9-9-9-9-9-9-9-9-9-9-9-9-9-9-9-9-9-9-9-9    -911357220389343590212153 49714816133-9-9-9
2942 00 0-9 -9-9-9 -9-9-9-9-9-9-9-9-9-9-9-9-9-9-9-9-9-9-9-9-9-9-9-9-9    -911357220389343590212153 4 311916134-9-9-9
2943 00 0-9 -9-9-9 -9-9-9-9-9-9-9-9-9-9-9-9-9-9-9-9-9-9-9-9-9-9-9-9-9    -9 5678610194671790212153 2 217121125-9-9-9
2944 00 0-9 -9-9-9 -9-9-9-9-9-9-9-9-9-9-9-9-9-9-9-9-9-9-9-9-9-9-9-9-9    -9 5678610194671790212153 2 217021145-9-9-9
2945 00 0-9 -9-9-9 -9-9-9-9-9-9-9-9-9-9-9-9-9-9-9-9-9-9-9-9-9-9-9-9-9    -9 8517915292007690212153 4 114521123-9-9-9
2946 00 0-9 -9-9-9 -9-9-9-9-9-9-9-9-9-9-9-9-9-9-9-9-9-9-9-9-9-9-9-9-9    -9 4949302442478990212153 5 263321173-9-9-9
2947 00 0-9 -9-9-9 -9-9-9-9-9-9-9-9-9-9-9-9-9-9-9-9-9-9-9-9-9-9-9-9-9    -912373256106197490212153 7 266021126-9-9-9
2948 10 0 1 682121 684141 1 2 0 2 1 1 6 6 6 6 6 6 6 6 6 6 6 6 1 6 5-9  5264 8517915292007690212153 3 312716141 4 7 7
2949 00 0-9 -9-9-9 -9-9-9-9-9-9-9-9-9-9-9-9-9-9-9-9-9-9-9-9-9-9-9-9-9    -9 7423953663718490212153 4 264746141 716 3
2950 00 0-9 -9-9-9 -9-9-9-9-9-9-9-9-9-9-9-9-9-9-9-9-9-9-9-9-9-9-9-9-9    -9 9898604884957990212153 5 364921127-9-9-9
2951 10 0 1 682121 684141 1 050 3 1 1 6 6 6 6 6 6 6 6 6 6 6 6 6 6 5-9  504911357220389343590212153 49813516191 5 313
2952 10 0 1 682121 684141 5 130-9 1 1 6 6 6 6 6 6 6 6 6 6 6 6 1 6 1-9  5094 4949302442478990212153 2 463121141 7 7 9
2953 10 0 1 682121 684141 5 045-9 1 1 6 6 6 6 6 6 6 6 6 6 6 6 1 6 8-9  5077 5678610194671790212153 4 413421171 6 915
2954 00 0-9 -9-9-9 -9-9-9-9-9-9-9-9-9-9-9-9-9-9-9-9-9-9-9-9-9-9-9-9-9    -9 4949302442478990212153 3 263221143-9-9-9
2955 00 0-9 -9-9-9 -9-9-9-9-9-9-9-9-9-9-9-9-9-9-9-9-9-9-9-9-9-9-9-9-9    -9 2474651221239499212153 19766636126-9-9-9
2956 12 0 2 -1-1-1 684141 1 3 0 2 1 6 6 6 6 6 6 6 6 6 6 6 1 6 1 1 9-9    -1 5678610194671790212153 4 214021141 614 8
2957 00 0-9 -9-9-9 -9-9-9-9-9-9-9-9-9-9-9-9-9-9-9-9-9-9-9-9-9-9-9-9-9    -911357220389343590212153 4 314221251 611 6
2958 00 0-9 -9-9-9 -9-9-9-9-9-9-9-9-9-9-9-9-9-9-9-9-9-9-9-9-9-9-9-9-9    -9 4949302442478990212153 4 264321147-9-9-9
2959 00 0-9 -9-9-9 -9-9-9-9-9-9-9-9-9-9-9-9-9-9-9-9-9-9-9-9-9-9-9-9-9    -9 5678610194671790212153 2 415121123-9-9-9
2960 00 0-9 -9-9-9 -9-9-9-9-9-9-9-9-9-9-9-9-9-9-9-9-9-9-9-9-9-9-9-9-9    -9 5678610194671790212153 4 214221133-9-9-9
2961 00 0-9 -9-9-9 -9-9-9-9-9-9-9-9-9-9-9-9-9-9-9-9-9-9-9-9-9-9-9-9-9    -9 5678610194671790212153 2 416321125-9-9-9
2962 10 0 1 682121 681414 6 230-9 1 1 6 6 6 6 6 6 6 6 6 6 6 6 1 611-9 15496 5678610194671790212153 5 413521151 6 914
2963 00 0-9 -9-9-9 -9-9-9-9-9-9-9-9-9-9-9-9-9-9-9-9-9-9-9-9-9-9-9-9-9    -9 4949302442478990212153 29766321127-9-9-9
2964 00 0-9 -9-9-9 -9-9-9-9-9-9-9-9-9-9-9-9-9-9-9-9-9-9-9-9-9-9-9-9-9    -9 5678610194671790212153 39714511253-9-9-9
2965 00 0-9 -9-9-9 -9-9-9-9-9-9-9-9-9-9-9-9-9-9-9-9-9-9-9-9-9-9-9-9-9    -9 5678610194671790212153 3 114021143-9-9-9
2966 00 0-9 -9-9-9 -9-9-9-9-9-9-9-9-9-9-9-9-9-9-9-9-9-9-9-9-9-9-9-9-9    -9 5678610194671790212153 2 216821125-9-9-9
2967 00 0-9 -9-9-9 -9-9-9-9-9-9-9-9-9-9-9-9-9-9-9-9-9-9-9-9-9-9-9-9-9    -9 7423953663718490212153 3 366221128-9-9-9
2968 00 0-9 -9-9-9 -9-9-9-9-9-9-9-9-9-9-9-9-9-9-9-9-9-9-9-9-9-9-9-9-9    -9 7423953663718490212153 6 663111258-9-9-9
2969 10 0 1 682121 684141 3 050-9 1 6 1 6 6 6 6 6 6 6 6 6 6 6 1 6 1-9  5108 7423953663718490212153 49863821147-9-9-9
2970 00 0-9 -9-9-9 -9-9-9-9-9-9-9-9-9-9-9-9-9-9-9-9-9-9-9-9-9-9-9-9-9    -9 5678610194671790212153 2 214816132 710 3
2971 00 0-9 -9-9-9 -9-9-9-9-9-9-9-9-9-9-9-9-9-9-9-9-9-9-9-9-9-9-9-9-9    -9 7423953663718490212153 3 266746125-9-9-9
2972 00 0-9 -9-9-9 -9-9-9-9-9-9-9-9-9-9-9-9-9-9-9-9-9-9-9-9-9-9-9-9-9    -9 2474651221239499212153 1 268636135-9-9-9
2973 00 0-9 -9-9-9 -9-9-9-9-9-9-9-9-9-9-9-9-9-9-9-9-9-9-9-9-9-9-9-9-9    -9 4949302442478990212153 3 664421181 6 216
2974 00 0-9 -9-9-9 -9-9-9-9-9-9-9-9-9-9-9-9-9-9-9-9-9-9-9-9-9-9-9-9-9    -9 5678610194671790212153 2 217421135-9-9-9
2975 00 0-9 -9-9-9 -9-9-9-9-9-9-9-9-9-9-9-9-9-9-9-9-9-9-9-9-9-9-9-9-9    -9 2474651221239499212153 1 167936125-9-9-9
2976 00 0-9 -9-9-9 -9-9-9-9-9-9-9-9-9-9-9-9-9-9-9-9-9-9-9-9-9-9-9-9-9    -9 8517915292007690212153 3 117121176-9-9-9
2977 00 0-9 -9-9-9 -9-9-9-9-9-9-9-9-9-9-9-9-9-9-9-9-9-9-9-9-9-9-9-9-9    -9 2474651221239499212153 1 267136137-9-9-9
2978 00 0-9 -9-9-9 -9-9-9-9-9-9-9-9-9-9-9-9-9-9-9-9-9-9-9-9-9-9-9-9-9    -9 7423953663718490212153 3 365016126-9-9-9
2979 30 2 1 682121187-9-9 3 020-9 1 1 6 6 6 6 6 6 6 6 6 6 6 6 1 6 8-9 28385 8517915292007690212153 4 414621141 616 8
2980 00 0-9 -9-9-9 -9-9-9-9-9-9-9-9-9-9-9-9-9-9-9-9-9-9-9-9-9-9-9-9-9    -9 5678610194671790212153 2 317321145-9-9-9
2981 00 0-9 -9-9-9 -9-9-9-9-9-9-9-9-9-9-9-9-9-9-9-9-9-9-9-9-9-9-9-9-9    -9 1958212744294135212152 1 267436127-9-9-9
2982 00 0-9 -9-9-9 -9-9-9-9-9-9-9-9-9-9-9-9-9-9-9-9-9-9-9-9-9-9-9-9-9    -9 8987065940965350212152 4 215416143-9-9-9
2983 01 0 1 682121 68-915 110 0 5 2 1 6 6 6 6 6 6 6 6 6 6 6 6 6 1 8-9 66263 4493532970482676212152 2 812916191 9 310
2984 00 1 1 682121187-9-9 6 030-9 1 6 1 6 6 6 6 6 6 6 6 6 6 6 1 6 1-9 28283 3916425488588269212152 4 363221142 7 415
2985 00 1 1 682121187-9-9 6 1 0-9 1 6 1 6 6 6 6 6 6 6 6 6 6 6 1 6 8-9 28311 3916425488588269212152 3 563421182 6 6 8
2986 00 0-9 -9-9-9 -9-9-9-9-9-9-9-9-9-9-9-9-9-9-9-9-9-9-9-9-9-9-9-9-9    -9 4493532970482676212152 4 414321151 716 6
2987 10 1 1 682121 68-941 6 2 0-9 1 6 1 6 6 6 6 6 6 6 6 6 6 6 1 6 8-9 15462 1958212744294135212152 3 164046143-9-9-9
2988 00 0-9 -9-9-9 -9-9-9-9-9-9-9-9-9-9-9-9-9-9-9-9-9-9-9-9-9-9-9-9-9    -9 4493532970482676212152 2 215921133-9-9-9
2989 00 0-9 -9-9-9 -9-9-9-9-9-9-9-9-9-9-9-9-9-9-9-9-9-9-9-9-9-9-9-9-9    -9 4949302442478990212153 4 263911182 6 7 9
2990 00 0-9 -9-9-9 -9-9-9-9-9-9-9-9-9-9-9-9-9-9-9-9-9-9-9-9-9-9-9-9-9    -9 8517915292007690212153 3 218021125-9-9-9
2991 10 1 1 682121 68-911 8 3 0-9 2 6 6 6 6 6 6 1 6 6 6 6 6 6 6 1-9 4 16357 2839305097335898212153 1 114846133-9-9-9
2992 00 0-9 -9-9-9 -9-9-9-9-9-9-9-9-9-9-9-9-9-9-9-9-9-9-9-9-9-9-9-9-9    -9 8517915292007690212153 3 617821195-9-9-9
2993 00 0-9 -9-9-9 -9-9-9-9-9-9-9-9-9-9-9-9-9-9-9-9-9-9-9-9-9-9-9-9-9    -9 4949302442478990212153 2 466721145-9-9-9
2994 00 0-9 -9-9-9 -9-9-9-9-9-9-9-9-9-9-9-9-9-9-9-9-9-9-9-9-9-9-9-9-9    -9 7423953663718490212153 4 261716134-9-9-9
2995 00 0-9 -9-9-9 -9-9-9-9-9-9-9-9-9-9-9-9-9-9-9-9-9-9-9-9-9-9-9-9-9    -9 8517915292007690212153 3 316221145-9-9-9
2996 00 0-9 -9-9-9 -9-9-9-9-9-9-9-9-9-9-9-9-9-9-9-9-9-9-9-9-9-9-9-9-9    -9 4949302442478990212153 2 463821163-9-9-9
2997 00 0-9 -9-9-9 -9-9-9-9-9-9-9-9-9-9-9-9-9-9-9-9-9-9-9-9-9-9-9-9-9    -9 2839305097335898212153 1 113316143-9-9-9
2998 00 0-9 -9-9-9 -9-9-9-9-9-9-9-9-9-9-9-9-9-9-9-9-9-9-9-9-9-9-9-9-9    -9 4949302442478990212153 3 162016133-9-9-9
2999 00 0-9 -9-9-9 -9-9-9-9-9-9-9-9-9-9-9-9-9-9-9-9-9-9-9-9-9-9-9-9-9    -9 2474651221239499212153 19866836127-9-9-9
3000 00 0-9 -9-9-9 -9-9-9-9-9-9-9-9-9-9-9-9-9-9-9-9-9-9-9-9-9-9-9-9-9    -9 2474651221239499212153 39763646142 615 9
3001 00 0-9 -9-9-9 -9-9-9-9-9-9-9-9-9-9-9-9-9-9-9-9-9-9-9-9-9-9-9-9-9    -9 4949302442478990212153 2 267121147-9-9-9
3002 00 0-9 -9-9-9 -9-9-9-9-9-9-9-9-9-9-9-9-9-9-9-9-9-9-9-9-9-9-9-9-9    -9 4949302442478990212153 2 268021127-9-9-9
3003 11 1 1 682121187-9-9 6 030-9 1 6 1 6 6 6 6 6 6 6 6 6 6 6 1 6 8-9 28431 2474651221239499212153 1 268136127-9-9-9
3004 00 0-9 -9-9-9 -9-9-9-9-9-9-9-9-9-9-9-9-9-9-9-9-9-9-9-9-9-9-9-9-9    -9 8517915292007690212153 3 215046143-9-9-9
3005 00 0-9 -9-9-9 -9-9-9-9-9-9-9-9-9-9-9-9-9-9-9-9-9-9-9-9-9-9-9-9-9    -9 7423953663718490212153 3 365221146-9-9-9
3006 00 0-9 -9-9-9 -9-9-9-9-9-9-9-9-9-9-9-9-9-9-9-9-9-9-9-9-9-9-9-9-9    -911357220389343590212153 69718221135-9-9-9
3007 00 0-9 -9-9-9 -9-9-9-9-9-9-9-9-9-9-9-9-9-9-9-9-9-9-9-9-9-9-9-9-9    -911357220389343590212153 4 418136125-9-9-9
3008 00 0-9 -9-9-9 -9-9-9-9-9-9-9-9-9-9-9-9-9-9-9-9-9-9-9-9-9-9-9-9-9    -917035830584015390212153 6 311616144-9-9-9
3009 10 0 1 682121 68-941 3 1 0-9 1 1 6 6 6 6 6 6 6 6 6 6 6 6 6 6 8-9  7636 2839305097335898212153 1 113016162 7 1 7
3010 00 0-9 -9-9-9 -9-9-9-9-9-9-9-9-9-9-9-9-9-9-9-9-9-9-9-9-9-9-9-9-9    -911357220389343590212153 5 315341143-9-9-9
3011 00 0-9 -9-9-9 -9-9-9-9-9-9-9-9-9-9-9-9-9-9-9-9-9-9-9-9-9-9-9-9-9    -9 5678610194671790212153 29717921125-9-9-9
3012 00 0-9 -9-9-9 -9-9-9-9-9-9-9-9-9-9-9-9-9-9-9-9-9-9-9-9-9-9-9-9-9    -9 8517915292007690212153 3 215721143-9-9-9
3013 00 0-9 -9-9-9 -9-9-9-9-9-9-9-9-9-9-9-9-9-9-9-9-9-9-9-9-9-9-9-9-9    -9 7423953663718490212153 59766136136-9-9-9
3014 00 0-9 -9-9-9 -9-9-9-9-9-9-9-9-9-9-9-9-9-9-9-9-9-9-9-9-9-9-9-9-9    -9 3057096500096252212161 1 214616241 1 610
3015 00 0-9 -9-9-9 -9-9-9-9-9-9-9-9-9-9-9-9-9-9-9-9-9-9-9-9-9-9-9-9-9    -9 6114193000192500212161 2 416931135-9-9-9
3016 01 0 1 682121 68-934 6 730-9 2 6 6 6 6 6 6 1 6 6 6 6 6 6 1 1-912 59006 2664471526680458212161 1 267636235-9-9-9
3017 00 0-9 -9-9-9 -9-9-9-9-9-9-9-9-9-9-9-9-9-9-9-9-9-9-9-9-9-9-9-9-9    -9 5328943053360910212161 3 663621181 7 5 7
3018 00 0-9 -9-9-9 -9-9-9-9-9-9-9-9-9-9-9-9-9-9-9-9-9-9-9-9-9-9-9-9-9    -9 6114193000192500212161 3 214111143-9-9-9
3019 00 1 2 682121154-9-9 424 0-9 2 6 1 6 6 6 6 6 6 1 6 6 6 6 1 1-9-9 60313 7993414580041370212161 59761916228-9-9-9
3020 00 0-9 -9-9-9 -9-9-9-9-9-9-9-9-9-9-9-9-9-9-9-9-9-9-9-9-9-9-9-9-9    -9 3057096500096252212161 1 217116135-9-9-9
3021 00 0-9 -9-9-9 -9-9-9-9-9-9-9-9-9-9-9-9-9-9-9-9-9-9-9-9-9-9-9-9-9    -9 7993414580041370212161 4 464721147-9-9-9
3022 01 0 1 682121 68-9 81010 0-9 2 6 6 6 6 6 1 6 6 6 6 6 6 6 6 1-9 3 89090 9171289500288750212161 49813226243-9-9-9
3023 00 0-9 -9-9-9 -9-9-9-9-9-9-9-9-9-9-9-9-9-9-9-9-9-9-9-9-9-9-9-9-9    -912228386000385000212161 5 514521141 4 1 8
3024 00 1 1 682121187-9-9 3 025-9 1 1 6 6 6 6 6 6 6 6 6 6 6 6 6 6 1-9 28525 8517915292007690212153 39815321158-9-9-9
3025 00 0-9 -9-9-9 -9-9-9-9-9-9-9-9-9-9-9-9-9-9-9-9-9-9-9-9-9-9-9-9-9    -9 4949302442478990212153 4 463521161 6 817
3026 00 0-9 -9-9-9 -9-9-9-9-9-9-9-9-9-9-9-9-9-9-9-9-9-9-9-9-9-9-9-9-9    -9 9898604884957990212153 4 161816143-9-9-9
3027 00 0-9 -9-9-9 -9-9-9-9-9-9-9-9-9-9-9-9-9-9-9-9-9-9-9-9-9-9-9-9-9    -9 5678610194671790212153 2 417221185-9-9-9
3028 10 0 1 682121 684141 5 130-9 1 6 6 6 6 6 1 6 6 6 6 6 6 6 6 6-912 10597 5678610194671790212153 3 314321145-9-9-9
3029 01 0 1 682121 68-928 4 530-9 2 6 1 6 6 6 6 6 6 6 6 6 6 6 1 1 4-9 46480 5678610194671790212153 2 217721125-9-9-9
3030 00 0-9 -9-9-9 -9-9-9-9-9-9-9-9-9-9-9-9-9-9-9-9-9-9-9-9-9-9-9-9-9    -9 4949302442478990212153 4 865121191 6 215
3031 00 0-9 -9-9-9 -9-9-9-9-9-9-9-9-9-9-9-9-9-9-9-9-9-9-9-9-9-9-9-9-9    -9 4949302442478990212153 2 166536135-9-9-9
3032 00 0-9 -9-9-9 -9-9-9-9-9-9-9-9-9-9-9-9-9-9-9-9-9-9-9-9-9-9-9-9-9    -9 2474651221239499212153 19867836147-9-9-9
3033 00 0-9 -9-9-9 -9-9-9-9-9-9-9-9-9-9-9-9-9-9-9-9-9-9-9-9-9-9-9-9-9    -9 5678610194671790212153 4 814421171 6 410
3034 00 0-9 -9-9-9 -9-9-9-9-9-9-9-9-9-9-9-9-9-9-9-9-9-9-9-9-9-9-9-9-9    -9 5678610194671790212153 4 414321171 6 4 1
3035 00 0-9 -9-9-9 -9-9-9-9-9-9-9-9-9-9-9-9-9-9-9-9-9-9-9-9-9-9-9-9-9    -9 9898604884957990212153 49764421127-9-9-9
3036 00 0-9 -9-9-9 -9-9-9-9-9-9-9-9-9-9-9-9-9-9-9-9-9-9-9-9-9-9-9-9-9    -9 7423953663718490212153 49761616144-9-9-9
3037 00 0-9 -9-9-9 -9-9-9-9-9-9-9-9-9-9-9-9-9-9-9-9-9-9-9-9-9-9-9-9-9    -9 8517915292007690212153 3 217021125-9-9-9
3038 00 0-9 -9-9-9 -9-9-9-9-9-9-9-9-9-9-9-9-9-9-9-9-9-9-9-9-9-9-9-9-9    -9 5678610194671790212153 29717721125-9-9-9
3039 00 0-9 -9-9-9 -9-9-9-9-9-9-9-9-9-9-9-9-9-9-9-9-9-9-9-9-9-9-9-9-9    -9 4949302442478990212153 2 266221127-9-9-9
3040 00 0-9 -9-9-9 -9-9-9-9-9-9-9-9-9-9-9-9-9-9-9-9-9-9-9-9-9-9-9-9-9    -9 7423953663718490212153 3 264221252 7 7 9
3041 00 0-9 -9-9-9 -9-9-9-9-9-9-9-9-9-9-9-9-9-9-9-9-9-9-9-9-9-9-9-9-9    -9 9898604884957990212153 49763116154-9-9-9
3042 00 0-9 -9-9-9 -9-9-9-9-9-9-9-9-9-9-9-9-9-9-9-9-9-9-9-9-9-9-9-9-9    -9 7423953663718490212153 3 267121127-9-9-9
3043 00 0-9 -9-9-9 -9-9-9-9-9-9-9-9-9-9-9-9-9-9-9-9-9-9-9-9-9-9-9-9-9    -9 4949302442478990212153 2 367121126-9-9-9
3044 00 0-9 -9-9-9 -9-9-9-9-9-9-9-9-9-9-9-9-9-9-9-9-9-9-9-9-9-9-9-9-9    -9 4949302442478990212153 4 563021143-9-9-9
3045 00 0-9 -9-9-9 -9-9-9-9-9-9-9-9-9-9-9-9-9-9-9-9-9-9-9-9-9-9-9-9-9    -9 2474651221239499212153 1 266736127-9-9-9
3046 00 0-9 -9-9-9 -9-9-9-9-9-9-9-9-9-9-9-9-9-9-9-9-9-9-9-9-9-9-9-9-9    -9 4949302442478990212153 2 267021127-9-9-9
3047 00 0-9 -9-9-9 -9-9-9-9-9-9-9-9-9-9-9-9-9-9-9-9-9-9-9-9-9-9-9-9-9    -9 8517915292007690212153 4 311616144-9-9-9
3048 00 0-9 -9-9-9 -9-9-9-9-9-9-9-9-9-9-9-9-9-9-9-9-9-9-9-9-9-9-9-9-9    -9 2839305097335898212153 1 316116141 6 615
3049 00 0-9 -9-9-9 -9-9-9-9-9-9-9-9-9-9-9-9-9-9-9-9-9-9-9-9-9-9-9-9-9    -9 5678610194671790212153 3 415321138-9-9-9
3050 00 0-9 -9-9-9 -9-9-9-9-9-9-9-9-9-9-9-9-9-9-9-9-9-9-9-9-9-9-9-9-9    -9 4949302442478990212153 2 464311151 6 5 8
3051 00 0-9 -9-9-9 -9-9-9-9-9-9-9-9-9-9-9-9-9-9-9-9-9-9-9-9-9-9-9-9-9    -9 5678610194671790212153 2 217021145-9-9-9
3052 00 0-9 -9-9-9 -9-9-9-9-9-9-9-9-9-9-9-9-9-9-9-9-9-9-9-9-9-9-9-9-9    -9 5678610194671790212153 4 314521161 711 9
3053 00 0-9 -9-9-9 -9-9-9-9-9-9-9-9-9-9-9-9-9-9-9-9-9-9-9-9-9-9-9-9-9    -9 2474651221239499212153 1 168216146-9-9-9
3054 00 0-9 -9-9-9 -9-9-9-9-9-9-9-9-9-9-9-9-9-9-9-9-9-9-9-9-9-9-9-9-9    -9 4949302442478990212153 3 264446141 716 1
3055 00 0-9 -9-9-9 -9-9-9-9-9-9-9-9-9-9-9-9-9-9-9-9-9-9-9-9-9-9-9-9-9    -9 8517915292007690212153 4 215121141 716 1
3056 10 0 1 682121 684141 7 130-9 1 6 1 6 6 6 6 6 6 6 6 6 6 6 1 611-9  8906 4949302442478990212153 2 266836127-9-9-9
3057 00 0-9 -9-9-9 -9-9-9-9-9-9-9-9-9-9-9-9-9-9-9-9-9-9-9-9-9-9-9-9-9    -9 4949302442478990212153 4 264021147-9-9-9
3058 00 0-9 -9-9-9 -9-9-9-9-9-9-9-9-9-9-9-9-9-9-9-9-9-9-9-9-9-9-9-9-9    -9 4949302442478990212153 3 362421147-9-9-9
3059 00 0-9 -9-9-9 -9-9-9-9-9-9-9-9-9-9-9-9-9-9-9-9-9-9-9-9-9-9-9-9-9    -9 8517915292007690212153 3 116621235-9-9-9
3060 00 0-9 -9-9-9 -9-9-9-9-9-9-9-9-9-9-9-9-9-9-9-9-9-9-9-9-9-9-9-9-9    -9 4949302442478990212153 4 162011147-9-9-9
3061 00 1 2 682121187-9-9 6 1 0-9 1 6 1 6 6 6 6 6 6 6 6 6 6 6 1 6 4-9 29619 5678610194671790212153 2 814141161 6 410
3062 00 0-9 -9-9-9 -9-9-9-9-9-9-9-9-9-9-9-9-9-9-9-9-9-9-9-9-9-9-9-9-9    -9 5678610194671790212153 4 413721151 1 7 9
3063 00 0-9 -9-9-9 -9-9-9-9-9-9-9-9-9-9-9-9-9-9-9-9-9-9-9-9-9-9-9-9-9    -9 4949302442478990212153 39864821137-9-9-9
3064 00 0-9 -9-9-9 -9-9-9-9-9-9-9-9-9-9-9-9-9-9-9-9-9-9-9-9-9-9-9-9-9    -9 5678610194671790212153 2 612711163-9-9-9
3065 00 0-9 -9-9-9 -9-9-9-9-9-9-9-9-9-9-9-9-9-9-9-9-9-9-9-9-9-9-9-9-9    -9 7423953663718490212153 3 362616142 61514
3066 00 1 1 682121154-9-9 41330-9 2 6 1 6 6 6 6 6 6 6 6 6 6 6 1 1 4-9 61408 7423953663718490212153 3 265021227-9-9-9
3067 10 0 1 682121 684141 3 050-9 1 6 1 6 6 6 6 6 6 6 6 6 6 6 1 6 1-9  8827 4949302442478990212153 2 263421143-9-9-9
3068 00 0-9 -9-9-9 -9-9-9-9-9-9-9-9-9-9-9-9-9-9-9-9-9-9-9-9-9-9-9-9-9    -9 8517915292007690212153 3 214316143-9-9-9
3069 00 0-9 -9-9-9 -9-9-9-9-9-9-9-9-9-9-9-9-9-9-9-9-9-9-9-9-9-9-9-9-9    -9 8517915292007690212153 3 217221145-9-9-9
3070 10 1 1 682121 681111 1 2 0 2 1 1 6 6 6 6 6 6 6 6 6 6 6 6 6 6 9-9 10705 5678610194671790212153 4 513621161 6 4 4
3071 00 0-9 -9-9-9 -9-9-9-9-9-9-9-9-9-9-9-9-9-9-9-9-9-9-9-9-9-9-9-9-9    -9 5678610194671790212153 4 414121141 4 7 7
3072 00 0-9 -9-9-9 -9-9-9-9-9-9-9-9-9-9-9-9-9-9-9-9-9-9-9-9-9-9-9-9-9    -9 4949302442478990212153 2 365521147-9-9-9
3073 00 0-9 -9-9-9 -9-9-9-9-9-9-9-9-9-9-9-9-9-9-9-9-9-9-9-9-9-9-9-9-9    -9 5678610194671790212153 4 413821141 6 913
3074 00 0-9 -9-9-9 -9-9-9-9-9-9-9-9-9-9-9-9-9-9-9-9-9-9-9-9-9-9-9-9-9    -9 3916425488588269212152 3 362721163-9-9-9
3075 01 0 1 682121 68-9 6 4 230-9 2 1 1 6 6 6 6 6 6 6 6 6 6 6 1 1 8-9 16491 3916425488588269212152 4 563521183-9-9-9
3076 00 0-9 -9-9-9 -9-9-9-9-9-9-9-9-9-9-9-9-9-9-9-9-9-9-9-9-9-9-9-9-9    -9 8987065940965350212152 5 216621125-9-9-9
3077 10 0 1 682121 68-923 6 430-9 2 1 6 6 6 6 6 6 6 6 6 6 6 6 1 1 8-9 30516 6740299455724010212152 3 315121131 711 3
3078 00 0-9 -9-9-9 -9-9-9-9-9-9-9-9-9-9-9-9-9-9-9-9-9-9-9-9-9-9-9-9-9    -9 6740299455724010212152 3 412416143-9-9-9
3079 00 0-9 -9-9-9 -9-9-9-9-9-9-9-9-9-9-9-9-9-9-9-9-9-9-9-9-9-9-9-9-9    -9 3916425488588269212152 4 364121143-9-9-9
3080 00 0-9 -9-9-9 -9-9-9-9-9-9-9-9-9-9-9-9-9-9-9-9-9-9-9-9-9-9-9-9-9    -9 4493532970482676212152 2 218221135-9-9-9
3081 00 0-9 -9-9-9 -9-9-9-9-9-9-9-9-9-9-9-9-9-9-9-9-9-9-9-9-9-9-9-9-9    -9 7832850977176530212152 4 365346137-9-9-9
3082 00 0-9 -9-9-9 -9-9-9-9-9-9-9-9-9-9-9-9-9-9-9-9-9-9-9-9-9-9-9-9-9    -9 1958212744294135212152 1 267636125-9-9-9
3083 00 0-9 -9-9-9 -9-9-9-9-9-9-9-9-9-9-9-9-9-9-9-9-9-9-9-9-9-9-9-9-9    -9 1958212744294135212152 1 265146132 716 1
3084 00 0-9 -9-9-9 -9-9-9-9-9-9-9-9-9-9-9-9-9-9-9-9-9-9-9-9-9-9-9-9-9    -9 2664471526680458212161 2 163346141 716 1
3085 00 0-9 -9-9-9 -9-9-9-9-9-9-9-9-9-9-9-9-9-9-9-9-9-9-9-9-9-9-9-9-9    -9 9171289500288750212161 4 317221125-9-9-9
3086 10 0 1 682121 684141 4 030-9 1 1 6 6 6 6 6 6 6 6 6 6 6 6 1 6 8-9  3148 6114193000192500212161 2 312316141 616 1
3087 00 0-9 -9-9-9 -9-9-9-9-9-9-9-9-9-9-9-9-9-9-9-9-9-9-9-9-9-9-9-9-9    -9 5328943053360910212161 49764021184-9-9-9
3088 10 0 1 682121 68-941 4 035-9 2 6 1 6 6 6 6 6 6 6 6 6 6 6 1 1 8-9  6411 5328943053360910212161 3 563721191 6 216
3089 10 0 1 682121 684141 5 030-9 1 6 1 6 6 6 6 6 6 6 6 6 6 6 1 6 1-9  2855 7993414580041370212161 3 265321137-9-9-9
3090 00 0-9 -9-9-9 -9-9-9-9-9-9-9-9-9-9-9-9-9-9-9-9-9-9-9-9-9-9-9-9-9    -9 2664471526680458212161 1 264346141 7 817
3091 00 1 1 682121187-9-9 6 130-9 2 6 1 6 6 6 6 6 6 6 6 6 6 6 1 1 1-9 31964 7993414580041370212161 3 465121147-9-9-9
3092 00 0-9 -9-9-9 -9-9-9-9-9-9-9-9-9-9-9-9-9-9-9-9-9-9-9-9-9-9-9-9-9    -9 7993414580041370212161 39867421125-9-9-9
3093 00 0-9 -9-9-9 -9-9-9-9-9-9-9-9-9-9-9-9-9-9-9-9-9-9-9-9-9-9-9-9-9    -9 6114193000192500212161 2 217521145-9-9-9
3094 00 0-9 -9-9-9 -9-9-9-9-9-9-9-9-9-9-9-9-9-9-9-9-9-9-9-9-9-9-9-9-9    -9 8517915292007690212113 39712916154-9-9-9
3095 00 0-9 -9-9-9 -9-9-9-9-9-9-9-9-9-9-9-9-9-9-9-9-9-9-9-9-9-9-9-9-9    -9 8517915292007690212113 39712616174-9-9-9
3096 10 0 1 682121 684141 1 130 3 1 1 6 6 6 6 6 6 6 6 6 6 6 6 6 611-9  8847 5678610194671790212113 2 816021195-9-9-9
3097 00 0-9 -9-9-9 -9-9-9-9-9-9-9-9-9-9-9-9-9-9-9-9-9-9-9-9-9-9-9-9-9    -9 7423953663718490212113 39766021185-9-9-9
3098 20 0 1 682121 68-929 4 330-9 1 1 6 6 6 6 6 6 6 6 6 6 6 6 1 6 4-9 20411 5678610194671790212113 2 516221195-9-9-9
3099 00 0-9 -9-9-9 -9-9-9-9-9-9-9-9-9-9-9-9-9-9-9-9-9-9-9-9-9-9-9-9-9    -9 8517915292007690212113 3 516121155-9-9-9
3100 00 0-9 -9-9-9 -9-9-9-9-9-9-9-9-9-9-9-9-9-9-9-9-9-9-9-9-9-9-9-9-9    -9 4949302442478990212113 39767436135-9-9-9
3101 20 0 1 682121 68-941 2 140 5 2 6 6 6 6 6 1 6 6 6 6 6 6 6 6 1-9 5 11444 5678610194671790212113 4 713621191 1 313
3102 00 0-9 -9-9-9 -9-9-9-9-9-9-9-9-9-9-9-9-9-9-9-9-9-9-9-9-9-9-9-9-9    -9 5678610194671790212113 2 412411131 6 719
3103 01 0 1 682121 68-9 3 4 420-9 2 6 1 6 6 6 6 6 6 6 1 6 6 6 1 1-9-9 57758 5678610194671790212113 3 713721191 6 313
3104 20 0 1 682121 68-941 5 115-9 1 6 6 6 6 6 1 6 6 6 6 6 6 6 1 6-9 7 11413 5678610194671790212113 29816621195-9-9-9
3105 00 0-9 -9-9-9 -9-9-9-9-9-9-9-9-9-9-9-9-9-9-9-9-9-9-9-9-9-9-9-9-9    -9 2474651221239499212113 1 267236157-9-9-9
3106 00 0-9 -9-9-9 -9-9-9-9-9-9-9-9-9-9-9-9-9-9-9-9-9-9-9-9-9-9-9-9-9    -912373256106197490212113 6 762016154-9-9-9
3107 10 0 1 682121 68-941 6 120-9 1 1 6 6 6 6 6 6 6 6 6 6 6 6 1 6 8-9 11422 4949302442478990212113 4 864921161 6 817
3108 00 0-9 -9-9-9 -9-9-9-9-9-9-9-9-9-9-9-9-9-9-9-9-9-9-9-9-9-9-9-9-9    -9 5678610194671790212113 3 614621181 6 817
3109 00 0-9 -9-9-9 -9-9-9-9-9-9-9-9-9-9-9-9-9-9-9-9-9-9-9-9-9-9-9-9-9    -9 4949302442478990212113 29765721137-9-9-9
3110 11 0 1 682121 68-950 61030-9 2 1 6 6 6 6 6 6 1 6 6 6 6 6 1 1-9-9 70077 2474651221239499212113 19766226171 6 6 3
3111 00 0-9 -9-9-9 -9-9-9-9-9-9-9-9-9-9-9-9-9-9-9-9-9-9-9-9-9-9-9-9-9    -9 4949302442478990212113 2 866021181 6 817
3112 10 0 1 682121 68-941 4 130-9 2 6 1 6 6 6 6 6 6 6 6 6 6 6 1 111-9 11404 2474651221239499212113 1 267236147-9-9-9
3113 00 0-9 -9-9-9 -9-9-9-9-9-9-9-9-9-9-9-9-9-9-9-9-9-9-9-9-9-9-9-9-9    -9 9898604884957990212113 49764921191 6 516
3114 10 0 1 682121 684141 4 115-9 2 6 6 6 6 6 1 6 6 6 6 6 6 6 6 1-9 3  8833 2474651221239499212113 19767536195-9-9-9
3115 00 0-9 -9-9-9 -9-9-9-9-9-9-9-9-9-9-9-9-9-9-9-9-9-9-9-9-9-9-9-9-9    -9 4949302442478990212113 29766821157-9-9-9
3116 10 0 1 682121 684141 6 115-9 2 6 1 6 6 6 6 6 6 6 6 6 6 6 1 1 8-9  8856 2474651221239499212113 19765846183-9-9-9
3117 00 0-9 -9-9-9 -9-9-9-9-9-9-9-9-9-9-9-9-9-9-9-9-9-9-9-9-9-9-9-9-9    -9 4949302442478990212113 2 266821147-9-9-9
3118 00 0-9 -9-9-9 -9-9-9-9-9-9-9-9-9-9-9-9-9-9-9-9-9-9-9-9-9-9-9-9-9    -9 4949302442478990212113 4 263421177-9-9-9
3119 00 0-9 -9-9-9 -9-9-9-9-9-9-9-9-9-9-9-9-9-9-9-9-9-9-9-9-9-9-9-9-9    -9 5678610194671790212113 3 414521161 61113
3120 00 0-9 -9-9-9 -9-9-9-9-9-9-9-9-9-9-9-9-9-9-9-9-9-9-9-9-9-9-9-9-9    -9 2474651221239499212113 1 267836127-9-9-9
3121 20 0 1 682121 684141 4 115-9 1 6 6 6 6 6 1 6 6 6 6 6 6 6 6 6-9 1  8841 5678610194671790212113 5 814221191 6 515
3122 10 0 1 682121 684141 5 115-9 1 1 6 6 6 6 6 6 6 6 6 6 6 6 1 611-9  8852 5678610194671790212113 4 112911143-9-9-9
3123 00 0-9 -9-9-9 -9-9-9-9-9-9-9-9-9-9-9-9-9-9-9-9-9-9-9-9-9-9-9-9-9    -9 4949302442478990212113 2 268326137-9-9-9
3124 00 0-9 -9-9-9 -9-9-9-9-9-9-9-9-9-9-9-9-9-9-9-9-9-9-9-9-9-9-9-9-9    -9 2839305097335898212113 19718236125-9-9-9
3125 00 0-9 -9-9-9 -9-9-9-9-9-9-9-9-9-9-9-9-9-9-9-9-9-9-9-9-9-9-9-9-9    -911357220389343590212113 4 216621125-9-9-9
3126 20 0 1 682121 68-941 4 1 0-9 2 6 1 6 6 6 6 6 6 6 6 6 6 6 1 1 7-9 11408 9898604884957990212113 4 462016152 7 7 7
3127 00 0-9 -9-9-9 -9-9-9-9-9-9-9-9-9-9-9-9-9-9-9-9-9-9-9-9-9-9-9-9-9    -9 9898604884957990212113 4 464611147-9-9-9
3128 00 0-9 -9-9-9 -9-9-9-9-9-9-9-9-9-9-9-9-9-9-9-9-9-9-9-9-9-9-9-9-9    -9 2474651221239499212113 1 165546143-9-9-9
3129 00 0-9 -9-9-9 -9-9-9-9-9-9-9-9-9-9-9-9-9-9-9-9-9-9-9-9-9-9-9-9-9    -9 4949302442478990212113 3 363821173-9-9-9
3130 00 0-9 -9-9-9 -9-9-9-9-9-9-9-9-9-9-9-9-9-9-9-9-9-9-9-9-9-9-9-9-9    -9 4949302442478990212113 3 563621143-9-9-9
3131 00 0-9 -9-9-9 -9-9-9-9-9-9-9-9-9-9-9-9-9-9-9-9-9-9-9-9-9-9-9-9-9    -9 4949302442478990212113 2 464316141 6 7 7
3132 00 0-9 -9-9-9 -9-9-9-9-9-9-9-9-9-9-9-9-9-9-9-9-9-9-9-9-9-9-9-9-9    -9 8517915292007690212113 3 116621123-9-9-9
3133 00 0-9 -9-9-9 -9-9-9-9-9-9-9-9-9-9-9-9-9-9-9-9-9-9-9-9-9-9-9-9-9    -9 4949302442478990212113 3 363021162 6 411
3134 00 0-9 -9-9-9 -9-9-9-9-9-9-9-9-9-9-9-9-9-9-9-9-9-9-9-9-9-9-9-9-9    -914196525486679490212113 5 212116133-9-9-9
3135 00 0-9 -9-9-9 -9-9-9-9-9-9-9-9-9-9-9-9-9-9-9-9-9-9-9-9-9-9-9-9-9    -9 7423953663718490212113 4 663621141 6 618
3136 00 0-9 -9-9-9 -9-9-9-9-9-9-9-9-9-9-9-9-9-9-9-9-9-9-9-9-9-9-9-9-9    -9 7423953663718490212113 4 462316193-9-9-9
3137 00 0-9 -9-9-9 -9-9-9-9-9-9-9-9-9-9-9-9-9-9-9-9-9-9-9-9-9-9-9-9-9    -911357220389343590212113 4 216121156-9-9-9
3138 00 0-9 -9-9-9 -9-9-9-9-9-9-9-9-9-9-9-9-9-9-9-9-9-9-9-9-9-9-9-9-9    -9 8517915292007690212113 39816721135-9-9-9
3139 10 0 1 682121 684141 4 122-9 1 6 6 6 6 6 1 6 6 6 6 6 6 6 6 6-9 1  8756 2474651221239499212113 1 265646143-9-9-9
3140 00 0-9 -9-9-9 -9-9-9-9-9-9-9-9-9-9-9-9-9-9-9-9-9-9-9-9-9-9-9-9-9    -911357220389343590212113 4 611616153-9-9-9
3141 00 0-9 -9-9-9 -9-9-9-9-9-9-9-9-9-9-9-9-9-9-9-9-9-9-9-9-9-9-9-9-9    -9 4949302442478990212113 5 664421151 6 812
3142 01 0 1 682121 68-9 6 6 230-9 1 6 1 6 6 6 6 6 6 6 6 6 6 6 1 6 1-9 17657 7423953663718490212113 3 365221137-9-9-9
3143 00 0-9 -9-9-9 -9-9-9-9-9-9-9-9-9-9-9-9-9-9-9-9-9-9-9-9-9-9-9-9-9    -9 5678610194671790212113 2 517821186-9-9-9
3144 00 0-9 -9-9-9 -9-9-9-9-9-9-9-9-9-9-9-9-9-9-9-9-9-9-9-9-9-9-9-9-9    -9 5678610194671790212113 29814416172 7 7 9
3145 01 0 1 682121 68-9 6 4 215-9 2 1 6 6 6 6 6 6 6 6 6 6 6 6 1 1 4-9 1750714196525486679490212113 5 815621191 6 216
3146 00 0-9 -9-9-9 -9-9-9-9-9-9-9-9-9-9-9-9-9-9-9-9-9-9-9-9-9-9-9-9-9    -9 5678610194671790212113 2 516121175-9-9-9
3147 00 0-9 -9-9-9 -9-9-9-9-9-9-9-9-9-9-9-9-9-9-9-9-9-9-9-9-9-9-9-9-9    -9 4949302442478990212113 29765936176-9-9-9
3148 00 1 1 682121187-9-9 6 115-9 1 1 6 6 6 6 6 6 6 6 6 6 6 6 1 6 1-9 29529 7423953663718490212113 3 464246191 6 216
3149 11 0 1 682121 68-941 3 1 0-9 1 1 6 6 6 6 6 6 6 6 6 6 6 6 1 6 8-9 11343 5678610194671790212113 3 613221181 6 216
3150 00 0-9 -9-9-9 -9-9-9-9-9-9-9-9-9-9-9-9-9-9-9-9-9-9-9-9-9-9-9-9-9    -9 5678610194671790212113 3 314921153-9-9-9
3151 10 0 1 682121 684141 6 050-9 1 1 6 6 6 6 6 6 6 6 6 6 6 6 1 6 8-9  8786 5678610194671790212113 4 513821183-9-9-9
3152 00 0-9 -9-9-9 -9-9-9-9-9-9-9-9-9-9-9-9-9-9-9-9-9-9-9-9-9-9-9-9-9    -9 4949302442478990212113 29764611174-9-9-9
3153 00 0-9 -9-9-9 -9-9-9-9-9-9-9-9-9-9-9-9-9-9-9-9-9-9-9-9-9-9-9-9-9    -9 8517915292007690212113 3 216121133-9-9-9
3154 00 0-9 -9-9-9 -9-9-9-9-9-9-9-9-9-9-9-9-9-9-9-9-9-9-9-9-9-9-9-9-9    -9 4949302442478990212113 3 663221191 6 415
3155 10 0 1 682121 681818 6 5 0-9 2 1 6 6 6 6 6 6 6 6 6 6 6 6 1 1 8-9 29653 2474651221239499212113 1 364516161 6 817
3156 00 0-9 -9-9-9 -9-9-9-9-9-9-9-9-9-9-9-9-9-9-9-9-9-9-9-9-9-9-9-9-9    -9 4949302442478990212113 5 663721191 6 315
3157 00 0-9 -9-9-9 -9-9-9-9-9-9-9-9-9-9-9-9-9-9-9-9-9-9-9-9-9-9-9-9-9    -9 4949302442478990212113 4 864521191 6 316
3158 00 0-9 -9-9-9 -9-9-9-9-9-9-9-9-9-9-9-9-9-9-9-9-9-9-9-9-9-9-9-9-9    -9 4949302442478990212113 2 268121135-9-9-9
3159 00 0-9 -9-9-9 -9-9-9-9-9-9-9-9-9-9-9-9-9-9-9-9-9-9-9-9-9-9-9-9-9    -9 2474651221239499212113 1 366636162 6 817
3160 00 0-9 -9-9-9 -9-9-9-9-9-9-9-9-9-9-9-9-9-9-9-9-9-9-9-9-9-9-9-9-9    -9 7423953663718490212113 5 464721151 6 217
3161 00 0-9 -9-9-9 -9-9-9-9-9-9-9-9-9-9-9-9-9-9-9-9-9-9-9-9-9-9-9-9-9    -9 8517915292007690212113 39815121191 6 116
3162 00 0-9 -9-9-9 -9-9-9-9-9-9-9-9-9-9-9-9-9-9-9-9-9-9-9-9-9-9-9-9-9    -9 2839305097335898212113 1 112816143-9-9-9
3163 00 0-9 -9-9-9 -9-9-9-9-9-9-9-9-9-9-9-9-9-9-9-9-9-9-9-9-9-9-9-9-9    -9 4949302442478990212113 2 466521165-9-9-9
3164 01 0 1 682121 68-928 4 8 0-9 2 6 1 6 6 6 6 6 6 6 6 6 6 6 1 1 7-9 45467 9898604884957990212113 4 862516171 4 411
3165 10 0 1 682121 681111 6 2 0-9 2 6 6 6 6 6 6 6 1 6 6 6 6 6 1 1-9 3  9677 7423953663718490212113 3 666716185-9-9-9
3166 10 0 1 682121 682929 6 321-9 2 6 1 6 6 6 6 6 6 6 6 6 6 6 1 1 8-9 23152 4949302442478990212113 29766821145-9-9-9
3167 00 0-9 -9-9-9 -9-9-9-9-9-9-9-9-9-9-9-9-9-9-9-9-9-9-9-9-9-9-9-9-9    -9 7423953663718490212113 3 366721136-9-9-9
3168 00 0-9 -9-9-9 -9-9-9-9-9-9-9-9-9-9-9-9-9-9-9-9-9-9-9-9-9-9-9-9-9    -9 5678610194671790212113 3 414721181 6 313
3169 00 0-9 -9-9-9 -9-9-9-9-9-9-9-9-9-9-9-9-9-9-9-9-9-9-9-9-9-9-9-9-9    -9 5678610194671790212113 3 213911171 41219
3170 00 0-9 -9-9-9 -9-9-9-9-9-9-9-9-9-9-9-9-9-9-9-9-9-9-9-9-9-9-9-9-9    -9 8517915292007690212113 3 311916254-9-9-9
3171 00 0-9 -9-9-9 -9-9-9-9-9-9-9-9-9-9-9-9-9-9-9-9-9-9-9-9-9-9-9-9-9    -9 4949302442478990212113 39764246161 4 7 7
3172 10 0 1 682121 68-941 6 1 0-9 1 6 1 6 6 6 6 6 6 6 6 6 6 6 1 6 8-9 11264 4949302442478990212113 2 462716142 6 7 3
3173 00 0-9 -9-9-9 -9-9-9-9-9-9-9-9-9-9-9-9-9-9-9-9-9-9-9-9-9-9-9-9-9    -9 5678610194671790212113 2 214916143-9-9-9
3174 00 0-9 -9-9-9 -9-9-9-9-9-9-9-9-9-9-9-9-9-9-9-9-9-9-9-9-9-9-9-9-9    -9 5678610194671790212113 2 313621233-9-9-9
3175 00 0-9 -9-9-9 -9-9-9-9-9-9-9-9-9-9-9-9-9-9-9-9-9-9-9-9-9-9-9-9-9    -9 2474651221239499212113 1 267736127-9-9-9
3176 10 0 1 682121 68-941 4 130-9 1 1 6 6 6 6 6 6 6 6 6 6 6 6 1 6 1-9 11238 5678610194671790212113 2 414521163-9-9-9
3177 00 0-9 -9-9-9 -9-9-9-9-9-9-9-9-9-9-9-9-9-9-9-9-9-9-9-9-9-9-9-9-9    -9 7423953663718490212113 3 565036141 6 713
3178 00 0-9 -9-9-9 -9-9-9-9-9-9-9-9-9-9-9-9-9-9-9-9-9-9-9-9-9-9-9-9-9    -9 4949302442478990212113 3 163711163-9-9-9
3179 10 0 1 682121 68-941 6 1 0-9 1 6 6 6 6 6 6 1 6 6 6 6 6 6 1 6-912 11241 2474651221239499212113 1 167036127-9-9-9
3180 10 1 1 682121 684141 3 130-9 1 1 6 6 6 6 6 6 6 6 6 6 6 6 1 6 8-9  8675 4949302442478990212113 3 863621181 6 7 7
3181 00 0-9 -9-9-9 -9-9-9-9-9-9-9-9-9-9-9-9-9-9-9-9-9-9-9-9-9-9-9-9-9    -9 5678610194671790212113 2 316521135-9-9-9
3182 00 0-9 -9-9-9 -9-9-9-9-9-9-9-9-9-9-9-9-9-9-9-9-9-9-9-9-9-9-9-9-9    -9 4949302442478990212113 3 663321151 715 9
3183 10 0 1 682121 684141 5 330-9 1 1 6 6 6 6 6 6 6 6 6 6 6 6 1 1 8-9  8673 4949302442478990212113 4 863221171 6 3 3
3184 00 0-9 -9-9-9 -9-9-9-9-9-9-9-9-9-9-9-9-9-9-9-9-9-9-9-9-9-9-9-9-9    -9 2474651221239499212113 19767936125-9-9-9
3185 00 0-9 -9-9-9 -9-9-9-9-9-9-9-9-9-9-9-9-9-9-9-9-9-9-9-9-9-9-9-9-9    -9 4949302442478990212113 2 266716116-9-9-9
3186 00 0-9 -9-9-9 -9-9-9-9-9-9-9-9-9-9-9-9-9-9-9-9-9-9-9-9-9-9-9-9-9    -9 2474651221239499212113 1 465246171 6 4 1
3187 00 0-9 -9-9-9 -9-9-9-9-9-9-9-9-9-9-9-9-9-9-9-9-9-9-9-9-9-9-9-9-9    -9 8517915292007690212113 3 217521125-9-9-9
3188 10 0 1 682121 684141 5 1 0-9 2 6 1 6 6 6 6 6 6 6 6 6 6 6 1 6 8-9  8648 7423953663718490212113 5 464421143-9-9-9
3189 00 0-9 -9-9-9 -9-9-9-9-9-9-9-9-9-9-9-9-9-9-9-9-9-9-9-9-9-9-9-9-9    -9 4949302442478990212113 2 267221145-9-9-9
3190 00 0-9 -9-9-9 -9-9-9-9-9-9-9-9-9-9-9-9-9-9-9-9-9-9-9-9-9-9-9-9-9    -9 5678610194671790212113 4 314521141 611 6
3191 00 0-9 -9-9-9 -9-9-9-9-9-9-9-9-9-9-9-9-9-9-9-9-9-9-9-9-9-9-9-9-9    -9 7423953663718490212113 3 262716163-9-9-9
3192 10 0 1 682121 68-941 4 230-9 2 1 6 6 6 6 6 6 6 6 6 6 6 6 6 1 7-9 1380911357220389343590212113 4 516021151 6 611
3193 00 0-9 -9-9-9 -9-9-9-9-9-9-9-9-9-9-9-9-9-9-9-9-9-9-9-9-9-9-9-9-9    -9 4949302442478990212113 3 663121181 6 216
3194 00 0-9 -9-9-9 -9-9-9-9-9-9-9-9-9-9-9-9-9-9-9-9-9-9-9-9-9-9-9-9-9    -9 4949302442478990212113 2 366721117-9-9-9
3195 00 0-9 -9-9-9 -9-9-9-9-9-9-9-9-9-9-9-9-9-9-9-9-9-9-9-9-9-9-9-9-9    -9 4949302442478990212113 3 364821127-9-9-9
3196 00 0-9 -9-9-9 -9-9-9-9-9-9-9-9-9-9-9-9-9-9-9-9-9-9-9-9-9-9-9-9-9    -9 5678610194671790212113 29814016143-9-9-9
3197 00 0-9 -9-9-9 -9-9-9-9-9-9-9-9-9-9-9-9-9-9-9-9-9-9-9-9-9-9-9-9-9    -9 5678610194671790212113 3 514021161 712 3
3198 00 1 1 682121187-9-9 6 130-9 1 6 1 6 6 6 6 6 6 6 6 6 6 6 1 6 8-9 29680 2474651221239499212113 1 163016193-9-9-9
3199 10 0 2 682121 68-941 6 2 0-9 2 6 1 6 6 6 6 6 6 6 6 6 6 6 1 1 4-9 11197 2474651221239499212113 3 162846243-9-9-9
3200 00 0-9 -9-9-9 -9-9-9-9-9-9-9-9-9-9-9-9-9-9-9-9-9-9-9-9-9-9-9-9-9    -9 7423953663718490212113 3 264111163-9-9-9
3201 00 0-9 -9-9-9 -9-9-9-9-9-9-9-9-9-9-9-9-9-9-9-9-9-9-9-9-9-9-9-9-9    -9 7423953663718490212113 3 467021127-9-9-9
3202 00 0-9 -9-9-9 -9-9-9-9-9-9-9-9-9-9-9-9-9-9-9-9-9-9-9-9-9-9-9-9-9    -9 4949302442478990212113 4 363321147-9-9-9
3203 10 0 2 -1-1-1 681818 6 5 0-9 2 6 6 6 6 6 6 6 6 6 6 6 1 6 1 111-9    -1 5678610194671790212113 2 317521125-9-9-9
3204 00 0-9 -9-9-9 -9-9-9-9-9-9-9-9-9-9-9-9-9-9-9-9-9-9-9-9-9-9-9-9-9    -9 5678610194671790212113 2 416321145-9-9-9
3205 01 0 1 682121 68-939 613 0-9 2 6 6 6 6 6 6 1 6 6 6 6 6 6 1 1-912 7034611357220389343590212113 4 616021181 6 4 3
3206 01 0 1 682121 68-9 6 3 230-9 1 1 6 6 6 6 6 6 6 6 6 6 6 6 1 611-9 1746611357220389343590212113 4 514521141 4 1 8
3207 00 0-9 -9-9-9 -9-9-9-9-9-9-9-9-9-9-9-9-9-9-9-9-9-9-9-9-9-9-9-9-9    -911357220389343590212113 59711816144-9-9-9
3208 00 0-9 -9-9-9 -9-9-9-9-9-9-9-9-9-9-9-9-9-9-9-9-9-9-9-9-9-9-9-9-9    -9 2839305097335898212113 1 412616141 613 3
3209 10 0 1 682121 684141 6 1 0-9 1 6 1 6 6 6 6 6 6 6 6 6 6 6 1 6 1-9  8571 7423953663718490212113 3 363521181 6 6 4
3210 00 0-9 -9-9-9 -9-9-9-9-9-9-9-9-9-9-9-9-9-9-9-9-9-9-9-9-9-9-9-9-9    -9 7423953663718490212113 3 363441144-9-9-9
3211 00 0-9 -9-9-9 -9-9-9-9-9-9-9-9-9-9-9-9-9-9-9-9-9-9-9-9-9-9-9-9-9    -9 4949302442478990212113 2 562811182 7 816
3212 10 0 1 682121 684141 4 115-9 1 1 6 6 6 6 6 6 6 6 6 6 6 6 1 6 4-9  7426 5678610194671790212113 2 216721145-9-9-9
3213 00 0-9 -9-9-9 -9-9-9-9-9-9-9-9-9-9-9-9-9-9-9-9-9-9-9-9-9-9-9-9-9    -9 5678610194671790212113 3 313816163-9-9-9
3214 00 0-9 -9-9-9 -9-9-9-9-9-9-9-9-9-9-9-9-9-9-9-9-9-9-9-9-9-9-9-9-9    -9 4949302442478990212113 2 263611191 6 318
3215 10 0 1 682121 684141 6 130-9 1 1 6 6 6 6 6 6 6 6 6 6 6 6 1 1 8-9  906411357220389343590212113 4 215021161 4 4 7
3216 00 0-9 -9-9-9 -9-9-9-9-9-9-9-9-9-9-9-9-9-9-9-9-9-9-9-9-9-9-9-9-9    -914196525486679490212113 5 411716144-9-9-9
3217 00 0-9 -9-9-9 -9-9-9-9-9-9-9-9-9-9-9-9-9-9-9-9-9-9-9-9-9-9-9-9-9    -9 5678610194671790212113 2 216821125-9-9-9
3218 00 0-9 -9-9-9 -9-9-9-9-9-9-9-9-9-9-9-9-9-9-9-9-9-9-9-9-9-9-9-9-9    -9 8517915292007690212113 3 615921156-9-9-9
3219 00 0-9 -9-9-9 -9-9-9-9-9-9-9-9-9-9-9-9-9-9-9-9-9-9-9-9-9-9-9-9-9    -9 4949302442478990212113 29867221125-9-9-9
3220 00 0-9 -9-9-9 -9-9-9-9-9-9-9-9-9-9-9-9-9-9-9-9-9-9-9-9-9-9-9-9-9    -9 4949302442478990212113 2 264616146-9-9-9
3221 01 1 1 682121 68-939 6 130-9 2 6 6 6 6 6 6 6 6 6 1 6 6 6 1 1-912 70341 4949302442478990212113 2 467021137-9-9-9
3222 00 0-9 -9-9-9 -9-9-9-9-9-9-9-9-9-9-9-9-9-9-9-9-9-9-9-9-9-9-9-9-9    -9 9898604884957990212113 4 765021181 6 215
3223 03 0 1 682121 68-944 612 0-9 2 6 6 6 6 6 6 1 6 6 6 6 6 6 1 1-912 65008 5678610194671790212113 29716521136-9-9-9
3224 10 1 1 682121 68-941 6 1 0-9 1 6 1 6 6 6 6 6 6 6 6 6 6 6 1 6 8-9 11198 4949302442478990212113 3 562811171 4 411
3225 00 0-9 -9-9-9 -9-9-9-9-9-9-9-9-9-9-9-9-9-9-9-9-9-9-9-9-9-9-9-9-9    -9 4949302442478990212113 3 363121158-9-9-9
3226 00 0-9 -9-9-9 -9-9-9-9-9-9-9-9-9-9-9-9-9-9-9-9-9-9-9-9-9-9-9-9-9    -9 7423953663718490212113 3 663121157-9-9-9
3227 00 0-9 -9-9-9 -9-9-9-9-9-9-9-9-9-9-9-9-9-9-9-9-9-9-9-9-9-9-9-9-9    -9 4949302442478990212113 5 163721133-9-9-9
3228 00 0-9 -9-9-9 -9-9-9-9-9-9-9-9-9-9-9-9-9-9-9-9-9-9-9-9-9-9-9-9-9    -9 5678610194671790212113 3 513121171 6 7 7
3229 00 0-9 -9-9-9 -9-9-9-9-9-9-9-9-9-9-9-9-9-9-9-9-9-9-9-9-9-9-9-9-9    -9 9898604884957990212113 4 463616281 7 6 9
3230 11 0 1 682121 68-928 4 430-9 2 6 6 6 6 6 6 6 1 6 6 6 6 6 1 1-9-1 45404 2839305097335898212113 1 212716171 6 1 8
3231 00 0-9 -9-9-9 -9-9-9-9-9-9-9-9-9-9-9-9-9-9-9-9-9-9-9-9-9-9-9-9-9    -9 8517915292007690212113 3 217321125-9-9-9
3232 00 0-9 -9-9-9 -9-9-9-9-9-9-9-9-9-9-9-9-9-9-9-9-9-9-9-9-9-9-9-9-9    -9 4949302442478990212113 2 267521147-9-9-9
3233 00 0-9 -9-9-9 -9-9-9-9-9-9-9-9-9-9-9-9-9-9-9-9-9-9-9-9-9-9-9-9-9    -9 7423953663718490212113 49762216143-9-9-9
3234 00 0-9 -9-9-9 -9-9-9-9-9-9-9-9-9-9-9-9-9-9-9-9-9-9-9-9-9-9-9-9-9    -9 7423953663718490212113 3 463616183-9-9-9
3235 00 0-9 -9-9-9 -9-9-9-9-9-9-9-9-9-9-9-9-9-9-9-9-9-9-9-9-9-9-9-9-9    -9 5678610194671790212113 2 115221133-9-9-9
3236 00 0-9 -9-9-9 -9-9-9-9-9-9-9-9-9-9-9-9-9-9-9-9-9-9-9-9-9-9-9-9-9    -9 4949302442478990212113 2 466021127-9-9-9
3237 00 0-9 -9-9-9 -9-9-9-9-9-9-9-9-9-9-9-9-9-9-9-9-9-9-9-9-9-9-9-9-9    -911357220389343590212113 5 615621161 6 614
3238 00 0-9 -9-9-9 -9-9-9-9-9-9-9-9-9-9-9-9-9-9-9-9-9-9-9-9-9-9-9-9-9    -9 2474651221239499212113 19767336143-9-9-9
3239 00 0-9 -9-9-9 -9-9-9-9-9-9-9-9-9-9-9-9-9-9-9-9-9-9-9-9-9-9-9-9-9    -9 7423953663718490212113 5 465221131 6 820
3240 00 0-9 -9-9-9 -9-9-9-9-9-9-9-9-9-9-9-9-9-9-9-9-9-9-9-9-9-9-9-9-9    -9 5678610194671790212113 2 213521141 714 7
3241 00 0-9 -9-9-9 -9-9-9-9-9-9-9-9-9-9-9-9-9-9-9-9-9-9-9-9-9-9-9-9-9    -9 2474651221239499212113 1 567416185-9-9-9
3242 00 0-9 -9-9-9 -9-9-9-9-9-9-9-9-9-9-9-9-9-9-9-9-9-9-9-9-9-9-9-9-9    -9 7423953663718490212113 39767121147-9-9-9
3243 00 0-9 -9-9-9 -9-9-9-9-9-9-9-9-9-9-9-9-9-9-9-9-9-9-9-9-9-9-9-9-9    -9 4949302442478990212113 2 266321127-9-9-9
3244 00 0-9 -9-9-9 -9-9-9-9-9-9-9-9-9-9-9-9-9-9-9-9-9-9-9-9-9-9-9-9-9    -9 7423953663718490212113 4 364721133-9-9-9
3245 00 0-9 -9-9-9 -9-9-9-9-9-9-9-9-9-9-9-9-9-9-9-9-9-9-9-9-9-9-9-9-9    -9 8517915292007690212113 3 516221141 6 812
3246 00 0-9 -9-9-9 -9-9-9-9-9-9-9-9-9-9-9-9-9-9-9-9-9-9-9-9-9-9-9-9-9    -9 5678610194671790212113 4 413421141 614 8
3247 00 0-9 -9-9-9 -9-9-9-9-9-9-9-9-9-9-9-9-9-9-9-9-9-9-9-9-9-9-9-9-9    -9 4949302442478990212113 4 263421143-9-9-9
3248 00 0-9 -9-9-9 -9-9-9-9-9-9-9-9-9-9-9-9-9-9-9-9-9-9-9-9-9-9-9-9-9    -9 8517915292007690212113 4 214821173-9-9-9
3249 00 0-9 -9-9-9 -9-9-9-9-9-9-9-9-9-9-9-9-9-9-9-9-9-9-9-9-9-9-9-9-9    -9 9898604884957990212113 4 265321143-9-9-9
3250 00 0-9 -9-9-9 -9-9-9-9-9-9-9-9-9-9-9-9-9-9-9-9-9-9-9-9-9-9-9-9-9    -912373256106197490212113 6 261616133-9-9-9
3251 00 0-9 -9-9-9 -9-9-9-9-9-9-9-9-9-9-9-9-9-9-9-9-9-9-9-9-9-9-9-9-9    -911357220389343590212113 49711816144-9-9-9
3252 00 0-9 -9-9-9 -9-9-9-9-9-9-9-9-9-9-9-9-9-9-9-9-9-9-9-9-9-9-9-9-9    -9 7423953663718490212113 3 267621127-9-9-9
3253 00 0-9 -9-9-9 -9-9-9-9-9-9-9-9-9-9-9-9-9-9-9-9-9-9-9-9-9-9-9-9-9    -9 9898604884957990212113 6 362716141 716 1
3254 00 0-9 -9-9-9 -9-9-9-9-9-9-9-9-9-9-9-9-9-9-9-9-9-9-9-9-9-9-9-9-9    -9 2839305097335898212113 1 112616143-9-9-9
3255 00 0-9 -9-9-9 -9-9-9-9-9-9-9-9-9-9-9-9-9-9-9-9-9-9-9-9-9-9-9-9-9    -9 7423953663718490212113 3 265921137-9-9-9
3256 00 0-9 -9-9-9 -9-9-9-9-9-9-9-9-9-9-9-9-9-9-9-9-9-9-9-9-9-9-9-9-9    -9 5678610194671790212153 4 513321131 614 1
3257 00 0-9 -9-9-9 -9-9-9-9-9-9-9-9-9-9-9-9-9-9-9-9-9-9-9-9-9-9-9-9-9    -9 7423953663718490212153 4 162821133-9-9-9
3258 00 0-9 -9-9-9 -9-9-9-9-9-9-9-9-9-9-9-9-9-9-9-9-9-9-9-9-9-9-9-9-9    -9 5678610194671790212153 2 715946191 6 216
3259 00 0-9 -9-9-9 -9-9-9-9-9-9-9-9-9-9-9-9-9-9-9-9-9-9-9-9-9-9-9-9-9    -9 7423953663718490212153 4 161616134-9-9-9
3260 10 0 1 682121 68-941 4 2 0-9 1 6 1 6 6 6 6 6 6 6 6 6 6 6 1 6 1-9 14769 4949302442478990212153 2 366521137-9-9-9
3261 00 0-9 -9-9-9 -9-9-9-9-9-9-9-9-9-9-9-9-9-9-9-9-9-9-9-9-9-9-9-9-9    -9 4949302442478990212153 4 363321143-9-9-9
3262 00 1 1 682121187-9-9 8 1 0-9 2 6 1 6 6 6 6 6 6 6 6 6 6 6 1 1 1-9 28780 4949302442478990212153 4 264921143-9-9-9
3263 00 1 1 682121187-9-9 6 1 0-9 2 6 1 6 6 6 6 6 6 6 6 6 6 6 1 1 1-9 2877512373256106197490212153 5 365421142 1 7 7
3264 00 1 1 682121187-9-9 6 030-9 1 6 1 6 6 6 6 6 6 6 6 6 6 6 1 6 8-9 28773 5678610194671790212153 2 312811143-9-9-9
3265 00 0-9 -9-9-9 -9-9-9-9-9-9-9-9-9-9-9-9-9-9-9-9-9-9-9-9-9-9-9-9-9    -9 4949302442478990212153 2 663721181 6 216
3266 00 0-9 -9-9-9 -9-9-9-9-9-9-9-9-9-9-9-9-9-9-9-9-9-9-9-9-9-9-9-9-9    -911357220389343590212153 5 414821135-9-9-9
3267 00 0-9 -9-9-9 -9-9-9-9-9-9-9-9-9-9-9-9-9-9-9-9-9-9-9-9-9-9-9-9-9    -9 4949302442478990212153 6 264021132 91520
3268 00 1 1 682121187-9-9 3 045-9 1 1 6 6 6 6 6 6 6 6 6 6 6 6 1 6 1-9 28823 4949302442478990212153 2 264021161 616 3
3269 20 1 1 682121 68-941 5 130-9 1 1 6 6 6 6 6 6 6 6 6 6 6 6 1 6 8-9 14768 5678610194671790212153 2 312821148-9-9-9
3270 00 0-9 -9-9-9 -9-9-9-9-9-9-9-9-9-9-9-9-9-9-9-9-9-9-9-9-9-9-9-9-9    -9 4949302442478990212153 2 264326192 7 215
3271 00 0-9 -9-9-9 -9-9-9-9-9-9-9-9-9-9-9-9-9-9-9-9-9-9-9-9-9-9-9-9-9    -9 4949302442478990212153 2 264521133-9-9-9
3272 00 0-9 -9-9-9 -9-9-9-9-9-9-9-9-9-9-9-9-9-9-9-9-9-9-9-9-9-9-9-9-9    -9 5678610194671790212153 3 213221143-9-9-9
3273 01 0 1 682121 68-928 5 445-9 2 6 1 6 6 6 6 6 1 6 6 6 6 6 1 1-9-9 48179 9898604884957990212153 49765521147-9-9-9
3274 10 0 1 682121 684141 5 330-9 1 6 6 6 6 6 1 6 6 6 6 6 6 6 1 6-9 7 1223111357220389343590212153 5 216021123-9-9-9
3275 00 0-9 -9-9-9 -9-9-9-9-9-9-9-9-9-9-9-9-9-9-9-9-9-9-9-9-9-9-9-9-9    -9 7423953663718490212153 4 361916161 9 817
3276 00 0-9 -9-9-9 -9-9-9-9-9-9-9-9-9-9-9-9-9-9-9-9-9-9-9-9-9-9-9-9-9    -9 4949302442478990212153 2 266821127-9-9-9
3277 00 0-9 -9-9-9 -9-9-9-9-9-9-9-9-9-9-9-9-9-9-9-9-9-9-9-9-9-9-9-9-9    -9 4949302442478990212153 3 463321142 6 7 7
3278 00 0-9 -9-9-9 -9-9-9-9-9-9-9-9-9-9-9-9-9-9-9-9-9-9-9-9-9-9-9-9-9    -9 5678610194671790212153 4 414121161 1 1 6
3279 00 0-9 -9-9-9 -9-9-9-9-9-9-9-9-9-9-9-9-9-9-9-9-9-9-9-9-9-9-9-9-9    -9 7423953663718490212153 4 464021142 6 412
3280 00 0-9 -9-9-9 -9-9-9-9-9-9-9-9-9-9-9-9-9-9-9-9-9-9-9-9-9-9-9-9-9    -9 4949302442478990212153 4 563421141 6 8 9
3281 00 0-9 -9-9-9 -9-9-9-9-9-9-9-9-9-9-9-9-9-9-9-9-9-9-9-9-9-9-9-9-9    -9 7423953663718490212153 3 267421125-9-9-9
3282 00 0-9 -9-9-9 -9-9-9-9-9-9-9-9-9-9-9-9-9-9-9-9-9-9-9-9-9-9-9-9-9    -9 4949302442478990212153 4 262921143-9-9-9
3283 00 0-9 -9-9-9 -9-9-9-9-9-9-9-9-9-9-9-9-9-9-9-9-9-9-9-9-9-9-9-9-9    -917322558548676490212153 7 365746117-9-9-9
3284 00 1 1 682121187-9-9 6 1 0-9 1 6 1 6 6 6 6 6 6 6 6 6 6 6 1 6 8-9 28811 7423953663718490212153 4 264121143-9-9-9
3285 00 0-9 -9-9-9 -9-9-9-9-9-9-9-9-9-9-9-9-9-9-9-9-9-9-9-9-9-9-9-9-9    -9 4949302442478990212153 2 264241243-9-9-9
3286 00 0-9 -9-9-9 -9-9-9-9-9-9-9-9-9-9-9-9-9-9-9-9-9-9-9-9-9-9-9-9-9    -910657886106721830212151 5 265221133-9-9-9
3287 00 0-9 -9-9-9 -9-9-9-9-9-9-9-9-9-9-9-9-9-9-9-9-9-9-9-9-9-9-9-9-9    -910657886106721830212151 49762116148-9-9-9
3288 00 0-9 -9-9-9 -9-9-9-9-9-9-9-9-9-9-9-9-9-9-9-9-9-9-9-9-9-9-9-9-9    -9 5328943053360910212151 2 262311137-9-9-9
3289 20 0 1 682121 68-941 4 2 0-9 1 1 6 6 6 6 6 6 6 6 6 6 6 6 1 1 8-9 14288 6114193000192500212151 4 214221161 4 1 3
3290 10 0 1 682121 681414 4 3 0-9 2 1 6 6 6 6 6 6 6 6 6 6 6 6 1 1 8-9 22952 2664471526680458212151 3 764136191 6 216
3291 00 0-9 -9-9-9 -9-9-9-9-9-9-9-9-9-9-9-9-9-9-9-9-9-9-9-9-9-9-9-9-9    -9 2664471526680458212151 1 266636145-9-9-9
3292 00 0-9 -9-9-9 -9-9-9-9-9-9-9-9-9-9-9-9-9-9-9-9-9-9-9-9-9-9-9-9-9    -913322357633402280212151 5 164921127-9-9-9
3293 11 1 1 682121187-9-9 4 030-9 1 1 6 6 6 6 6 6 6 6 6 6 6 6 1 6 8-9 28733 6114193000192500212151 29814041243-9-9-9
3294 00 0-9 -9-9-9 -9-9-9-9-9-9-9-9-9-9-9-9-9-9-9-9-9-9-9-9-9-9-9-9-9    -9 5328943053360910212151 39863221188-9-9-9
3295 00 0-9 -9-9-9 -9-9-9-9-9-9-9-9-9-9-9-9-9-9-9-9-9-9-9-9-9-9-9-9-9    -9 4949302442478990212143 3 464321187-9-9-9
3296 00 0-9 -9-9-9 -9-9-9-9-9-9-9-9-9-9-9-9-9-9-9-9-9-9-9-9-9-9-9-9-9    -9 5678610194671790212143 2 215421121 71614
3297 00 0-9 -9-9-9 -9-9-9-9-9-9-9-9-9-9-9-9-9-9-9-9-9-9-9-9-9-9-9-9-9    -9 9898604884957990212143 4 264321142 71514
3298 00 0-9 -9-9-9 -9-9-9-9-9-9-9-9-9-9-9-9-9-9-9-9-9-9-9-9-9-9-9-9-9    -9 4949302442478990212143 3 163611273-9-9-9
3299 00 0-9 -9-9-9 -9-9-9-9-9-9-9-9-9-9-9-9-9-9-9-9-9-9-9-9-9-9-9-9-9    -9 5678610194671790212143 4 214021133-9-9-9
3300 00 0-9 -9-9-9 -9-9-9-9-9-9-9-9-9-9-9-9-9-9-9-9-9-9-9-9-9-9-9-9-9    -9 9898604884957990212143 4 462116174-9-9-9
3301 00 0-9 -9-9-9 -9-9-9-9-9-9-9-9-9-9-9-9-9-9-9-9-9-9-9-9-9-9-9-9-9    -9 4949302442478990212143 2 266621127-9-9-9
3302 00 0-9 -9-9-9 -9-9-9-9-9-9-9-9-9-9-9-9-9-9-9-9-9-9-9-9-9-9-9-9-9    -9 5678610194671790212143 4 313621161 6 819
3303 00 0-9 -9-9-9 -9-9-9-9-9-9-9-9-9-9-9-9-9-9-9-9-9-9-9-9-9-9-9-9-9    -9 7423953663718490212143 39764721141 4 7 7
3304 00 0-9 -9-9-9 -9-9-9-9-9-9-9-9-9-9-9-9-9-9-9-9-9-9-9-9-9-9-9-9-9    -9 4949302442478990212143 3 263311143-9-9-9
3305 00 0-9 -9-9-9 -9-9-9-9-9-9-9-9-9-9-9-9-9-9-9-9-9-9-9-9-9-9-9-9-9    -912228386000385000212141 49713116133-9-9-9
3306 10 1 1 682121187-9-9 6 120-9 1 6 1 6 6 6 6 6 6 1 6 6 6 6 1 6-9-9 28594 5328943053360910212141 49863421142 6 7 7
3307 00 0-9 -9-9-9 -9-9-9-9-9-9-9-9-9-9-9-9-9-9-9-9-9-9-9-9-9-9-9-9-9    -9 5328943053360910212141 39862721133-9-9-9
3308 00 0-9 -9-9-9 -9-9-9-9-9-9-9-9-9-9-9-9-9-9-9-9-9-9-9-9-9-9-9-9-9    -9 5328943053360910212141 3 166636127-9-9-9
3309 00 0-9 -9-9-9 -9-9-9-9-9-9-9-9-9-9-9-9-9-9-9-9-9-9-9-9-9-9-9-9-9    -9 7993414580041370212141 3 265441133-9-9-9
3310 00 0-9 -9-9-9 -9-9-9-9-9-9-9-9-9-9-9-9-9-9-9-9-9-9-9-9-9-9-9-9-9    -912228386000385000212141 4 516521175-9-9-9
3311 00 0-9 -9-9-9 -9-9-9-9-9-9-9-9-9-9-9-9-9-9-9-9-9-9-9-9-9-9-9-9-9    -9 5328943053360910212141 2 264321252 7 718
3312 00 0-9 -9-9-9 -9-9-9-9-9-9-9-9-9-9-9-9-9-9-9-9-9-9-9-9-9-9-9-9-9    -9 6114193000192500212141 29711816144-9-9-9
3313 01 0 1 682121 68-928 4 430-9 2 1 6 6 6 6 6 6 1 6 6 6 6 6 6 1-9-9 46939 2664471526680458212141 1 163916183-9-9-9
3314 00 0-9 -9-9-9 -9-9-9-9-9-9-9-9-9-9-9-9-9-9-9-9-9-9-9-9-9-9-9-9-9    -9 6114193000192500212141 3 113211123-9-9-9
3315 00 0-9 -9-9-9 -9-9-9-9-9-9-9-9-9-9-9-9-9-9-9-9-9-9-9-9-9-9-9-9-9    -9 2474651221239499212163 3 164446143-9-9-9
3316 10 0 1 682121 684141 7 1 0-9 1 6 1 6 6 6 6 6 6 6 6 6 6 6 1 6 8-9  6824 8517915292007690212163 3 212316141 616 3
3317 00 0-9 -9-9-9 -9-9-9-9-9-9-9-9-9-9-9-9-9-9-9-9-9-9-9-9-9-9-9-9-9    -9 4949302442478990212163 29766321123-9-9-9
3318 00 2 1 682121187-9-9 7 130-9 1 6 1 6 6 6 6 6 6 6 6 6 6 6 1 6 5-9 30094 4949302442478990212163 4 162941148-9-9-9
3319 10 0 1 682121 684141 6 030-9 1 1 6 6 6 6 6 6 6 6 6 6 6 6 1 6 1-9  554411357220389343590212163 5 412216131 716 3
3320 10 0 1 682121 681111 6 220-9 1 6 6 6 6 6 6 1 6 6 6 6 6 6 1 6-9-1  9038 8517915292007690212163 3 616721135-9-9-9
3321 00 0-9 -9-9-9 -9-9-9-9-9-9-9-9-9-9-9-9-9-9-9-9-9-9-9-9-9-9-9-9-9    -9 4949302442478990212163 4 463621171 7 513
3322 10 0 1 682121 68-911 6 4 0-9 1 6 6 6 6 6 6 1 6 6 6 6 6 6 6 6-9-1 1356011357220389343590212163 4 316921145-9-9-9
3323 00 0-9 -9-9-9 -9-9-9-9-9-9-9-9-9-9-9-9-9-9-9-9-9-9-9-9-9-9-9-9-9    -9 4949302442478990212163 4 263321143-9-9-9
3324 00 0-9 -9-9-9 -9-9-9-9-9-9-9-9-9-9-9-9-9-9-9-9-9-9-9-9-9-9-9-9-9    -9 2474651221239499212163 3 263346252 716 1
3325 00 0-9 -9-9-9 -9-9-9-9-9-9-9-9-9-9-9-9-9-9-9-9-9-9-9-9-9-9-9-9-9    -9 8517915292007690212153 3 216221125-9-9-9
3326 00 0-9 -9-9-9 -9-9-9-9-9-9-9-9-9-9-9-9-9-9-9-9-9-9-9-9-9-9-9-9-9    -9 4949302442478990212153 4 463221143-9-9-9
3327 00 0-9 -9-9-9 -9-9-9-9-9-9-9-9-9-9-9-9-9-9-9-9-9-9-9-9-9-9-9-9-9    -9 4949302442478990212153 2 267336146-9-9-9
3328 00 0-9 -9-9-9 -9-9-9-9-9-9-9-9-9-9-9-9-9-9-9-9-9-9-9-9-9-9-9-9-9    -9 7423953663718490212153 4 462016133-9-9-9
3329 00 0-9 -9-9-9 -9-9-9-9-9-9-9-9-9-9-9-9-9-9-9-9-9-9-9-9-9-9-9-9-9    -9 9898604884957990212153 6 364621183-9-9-9
3330 20 0 1 682121 68-941 5 045-9 1 6 1 6 6 6 6 6 6 6 6 6 6 6 1 6 8-9 10418 9898604884957990212153 4 365221133-9-9-9
3331 00 0-9 -9-9-9 -9-9-9-9-9-9-9-9-9-9-9-9-9-9-9-9-9-9-9-9-9-9-9-9-9    -9 4949302442478990212153 4 663721181 7 317
3332 10 0 1 682121 68-941 1 1 0 3 1 1 6 6 6 6 6 6 6 6 6 6 6 6 6 6 9-9 10438 5678610194671790212153 4 614021151 1 113
3333 00 0-9 -9-9-9 -9-9-9-9-9-9-9-9-9-9-9-9-9-9-9-9-9-9-9-9-9-9-9-9-9    -9 5678610194671790212153 4 314121141 711 6
3334 00 0-9 -9-9-9 -9-9-9-9-9-9-9-9-9-9-9-9-9-9-9-9-9-9-9-9-9-9-9-9-9    -9 5678610194671790212153 2 317421125-9-9-9
3335 00 0-9 -9-9-9 -9-9-9-9-9-9-9-9-9-9-9-9-9-9-9-9-9-9-9-9-9-9-9-9-9    -9 6114193000192500212151 2 815421161 616 8
3336 00 0-9 -9-9-9 -9-9-9-9-9-9-9-9-9-9-9-9-9-9-9-9-9-9-9-9-9-9-9-9-9    -9 5328943053360910212151 29766621147-9-9-9
3337 00 0-9 -9-9-9 -9-9-9-9-9-9-9-9-9-9-9-9-9-9-9-9-9-9-9-9-9-9-9-9-9    -9 3057096500096252212151 1 113116193-9-9-9
3338 00 0-9 -9-9-9 -9-9-9-9-9-9-9-9-9-9-9-9-9-9-9-9-9-9-9-9-9-9-9-9-9    -9 6114193000192500212151 2 413616181 6 4 6
3339 00 0-9 -9-9-9 -9-9-9-9-9-9-9-9-9-9-9-9-9-9-9-9-9-9-9-9-9-9-9-9-9    -9 5328943053360910212151 29766321142 1 7 7
3340 00 0-9 -9-9-9 -9-9-9-9-9-9-9-9-9-9-9-9-9-9-9-9-9-9-9-9-9-9-9-9-9    -9 5328943053360910212151 2 367121147-9-9-9
3341 00 0-9 -9-9-9 -9-9-9-9-9-9-9-9-9-9-9-9-9-9-9-9-9-9-9-9-9-9-9-9-9    -9 6114193000192500212151 5 514221182 6 217
3342 00 0-9 -9-9-9 -9-9-9-9-9-9-9-9-9-9-9-9-9-9-9-9-9-9-9-9-9-9-9-9-9    -9 6114193000192500212151 2 317121125-9-9-9
3343 00 0-9 -9-9-9 -9-9-9-9-9-9-9-9-9-9-9-9-9-9-9-9-9-9-9-9-9-9-9-9-9    -9 2664471526680458212151 2 465316191 6 615
3344 00 0-9 -9-9-9 -9-9-9-9-9-9-9-9-9-9-9-9-9-9-9-9-9-9-9-9-9-9-9-9-9    -9 7993414580041370212151 3 564216146-9-9-9
3345 00 0-9 -9-9-9 -9-9-9-9-9-9-9-9-9-9-9-9-9-9-9-9-9-9-9-9-9-9-9-9-9    -9 4493532970482676212152 2 112521133-9-9-9
3346 00 0-9 -9-9-9 -9-9-9-9-9-9-9-9-9-9-9-9-9-9-9-9-9-9-9-9-9-9-9-9-9    -9 5874638232882400212152 49762916243-9-9-9
3347 00 0-9 -9-9-9 -9-9-9-9-9-9-9-9-9-9-9-9-9-9-9-9-9-9-9-9-9-9-9-9-9    -9 5874638232882400212152 59767321127-9-9-9
3348 00 0-9 -9-9-9 -9-9-9-9-9-9-9-9-9-9-9-9-9-9-9-9-9-9-9-9-9-9-9-9-9    -9 1958212744294135212152 1 265236297-9-9-9
3349 00 0-9 -9-9-9 -9-9-9-9-9-9-9-9-9-9-9-9-9-9-9-9-9-9-9-9-9-9-9-9-9    -9 4493532970482676212152 2 115521125-9-9-9
3350 00 0-9 -9-9-9 -9-9-9-9-9-9-9-9-9-9-9-9-9-9-9-9-9-9-9-9-9-9-9-9-9    -9 7832850977176530212152 4 267821137-9-9-9
3351 00 0-9 -9-9-9 -9-9-9-9-9-9-9-9-9-9-9-9-9-9-9-9-9-9-9-9-9-9-9-9-9    -9 6740299455724010212152 39815216141 614 6
3352 00 0-9 -9-9-9 -9-9-9-9-9-9-9-9-9-9-9-9-9-9-9-9-9-9-9-9-9-9-9-9-9    -9 3916425488588269212152 2 264111152 615 7
3353 00 0-9 -9-9-9 -9-9-9-9-9-9-9-9-9-9-9-9-9-9-9-9-9-9-9-9-9-9-9-9-9    -9 4493532970482676212152 4 513621161 614 1
3354 00 0-9 -9-9-9 -9-9-9-9-9-9-9-9-9-9-9-9-9-9-9-9-9-9-9-9-9-9-9-9-9    -9 6740299455724010212152 3 515621178-9-9-9
3355 00 0-9 -9-9-9 -9-9-9-9-9-9-9-9-9-9-9-9-9-9-9-9-9-9-9-9-9-9-9-9-9    -9 6114193000192500212161 2 513421143-9-9-9
3356 10 0 1 682121 684141 1 130 3 1 1 6 6 6 6 6 6 6 6 6 6 6 6 6 6 8-9  8185 6114193000192500212161 4 813821191 2 110
3357 00 0-9 -9-9-9 -9-9-9-9-9-9-9-9-9-9-9-9-9-9-9-9-9-9-9-9-9-9-9-9-9    -910657886106721830212161 49764616183-9-9-9
3358 00 1 1 682121187-9-9 6 145-9 1 6 1 6 6 6 6 6 6 6 6 6 6 6 1 6 8-9 30112 7993414580041370212161 39867221137-9-9-9
3359 00 0-9 -9-9-9 -9-9-9-9-9-9-9-9-9-9-9-9-9-9-9-9-9-9-9-9-9-9-9-9-9    -9 6114193000192500212161 49813621191 6 217
3360 00 0-9 -9-9-9 -9-9-9-9-9-9-9-9-9-9-9-9-9-9-9-9-9-9-9-9-9-9-9-9-9    -9 5328943053360910212161 39763921147-9-9-9
3361 00 0-9 -9-9-9 -9-9-9-9-9-9-9-9-9-9-9-9-9-9-9-9-9-9-9-9-9-9-9-9-9    -9 5328943053360910212161 2 863111191 6 413
3362 00 0-9 -9-9-9 -9-9-9-9-9-9-9-9-9-9-9-9-9-9-9-9-9-9-9-9-9-9-9-9-9    -910657886106721830212161 59761616144-9-9-9
3363 00 0-9 -9-9-9 -9-9-9-9-9-9-9-9-9-9-9-9-9-9-9-9-9-9-9-9-9-9-9-9-9    -9 5678610194671790212163 49714021141 110 1
3364 00 0-9 -9-9-9 -9-9-9-9-9-9-9-9-9-9-9-9-9-9-9-9-9-9-9-9-9-9-9-9-9    -9 4949302442478990212163 3 463421251 7 216
3365 00 0-9 -9-9-9 -9-9-9-9-9-9-9-9-9-9-9-9-9-9-9-9-9-9-9-9-9-9-9-9-9    -9 9898604884957990212163 4 264021133-9-9-9
3366 00 0-9 -9-9-9 -9-9-9-9-9-9-9-9-9-9-9-9-9-9-9-9-9-9-9-9-9-9-9-9-9    -9 5678610194671790212163 2 412411131 510 1
3367 00 0-9 -9-9-9 -9-9-9-9-9-9-9-9-9-9-9-9-9-9-9-9-9-9-9-9-9-9-9-9-9    -911357220389343590212163 4 315421141 61019
3368 00 0-9 -9-9-9 -9-9-9-9-9-9-9-9-9-9-9-9-9-9-9-9-9-9-9-9-9-9-9-9-9    -9 5678610194671790212163 2 613811181 6 4 7
3369 00 0-9 -9-9-9 -9-9-9-9-9-9-9-9-9-9-9-9-9-9-9-9-9-9-9-9-9-9-9-9-9    -9 7423953663718490212163 3 264521123-9-9-9
3370 00 0-9 -9-9-9 -9-9-9-9-9-9-9-9-9-9-9-9-9-9-9-9-9-9-9-9-9-9-9-9-9    -9 8517915292007690212163 4 415141143-9-9-9
3371 10 0 1 682121 684141 4 045-9 1 1 6 6 6 6 6 6 6 6 6 6 6 6 1 1 1-9  5244 4949302442478990212163 4 263611143-9-9-9
3372 00 0-9 -9-9-9 -9-9-9-9-9-9-9-9-9-9-9-9-9-9-9-9-9-9-9-9-9-9-9-9-9    -911357220389343590212163 4 615821135-9-9-9
3373 00 0-9 -9-9-9 -9-9-9-9-9-9-9-9-9-9-9-9-9-9-9-9-9-9-9-9-9-9-9-9-9    -9 2664471526680458212151 1 267836117-9-9-9
3374 00 0-9 -9-9-9 -9-9-9-9-9-9-9-9-9-9-9-9-9-9-9-9-9-9-9-9-9-9-9-9-9    -9 3057096500096252212151 19812516133-9-9-9
3375 00 0-9 -9-9-9 -9-9-9-9-9-9-9-9-9-9-9-9-9-9-9-9-9-9-9-9-9-9-9-9-9    -9 6114193000192500212151 2 216321125-9-9-9
3376 00 0-9 -9-9-9 -9-9-9-9-9-9-9-9-9-9-9-9-9-9-9-9-9-9-9-9-9-9-9-9-9    -9 7993414580041370212151 49761816144-9-9-9
3377 00 0-9 -9-9-9 -9-9-9-9-9-9-9-9-9-9-9-9-9-9-9-9-9-9-9-9-9-9-9-9-9    -9 7993414580041370212151 3 262016124-9-9-9
3378 00 0-9 -9-9-9 -9-9-9-9-9-9-9-9-9-9-9-9-9-9-9-9-9-9-9-9-9-9-9-9-9    -9 7993414580041370212151 6 362921247-9-9-9
3379 00 0-9 -9-9-9 -9-9-9-9-9-9-9-9-9-9-9-9-9-9-9-9-9-9-9-9-9-9-9-9-9    -9 3057096500096252212151 1 113516153-9-9-9
3380 00 0-9 -9-9-9 -9-9-9-9-9-9-9-9-9-9-9-9-9-9-9-9-9-9-9-9-9-9-9-9-9    -9 3057096500096252212151 1 213416154-9-9-9
3381 00 0-9 -9-9-9 -9-9-9-9-9-9-9-9-9-9-9-9-9-9-9-9-9-9-9-9-9-9-9-9-9    -9 5328943053360910212151 49863521167-9-9-9
3382 00 0-9 -9-9-9 -9-9-9-9-9-9-9-9-9-9-9-9-9-9-9-9-9-9-9-9-9-9-9-9-9    -9 7993414580041370212151 3 365221143-9-9-9
3383 00 0-9 -9-9-9 -9-9-9-9-9-9-9-9-9-9-9-9-9-9-9-9-9-9-9-9-9-9-9-9-9    -9 7993414580041370212151 3 164721127-9-9-9
3384 00 0-9 -9-9-9 -9-9-9-9-9-9-9-9-9-9-9-9-9-9-9-9-9-9-9-9-9-9-9-9-9    -9 6114193000192500212151 39814221141 612 6
3385 00 0-9 -9-9-9 -9-9-9-9-9-9-9-9-9-9-9-9-9-9-9-9-9-9-9-9-9-9-9-9-9    -9 7993414580041370212151 4 563421163-9-9-9
3386 00 0-9 -9-9-9 -9-9-9-9-9-9-9-9-9-9-9-9-9-9-9-9-9-9-9-9-9-9-9-9-9    -9 9171289500288750212151 39711816134-9-9-9
3387 00 0-9 -9-9-9 -9-9-9-9-9-9-9-9-9-9-9-9-9-9-9-9-9-9-9-9-9-9-9-9-9    -9 5328943053360910212151 3 363221143-9-9-9
3388 00 0-9 -9-9-9 -9-9-9-9-9-9-9-9-9-9-9-9-9-9-9-9-9-9-9-9-9-9-9-9-9    -9 2664471526680458212151 1 267436137-9-9-9
3389 00 0-9 -9-9-9 -9-9-9-9-9-9-9-9-9-9-9-9-9-9-9-9-9-9-9-9-9-9-9-9-9    -9 6114193000192500212151 39713421143-9-9-9
3390 00 0-9 -9-9-9 -9-9-9-9-9-9-9-9-9-9-9-9-9-9-9-9-9-9-9-9-9-9-9-9-9    -9 6114193000192500212151 2 218121125-9-9-9
3391 00 0-9 -9-9-9 -9-9-9-9-9-9-9-9-9-9-9-9-9-9-9-9-9-9-9-9-9-9-9-9-9    -9 9898604884957990212163 4 262516142 7 8 8
3392 10 0 1 682121 68-911 6 3 0-9 2 6 6 6 1 6 6 6 6 6 6 6 6 6 1 111-9 12526 2474651221239499212163 39763216181 7 217
3393 00 0-9 -9-9-9 -9-9-9-9-9-9-9-9-9-9-9-9-9-9-9-9-9-9-9-9-9-9-9-9-9    -9 9898604884957990212163 5 264521133-9-9-9
3394 00 0-9 -9-9-9 -9-9-9-9-9-9-9-9-9-9-9-9-9-9-9-9-9-9-9-9-9-9-9-9-9    -9 9898604884957990212163 5 664821131 715 9
3395 00 0-9 -9-9-9 -9-9-9-9-9-9-9-9-9-9-9-9-9-9-9-9-9-9-9-9-9-9-9-9-9    -9 9898604884957990212163 4 262116184-9-9-9
3396 00 0-9 -9-9-9 -9-9-9-9-9-9-9-9-9-9-9-9-9-9-9-9-9-9-9-9-9-9-9-9-9    -9 4949302442478990212163 2 266921125-9-9-9
3397 00 0-9 -9-9-9 -9-9-9-9-9-9-9-9-9-9-9-9-9-9-9-9-9-9-9-9-9-9-9-9-9    -9 5678610194671790212163 2 314416123-9-9-9
3398 00 0-9 -9-9-9 -9-9-9-9-9-9-9-9-9-9-9-9-9-9-9-9-9-9-9-9-9-9-9-9-9    -922714440778687180212163 89713116141 711 6
3399 10 0 1 682121 684141 1 045 1 1 1 6 6 6 6 6 6 6 6 6 6 6 6 1 6 1-9  4101 5678610194671790212163 3 313711262 716 1
3400 10 0 1 682121 684141 4 040-9 1 6 1 6 6 6 6 6 6 6 6 6 6 6 1 6 8-9  256822714440778687180212163139713016133-9-9-9
3401 00 0-9 -9-9-9 -9-9-9-9-9-9-9-9-9-9-9-9-9-9-9-9-9-9-9-9-9-9-9-9-9    -9 9898604884957990212163 6 362216161 6 820
3402 00 0-9 -9-9-9 -9-9-9-9-9-9-9-9-9-9-9-9-9-9-9-9-9-9-9-9-9-9-9-9-9    -9 2474651221239499212163 3 363946162 6 3 6
3403 00 0-9 -9-9-9 -9-9-9-9-9-9-9-9-9-9-9-9-9-9-9-9-9-9-9-9-9-9-9-9-9    -9 8517915292007690212163 4 214821162 7 7 9
3404 00 0-9 -9-9-9 -9-9-9-9-9-9-9-9-9-9-9-9-9-9-9-9-9-9-9-9-9-9-9-9-9    -9 5678610194671790212163 59713421163-9-9-9
3405 00 0-9 -9-9-9 -9-9-9-9-9-9-9-9-9-9-9-9-9-9-9-9-9-9-9-9-9-9-9-9-9    -9 5678610194671790212163 2 313616163-9-9-9
3406 00 0-9 -9-9-9 -9-9-9-9-9-9-9-9-9-9-9-9-9-9-9-9-9-9-9-9-9-9-9-9-9    -9 7423953663718490212163 3 865321161 6 617
3407 11 0 1 682121 68-939 813 0-9 2 6 6 6 6 6 6 1 6 6 6 6 6 6 1 1-9 7 69539 5678610194671790212163 2 417221145-9-9-9
3408 00 1 1 682121187-9-9 3 115-9 1 6 6 6 6 6 6 1 6 6 6 6 6 6 1 6-912 29456 5678610194671790212163 4 213821133-9-9-9
3409 00 0-9 -9-9-9 -9-9-9-9-9-9-9-9-9-9-9-9-9-9-9-9-9-9-9-9-9-9-9-9-9    -9 2839305097335898212163 1 514516171 613 7
3410 00 0-9 -9-9-9 -9-9-9-9-9-9-9-9-9-9-9-9-9-9-9-9-9-9-9-9-9-9-9-9-9    -9 2474651221239499212163 1 167436127-9-9-9
3411 00 0-9 -9-9-9 -9-9-9-9-9-9-9-9-9-9-9-9-9-9-9-9-9-9-9-9-9-9-9-9-9    -9 5678610194671790212163 2 314416141 712 6
3412 00 0-9 -9-9-9 -9-9-9-9-9-9-9-9-9-9-9-9-9-9-9-9-9-9-9-9-9-9-9-9-9    -9 5678610194671790212163 4 212921143-9-9-9
3413 00 0-9 -9-9-9 -9-9-9-9-9-9-9-9-9-9-9-9-9-9-9-9-9-9-9-9-9-9-9-9-9    -911357220389343590212163 49715616135-9-9-9
3414 00 0-9 -9-9-9 -9-9-9-9-9-9-9-9-9-9-9-9-9-9-9-9-9-9-9-9-9-9-9-9-9    -9 4949302442478990212163 29862621193-9-9-9
3415 20 1 1 682121 68-941 7 130-9 1 6 1 6 6 6 6 6 6 6 6 6 6 6 1 6 5-9 10325 4949302442478990212163 3 864721181 6 216
3416 00 0-9 -9-9-9 -9-9-9-9-9-9-9-9-9-9-9-9-9-9-9-9-9-9-9-9-9-9-9-9-9    -911357220389343590212163 49711616144-9-9-9
3417 00 0-9 -9-9-9 -9-9-9-9-9-9-9-9-9-9-9-9-9-9-9-9-9-9-9-9-9-9-9-9-9    -9 4949302442478990212163 4 363921198-9-9-9
3418 00 0-9 -9-9-9 -9-9-9-9-9-9-9-9-9-9-9-9-9-9-9-9-9-9-9-9-9-9-9-9-9    -9 5678610194671790212163 49714641143-9-9-9
3419 00 0-9 -9-9-9 -9-9-9-9-9-9-9-9-9-9-9-9-9-9-9-9-9-9-9-9-9-9-9-9-9    -9 4949302442478990212163 2 366921127-9-9-9
3420 00 0-9 -9-9-9 -9-9-9-9-9-9-9-9-9-9-9-9-9-9-9-9-9-9-9-9-9-9-9-9-9    -9 5678610194671790212163 2 317321175-9-9-9
3421 00 0-9 -9-9-9 -9-9-9-9-9-9-9-9-9-9-9-9-9-9-9-9-9-9-9-9-9-9-9-9-9    -911357220389343590212163 59711716144-9-9-9
3422 00 0-9 -9-9-9 -9-9-9-9-9-9-9-9-9-9-9-9-9-9-9-9-9-9-9-9-9-9-9-9-9    -9 4949302442478990212163 3 263421143-9-9-9
3423 00 1 1 682121190-9-9 4 6 0-9 2 6 1 6 6 6 6 6 6 6 1 6 6 6 1 1-9-9190397 4949302442478990212163 2 165421277-9-9-9
3424 20 0 1 682121 68-929 6 230-9 1 6 6 6 6 6 6 6 1 6 6 6 6 6 1 6-9 7 23893 8517915292007690212163 39713516192 1 3 3
3425 00 0-9 -9-9-9 -9-9-9-9-9-9-9-9-9-9-9-9-9-9-9-9-9-9-9-9-9-9-9-9-9    -911357220389343590212163 4 512216131 610 1
3426 00 1 1 682121187-9-910 020-9 1 1 6 6 6 6 6 6 6 6 6 6 6 6 6 6 9-9 2766711357220389343590212163 4 214816141 1 1 8
3427 00 0-9 -9-9-9 -9-9-9-9-9-9-9-9-9-9-9-9-9-9-9-9-9-9-9-9-9-9-9-9-9    -9 4949302442478990212163 59763521141 716 1
3428 00 0-9 -9-9-9 -9-9-9-9-9-9-9-9-9-9-9-9-9-9-9-9-9-9-9-9-9-9-9-9-9    -9 7423953663718490212163 3 364921141 6 7 3
3429 00 0-9 -9-9-9 -9-9-9-9-9-9-9-9-9-9-9-9-9-9-9-9-9-9-9-9-9-9-9-9-9    -9 5678610194671790212163 2 215421133-9-9-9
3430 00 0-9 -9-9-9 -9-9-9-9-9-9-9-9-9-9-9-9-9-9-9-9-9-9-9-9-9-9-9-9-9    -914196525486679490212163 59711716148-9-9-9
3431 00 0-9 -9-9-9 -9-9-9-9-9-9-9-9-9-9-9-9-9-9-9-9-9-9-9-9-9-9-9-9-9    -9 3150153437913778232363 2 268336127-9-9-9
3432 00 0-9 -9-9-9 -9-9-9-9-9-9-9-9-9-9-9-9-9-9-9-9-9-9-9-9-9-9-9-9-9    -9 3150153437913778232363 4 463021142 71520
3433 00 0-9 -9-9-9 -9-9-9-9-9-9-9-9-9-9-9-9-9-9-9-9-9-9-9-9-9-9-9-9-9    -9 1575076718956889232363 19767936117-9-9-9
3434 00 0-9 -9-9-9 -9-9-9-9-9-9-9-9-9-9-9-9-9-9-9-9-9-9-9-9-9-9-9-9-9    -9 1519665009931473232363 1 216116146-9-9-9
3435 00 0-9 -9-9-9 -9-9-9-9-9-9-9-9-9-9-9-9-9-9-9-9-9-9-9-9-9-9-9-9-9    -9 7598325049657360232363 59715421141 1 1 8
3436 00 0-9 -9-9-9 -9-9-9-9-9-9-9-9-9-9-9-9-9-9-9-9-9-9-9-9-9-9-9-9-9    -9 6078660039725890232363 4 211916143-9-9-9
3437 00 0-9 -9-9-9 -9-9-9-9-9-9-9-9-9-9-9-9-9-9-9-9-9-9-9-9-9-9-9-9-9    -9 4725230156870660232363 3 366521147-9-9-9
3438 00 0-9 -9-9-9 -9-9-9-9-9-9-9-9-9-9-9-9-9-9-9-9-9-9-9-9-9-9-9-9-9    -9 4558995029794410232363 4 415021141 1 1 3
3439 10 0 1 682323 682929 6 230-9 2 6 1 6 6 6 6 6 6 6 6 6 6 6 1 1 8-9 12893 3150153437913778232363 4 363521148-9-9-9
3440 00 0-9 -9-9-9 -9-9-9-9-9-9-9-9-9-9-9-9-9-9-9-9-9-9-9-9-9-9-9-9-9    -9 4558995029794410232363 49712116141 71219
3441 00 0-9 -9-9-9 -9-9-9-9-9-9-9-9-9-9-9-9-9-9-9-9-9-9-9-9-9-9-9-9-9    -9 6300306875827550232313 4 663016161 6 417
3442 00 0-9 -9-9-9 -9-9-9-9-9-9-9-9-9-9-9-9-9-9-9-9-9-9-9-9-9-9-9-9-9    -9 3150153437913778232313 2 367516135-9-9-9
3443 00 0-9 -9-9-9 -9-9-9-9-9-9-9-9-9-9-9-9-9-9-9-9-9-9-9-9-9-9-9-9-9    -9 4725230156870660232313 39765921137-9-9-9
3444 00 0-9 -9-9-9 -9-9-9-9-9-9-9-9-9-9-9-9-9-9-9-9-9-9-9-9-9-9-9-9-9    -9 3150153437913778232313 2 267636125-9-9-9
3445 20 0 1 682323 68-914 1 1 0 3 1 1 6 6 6 6 6 6 6 6 6 6 6 6 6 6 4-9  5121 3039330019862946232313 2 214121141 6 114
3446 20 0 1 682323 68-918 6 1 0-9 1 6 1 6 6 6 6 6 6 6 6 6 6 6 1 611-9  6810 1575076718956889232313 2 363546191 6 317
3447 00 0-9 -9-9-9 -9-9-9-9-9-9-9-9-9-9-9-9-9-9-9-9-9-9-9-9-9-9-9-9-9    -9 4558995029794410232313 3 215821138-9-9-9
3448 00 0-9 -9-9-9 -9-9-9-9-9-9-9-9-9-9-9-9-9-9-9-9-9-9-9-9-9-9-9-9-9    -9 4725230156870660232313 3 365846151 6 617
3449 10 0 1 682323 681111 6 230-9 2 1 6 6 6 6 6 6 6 6 6 6 6 6 6 1 8-9 26094 1519665009931473232313 1 716016195-9-9-9
3450 20 0 1 682323 68-921 4 345-9 2 1 6 6 6 6 6 6 6 6 6 6 6 6 6 1 7-9 26898 1519665009931473232313 1 314616141 614 8
3451 00 0-9 -9-9-9 -9-9-9-9-9-9-9-9-9-9-9-9-9-9-9-9-9-9-9-9-9-9-9-9-9    -9 6300306875827550232313 4 565621161 6 817
3452 00 0-9 -9-9-9 -9-9-9-9-9-9-9-9-9-9-9-9-9-9-9-9-9-9-9-9-9-9-9-9-9    -9 3150153437913778232313 4 363421183-9-9-9
3453 00 0-9 -9-9-9 -9-9-9-9-9-9-9-9-9-9-9-9-9-9-9-9-9-9-9-9-9-9-9-9-9    -9 4725230156870660232313 3 366321137-9-9-9
3454 11 0 1 682323 682929 6 210-9 2 1 6 6 6 6 6 6 6 6 6 6 6 6 6 1 4-9 12503 3039330019862946232313 3 613421171 1 1 7
3455 00 0-9 -9-9-9 -9-9-9-9-9-9-9-9-9-9-9-9-9-9-9-9-9-9-9-9-9-9-9-9-9    -9 3150153437913778232313 4 463821152 6 615
3456 00 0-9 -9-9-9 -9-9-9-9-9-9-9-9-9-9-9-9-9-9-9-9-9-9-9-9-9-9-9-9-9    -9 6078660039725890232313 4 315221148-9-9-9
3457 00 0-9 -9-9-9 -9-9-9-9-9-9-9-9-9-9-9-9-9-9-9-9-9-9-9-9-9-9-9-9-9    -9 4725230156870660232313 3 365521137-9-9-9
3458 00 0-9 -9-9-9 -9-9-9-9-9-9-9-9-9-9-9-9-9-9-9-9-9-9-9-9-9-9-9-9-9    -9 3039330019862946232313 4 313421141 612 3
3459 00 0-9 -9-9-9 -9-9-9-9-9-9-9-9-9-9-9-9-9-9-9-9-9-9-9-9-9-9-9-9-9    -9 1575076718956889232313 1 267536115-9-9-9
3460 00 0-9 -9-9-9 -9-9-9-9-9-9-9-9-9-9-9-9-9-9-9-9-9-9-9-9-9-9-9-9-9    -9 3150153437913778232313 2 267521125-9-9-9
3461 00 0-9 -9-9-9 -9-9-9-9-9-9-9-9-9-9-9-9-9-9-9-9-9-9-9-9-9-9-9-9-9    -9 3105681999924829232311 2 218321115-9-9-9
3462 00 0-9 -9-9-9 -9-9-9-9-9-9-9-9-9-9-9-9-9-9-9-9-9-9-9-9-9-9-9-9-9    -9 6211363999849650232311 59711916133-9-9-9
3463 20 0 1 682323 684141 6 3 0-9 1 6 6 6 6 6 1 6 6 6 6 6 6 6 1 6-9 1 19444 6437849634750290232311 4 566121167-9-9-9
3464 00 0-9 -9-9-9 -9-9-9-9-9-9-9-9-9-9-9-9-9-9-9-9-9-9-9-9-9-9-9-9-9    -9 3218924817375148232311 49864821181 6 217
3465 10 0 1 682323 68 4 4 6 230-9 2 1 6 6 6 6 6 6 6 6 6 6 6 6 1 1 7-9 15112 6211363999849650232311 49711916133-9-9-9
3466 00 0-9 -9-9-9 -9-9-9-9-9-9-9-9-9-9-9-9-9-9-9-9-9-9-9-9-9-9-9-9-9    -9 3105681999924829232311 2 214616161 61513
3467 11 0 1 682323 68-9 6 6 430-9 2 1 1 6 6 6 6 6 6 6 6 6 6 6 1 111-9 23453 3218924817375148232311 2 564221161 1 610
3468 00 0-9 -9-9-9 -9-9-9-9-9-9-9-9-9-9-9-9-9-9-9-9-9-9-9-9-9-9-9-9-9    -9 4828387226062720232311 3 365921142 6 7 7
3469 00 0-9 -9-9-9 -9-9-9-9-9-9-9-9-9-9-9-9-9-9-9-9-9-9-9-9-9-9-9-9-9    -9 3105681999924829232311 4 414421141 614 8
3470 00 0-9 -9-9-9 -9-9-9-9-9-9-9-9-9-9-9-9-9-9-9-9-9-9-9-9-9-9-9-9-9    -9 3039330019862946232313 2 218221135-9-9-9
3471 00 0-9 -9-9-9 -9-9-9-9-9-9-9-9-9-9-9-9-9-9-9-9-9-9-9-9-9-9-9-9-9    -9 3150153437913778232313 2 364716132 61517
3472 00 0-9 -9-9-9 -9-9-9-9-9-9-9-9-9-9-9-9-9-9-9-9-9-9-9-9-9-9-9-9-9    -9 3150153437913778232313 3 463821151 6 817
3473 10 0 1 682323 68 4 4 8 230-9 2 6 1 6 6 6 6 6 6 6 6 6 6 6 1 1 7-9 15218 4725230156870660232313 39762216183-9-9-9
3474 20 0 1 682323 68-918 4 1 0-9 1 1 6 6 6 6 6 6 6 6 6 6 6 6 1 610-9  6808 6300306875827550232313 4 564821191 6 315
3475 00 0-9 -9-9-9 -9-9-9-9-9-9-9-9-9-9-9-9-9-9-9-9-9-9-9-9-9-9-9-9-9    -9 3150153437913778232313 3 363221162 9 216
3476 00 0-9 -9-9-9 -9-9-9-9-9-9-9-9-9-9-9-9-9-9-9-9-9-9-9-9-9-9-9-9-9    -9 7598325049657360232313 5 311616134-9-9-9
3477 00 0-9 -9-9-9 -9-9-9-9-9-9-9-9-9-9-9-9-9-9-9-9-9-9-9-9-9-9-9-9-9    -9 4725230156870660232313 3 465621182 6 217
3478 01 1 1 682323 68-928 6 3 0-9 1 6 1 6 6 6 6 6 6 6 6 6 6 6 1 1 8-9 30284 4725230156870660232313 3 865721151 6 115
3479 00 0-9 -9-9-9 -9-9-9-9-9-9-9-9-9-9-9-9-9-9-9-9-9-9-9-9-9-9-9-9-9    -9 3150153437913778232313 4 364321171 7 217
3480 00 0-9 -9-9-9 -9-9-9-9-9-9-9-9-9-9-9-9-9-9-9-9-9-9-9-9-9-9-9-9-9    -9 3150153437913778232313 4 263821142 6 813
3481 00 0-9 -9-9-9 -9-9-9-9-9-9-9-9-9-9-9-9-9-9-9-9-9-9-9-9-9-9-9-9-9    -9 1575076718956889232313 1 162416153-9-9-9
3482 00 0-9 -9-9-9 -9-9-9-9-9-9-9-9-9-9-9-9-9-9-9-9-9-9-9-9-9-9-9-9-9    -9 3150153437913778232313 3 564321161 9 517
3483 10 0 1 682323 68-914 4 115-9 1 6 6 6 6 6 6 6 1 6 6 6 6 6 1 6-9 3  9334 6078660039725890232313 4 416321185-9-9-9
3484 00 0-9 -9-9-9 -9-9-9-9-9-9-9-9-9-9-9-9-9-9-9-9-9-9-9-9-9-9-9-9-9    -9 3039330019862946232313 5 213321143-9-9-9
3485 00 0-9 -9-9-9 -9-9-9-9-9-9-9-9-9-9-9-9-9-9-9-9-9-9-9-9-9-9-9-9-9    -9 4558995029794410232313 3 218121115-9-9-9
3486 10 0 1 682323 68-929 8 230-9 2 6 1 6 6 6 6 6 6 6 6 6 6 6 1 1 5-9 11509 6300306875827550232313 4 364521147-9-9-9
3487 00 0-9 -9-9-9 -9-9-9-9-9-9-9-9-9-9-9-9-9-9-9-9-9-9-9-9-9-9-9-9-9    -9 3039330019862946232313 2 217521135-9-9-9
3488 00 0-9 -9-9-9 -9-9-9-9-9-9-9-9-9-9-9-9-9-9-9-9-9-9-9-9-9-9-9-9-9    -9 4558995029794410232313 3 216021135-9-9-9
3489 00 0-9 -9-9-9 -9-9-9-9-9-9-9-9-9-9-9-9-9-9-9-9-9-9-9-9-9-9-9-9-9    -9 3039330019862946232313 29813211143-9-9-9
3490 00 0-9 -9-9-9 -9-9-9-9-9-9-9-9-9-9-9-9-9-9-9-9-9-9-9-9-9-9-9-9-9    -9 3150153437913778232313 29768036127-9-9-9
3491 00 0-9 -9-9-9 -9-9-9-9-9-9-9-9-9-9-9-9-9-9-9-9-9-9-9-9-9-9-9-9-9    -9 1575076718956889232313 1 567036137-9-9-9
3492 10 0 1 682323 68-918 4 115-9 2 6 1 6 6 6 6 6 6 6 6 6 6 6 1 1 8-9  6847 3150153437913778232313 49763921191 6 216
3493 00 0-9 -9-9-9 -9-9-9-9-9-9-9-9-9-9-9-9-9-9-9-9-9-9-9-9-9-9-9-9-9    -9 4725230156870660232313 39762616183-9-9-9
3494 00 0-9 -9-9-9 -9-9-9-9-9-9-9-9-9-9-9-9-9-9-9-9-9-9-9-9-9-9-9-9-9    -9 1575076718956889232313 19767016145-9-9-9
3495 20 0 1 682323 68-918 4 115-9 1 1 6 6 6 6 6 6 6 6 6 6 6 6 1 611-9  6851 1575076718956889232313 1 364816181 6 217
3496 00 0-9 -9-9-9 -9-9-9-9-9-9-9-9-9-9-9-9-9-9-9-9-9-9-9-9-9-9-9-9-9    -9 1575076718956889232313 3 265446161 61515
3497 00 0-9 -9-9-9 -9-9-9-9-9-9-9-9-9-9-9-9-9-9-9-9-9-9-9-9-9-9-9-9-9    -9 3150153437913778232313 29767821137-9-9-9
3498 00 0-9 -9-9-9 -9-9-9-9-9-9-9-9-9-9-9-9-9-9-9-9-9-9-9-9-9-9-9-9-9    -9 7598325049657360232313 59712216144-9-9-9
3499 00 0-9 -9-9-9 -9-9-9-9-9-9-9-9-9-9-9-9-9-9-9-9-9-9-9-9-9-9-9-9-9    -9 1575076718956889232313 1 267046145-9-9-9
3500 00 0-9 -9-9-9 -9-9-9-9-9-9-9-9-9-9-9-9-9-9-9-9-9-9-9-9-9-9-9-9-9    -9 3150153437913778232313 3 464321163-9-9-9
3501 00 0-9 -9-9-9 -9-9-9-9-9-9-9-9-9-9-9-9-9-9-9-9-9-9-9-9-9-9-9-9-9    -9 3150153437913778232313 2 263921143-9-9-9
3502 00 0-9 -9-9-9 -9-9-9-9-9-9-9-9-9-9-9-9-9-9-9-9-9-9-9-9-9-9-9-9-9    -9 3039330019862946232313 2 213446143-9-9-9
3503 00 0-9 -9-9-9 -9-9-9-9-9-9-9-9-9-9-9-9-9-9-9-9-9-9-9-9-9-9-9-9-9    -9 6300306875827550232313 4 765521141 6 817
3504 00 0-9 -9-9-9 -9-9-9-9-9-9-9-9-9-9-9-9-9-9-9-9-9-9-9-9-9-9-9-9-9    -9 3150153437913778232313 3 463121171 6 6 8
3505 00 0-9 -9-9-9 -9-9-9-9-9-9-9-9-9-9-9-9-9-9-9-9-9-9-9-9-9-9-9-9-9    -9 4725230156870660232313 3 565216141 614 3
3506 00 0-9 -9-9-9 -9-9-9-9-9-9-9-9-9-9-9-9-9-9-9-9-9-9-9-9-9-9-9-9-9    -9 4725230156870660232313 39762416193-9-9-9
3507 00 0-9 -9-9-9 -9-9-9-9-9-9-9-9-9-9-9-9-9-9-9-9-9-9-9-9-9-9-9-9-9    -9 3039330019862946232313 59813621191 1 313
3508 10 0 1 682323 68 4 4 6 230-9 2 1 6 6 6 6 6 6 6 6 6 6 6 6 1 111-9 15280 3039330019862946232313 29815421141 613 3
3509 00 0-9 -9-9-9 -9-9-9-9-9-9-9-9-9-9-9-9-9-9-9-9-9-9-9-9-9-9-9-9-9    -9 3150153437913778232313 4 263121153-9-9-9
3510 00 0-9 -9-9-9 -9-9-9-9-9-9-9-9-9-9-9-9-9-9-9-9-9-9-9-9-9-9-9-9-9    -9 3105681999924829232311 4 113041143-9-9-9
3511 10 0 1 682323 68-918 6 045-9 1 1 6 6 6 6 6 6 6 6 6 6 6 6 6 611-9  6919 6211363999849650232311 4 812916191 1 113
3512 00 0-9 -9-9-9 -9-9-9-9-9-9-9-9-9-9-9-9-9-9-9-9-9-9-9-9-9-9-9-9-9    -9 4658522999887240232311 4 411916154-9-9-9
3513 00 0-9 -9-9-9 -9-9-9-9-9-9-9-9-9-9-9-9-9-9-9-9-9-9-9-9-9-9-9-9-9    -9 3105681999924829232311 4 513321191 612 1
3514 00 0-9 -9-9-9 -9-9-9-9-9-9-9-9-9-9-9-9-9-9-9-9-9-9-9-9-9-9-9-9-9    -9 6437849634750290232311 4 665521165-9-9-9
3515 00 0-9 -9-9-9 -9-9-9-9-9-9-9-9-9-9-9-9-9-9-9-9-9-9-9-9-9-9-9-9-9    -9 3105681999924829232311 2 216921125-9-9-9
3516 10 0 1 682323 68-9 4 6 230-9 1 1 6 6 6 6 6 6 6 6 6 6 6 6 1 1 8-9 14100 3105681999924829232311 2 317121155-9-9-9
3517 00 0-9 -9-9-9 -9-9-9-9-9-9-9-9-9-9-9-9-9-9-9-9-9-9-9-9-9-9-9-9-9    -9 4828387226062720232311 4 364821163-9-9-9
3518 00 0-9 -9-9-9 -9-9-9-9-9-9-9-9-9-9-9-9-9-9-9-9-9-9-9-9-9-9-9-9-9    -911266236860813020232311 7 861916154-9-9-9
3519 01 0 1 682323 68-9 7 6 1 0-9 2 6 6 6 6 6 6 6 6 6 1 6 6 6 6 1-912 61688 1609462408687574232311 1 165046163-9-9-9
3520 00 0-9 -9-9-9 -9-9-9-9-9-9-9-9-9-9-9-9-9-9-9-9-9-9-9-9-9-9-9-9-9    -9 1519665009931473232313 1 715646191 6 116
3521 00 0-9 -9-9-9 -9-9-9-9-9-9-9-9-9-9-9-9-9-9-9-9-9-9-9-9-9-9-9-9-9    -9 3039330019862946232313 2 318221135-9-9-9
3522 00 0-9 -9-9-9 -9-9-9-9-9-9-9-9-9-9-9-9-9-9-9-9-9-9-9-9-9-9-9-9-9    -9 6300306875827550232313 49764921181 6 216
3523 00 0-9 -9-9-9 -9-9-9-9-9-9-9-9-9-9-9-9-9-9-9-9-9-9-9-9-9-9-9-9-9    -9 3150153437913778232313 2 264226251 61520
3524 00 0-9 -9-9-9 -9-9-9-9-9-9-9-9-9-9-9-9-9-9-9-9-9-9-9-9-9-9-9-9-9    -9 1575076718956889232313 1 266836137-9-9-9
3525 10 0 1 682323 68-929 8 215-9 2 6 1 6 6 6 6 6 6 6 6 6 6 6 1 1 7-9 11385 6078660039725890232313 4 713316154-9-9-9
3526 10 0 1 682323 682929 6 4 0-9 1 6 6 6 6 6 1 6 6 6 6 6 6 6 1 6-9 1 15567 3150153437913778232313 2 266521132 71517
3527 00 0-9 -9-9-9 -9-9-9-9-9-9-9-9-9-9-9-9-9-9-9-9-9-9-9-9-9-9-9-9-9    -9 4558995029794410232313 3 815441181 6 315
3528 00 0-9 -9-9-9 -9-9-9-9-9-9-9-9-9-9-9-9-9-9-9-9-9-9-9-9-9-9-9-9-9    -9 4725230156870660232313 39761616144-9-9-9
3529 00 0-9 -9-9-9 -9-9-9-9-9-9-9-9-9-9-9-9-9-9-9-9-9-9-9-9-9-9-9-9-9    -9 6300306875827550232313 4 365621133-9-9-9
3530 00 0-9 -9-9-9 -9-9-9-9-9-9-9-9-9-9-9-9-9-9-9-9-9-9-9-9-9-9-9-9-9    -9 6211363999849650232311 4 711916144-9-9-9
3531 10 0 1 682323 68-918 6 110-9 1 1 6 6 6 6 6 6 6 6 6 6 6 6 1 6 7-9  6907 3105681999924829232311 4 613821141 6 5 8
3532 00 0-9 -9-9-9 -9-9-9-9-9-9-9-9-9-9-9-9-9-9-9-9-9-9-9-9-9-9-9-9-9    -9 6211363999849650232311 4 712716141 616 3
3533 00 0-9 -9-9-9 -9-9-9-9-9-9-9-9-9-9-9-9-9-9-9-9-9-9-9-9-9-9-9-9-9    -9 3105681999924829232311 4 314521141 6 614
3534 00 0-9 -9-9-9 -9-9-9-9-9-9-9-9-9-9-9-9-9-9-9-9-9-9-9-9-9-9-9-9-9    -9 3105681999924829232311 4 114321143-9-9-9
3535 00 0-9 -9-9-9 -9-9-9-9-9-9-9-9-9-9-9-9-9-9-9-9-9-9-9-9-9-9-9-9-9    -9 6437849634750290232311 5 564421161 6 7 7
3536 00 0-9 -9-9-9 -9-9-9-9-9-9-9-9-9-9-9-9-9-9-9-9-9-9-9-9-9-9-9-9-9    -9 4828387226062720232311 3 465521137-9-9-9
3537 00 0-9 -9-9-9 -9-9-9-9-9-9-9-9-9-9-9-9-9-9-9-9-9-9-9-9-9-9-9-9-9    -9 4658522999887240232311 49711816164-9-9-9
3538 00 0-9 -9-9-9 -9-9-9-9-9-9-9-9-9-9-9-9-9-9-9-9-9-9-9-9-9-9-9-9-9    -9 1552840999962415232311 1 313316191 6 6 7
3539 00 0-9 -9-9-9 -9-9-9-9-9-9-9-9-9-9-9-9-9-9-9-9-9-9-9-9-9-9-9-9-9    -9 6437849634750290232311 49764721147-9-9-9
3540 00 0-9 -9-9-9 -9-9-9-9-9-9-9-9-9-9-9-9-9-9-9-9-9-9-9-9-9-9-9-9-9    -9 4558995029794410232313 3 515241161 6 9 3
3541 10 0 2 682323 68-941 6 310-9 2 6 6 6 6 6 6 6 1 6 6 6 6 6 1 1-9 3 17151 1575076718956889232313 1 263616181 6 6 3
3542 00 0-9 -9-9-9 -9-9-9-9-9-9-9-9-9-9-9-9-9-9-9-9-9-9-9-9-9-9-9-9-9    -9 4558995029794410232313 3 714721151 61715
3543 00 0-9 -9-9-9 -9-9-9-9-9-9-9-9-9-9-9-9-9-9-9-9-9-9-9-9-9-9-9-9-9    -9 3039330019862946232313 2 512411161 712 4
3544 01 0 1 682323 68-943 6 830-9 2 6 1 6 6 6 6 6 6 6 6 6 6 6 1 1 7-9 54040 3039330019862946232313 39711616134-9-9-9
3545 00 0-9 -9-9-9 -9-9-9-9-9-9-9-9-9-9-9-9-9-9-9-9-9-9-9-9-9-9-9-9-9    -9 6078660039725890232313 4 712416181 6 217
3546 00 0-9 -9-9-9 -9-9-9-9-9-9-9-9-9-9-9-9-9-9-9-9-9-9-9-9-9-9-9-9-9    -9 7875383594784440232313 59762616194-9-9-9
3547 00 0-9 -9-9-9 -9-9-9-9-9-9-9-9-9-9-9-9-9-9-9-9-9-9-9-9-9-9-9-9-9    -9 3039330019862946232313 2 512411141 6 4 7
3548 00 0-9 -9-9-9 -9-9-9-9-9-9-9-9-9-9-9-9-9-9-9-9-9-9-9-9-9-9-9-9-9    -9 3150153437913778232313 3 164121258-9-9-9
3549 10 0 2 68-911 682323 9 330-9 2 6 1 6 6 6 6 6 6 6 6 6 6 6 1 1 8-9 26343 3150153437913778232313 2 765721137-9-9-9
3550 00 0-9 -9-9-9 -9-9-9-9-9-9-9-9-9-9-9-9-9-9-9-9-9-9-9-9-9-9-9-9-9    -9 3039330019862946232313 2 518536135-9-9-9
3551 00 0-9 -9-9-9 -9-9-9-9-9-9-9-9-9-9-9-9-9-9-9-9-9-9-9-9-9-9-9-9-9    -9 3039330019862946232313 3 714221171 6 615
3552 01 0 1 682323 68-9 3 9 4 0-9 2 1 6 6 6 6 6 6 6 6 6 6 6 6 1 1 1-9 29270 3039330019862946232313 2 616321175-9-9-9
3553 00 0-9 -9-9-9 -9-9-9-9-9-9-9-9-9-9-9-9-9-9-9-9-9-9-9-9-9-9-9-9-9    -9 6078660039725890232313 4 614921141 6 5 6
3554 10 0 1 682323 68-918 4 1 0-9 2 6 1 6 6 6 6 6 6 6 6 6 6 6 1 1 8-9  6943 3150153437913778232313 5 864521182 6 217
3555 20 0 1 682323 68-91410 020-9 1 1 6 6 6 6 6 6 6 6 6 6 6 6 6 6 1-9  4982 3150153437913778232313 3 364536157-9-9-9
3556 00 0-9 -9-9-9 -9-9-9-9-9-9-9-9-9-9-9-9-9-9-9-9-9-9-9-9-9-9-9-9-9    -9 3150153437913778232313 4 363621152 6 915
3557 00 0-9 -9-9-9 -9-9-9-9-9-9-9-9-9-9-9-9-9-9-9-9-9-9-9-9-9-9-9-9-9    -9 4725230156870660232313 4 764221161 7 817
3558 10 0 1 682323 68-918 6 145-9 1 1 6 6 6 6 6 6 6 6 6 6 6 6 1 1 4-9 11689 3150153437913778232313 2 363221143-9-9-9
3559 10 0 1 682323 68 4 4 6 2 0-9 2 1 6 6 6 6 6 6 6 6 6 6 6 6 1 1 8-9 15407 3039330019862946232313 4 713721181 6 915
3560 00 0-9 -9-9-9 -9-9-9-9-9-9-9-9-9-9-9-9-9-9-9-9-9-9-9-9-9-9-9-9-9    -9 4725230156870660232313 3 465221187-9-9-9
3561 00 0-9 -9-9-9 -9-9-9-9-9-9-9-9-9-9-9-9-9-9-9-9-9-9-9-9-9-9-9-9-9    -9 3039330019862946232313 4 514321181 6 914
3562 00 0-9 -9-9-9 -9-9-9-9-9-9-9-9-9-9-9-9-9-9-9-9-9-9-9-9-9-9-9-9-9    -9 3039330019862946232313 2 713421191 6 216
3563 00 0-9 -9-9-9 -9-9-9-9-9-9-9-9-9-9-9-9-9-9-9-9-9-9-9-9-9-9-9-9-9    -9 1575076718956889232313 1 765446191 6 215
3564 10 0 1 682323 68-914 6 130-9 2 6 1 6 6 6 6 6 6 6 6 6 6 6 1 1 1-9  7153 4725230156870660232313 4 864621191 6 317
3565 00 0-9 -9-9-9 -9-9-9-9-9-9-9-9-9-9-9-9-9-9-9-9-9-9-9-9-9-9-9-9-9    -9 3039330019862946232313 3 613421181 6 217
3566 00 0-9 -9-9-9 -9-9-9-9-9-9-9-9-9-9-9-9-9-9-9-9-9-9-9-9-9-9-9-9-9    -9 3150153437913778232313 4 663721191 6 311
3567 00 0-9 -9-9-9 -9-9-9-9-9-9-9-9-9-9-9-9-9-9-9-9-9-9-9-9-9-9-9-9-9    -9 4725230156870660232313 4 361616144-9-9-9
3568 00 0-9 -9-9-9 -9-9-9-9-9-9-9-9-9-9-9-9-9-9-9-9-9-9-9-9-9-9-9-9-9    -9 3039330019862946232313 2 316421135-9-9-9
3569 00 0-9 -9-9-9 -9-9-9-9-9-9-9-9-9-9-9-9-9-9-9-9-9-9-9-9-9-9-9-9-9    -9 3150153437913778232313 4 663721151 6 6 5
3570 00 0-9 -9-9-9 -9-9-9-9-9-9-9-9-9-9-9-9-9-9-9-9-9-9-9-9-9-9-9-9-9    -9 3039330019862946232313 29817021195-9-9-9
3571 00 0-9 -9-9-9 -9-9-9-9-9-9-9-9-9-9-9-9-9-9-9-9-9-9-9-9-9-9-9-9-9    -9 7598325049657360232313 59711716154-9-9-9
3572 10 0 1 682323 681414 6 2 0-9 1 6 6 6 6 6 6 6 1 6 6 6 6 6 6 1-9 4 10006 1519665009931473232313 19813216191 6 216
3573 00 0-9 -9-9-9 -9-9-9-9-9-9-9-9-9-9-9-9-9-9-9-9-9-9-9-9-9-9-9-9-9    -9 9117990059588830232313 69812016184-9-9-9
3574 00 0-9 -9-9-9 -9-9-9-9-9-9-9-9-9-9-9-9-9-9-9-9-9-9-9-9-9-9-9-9-9    -9 3039330019862946232313 4 514121181 7 111
3575 00 0-9 -9-9-9 -9-9-9-9-9-9-9-9-9-9-9-9-9-9-9-9-9-9-9-9-9-9-9-9-9    -9 4725230156870660232313 3 367921135-9-9-9
3576 00 0-9 -9-9-9 -9-9-9-9-9-9-9-9-9-9-9-9-9-9-9-9-9-9-9-9-9-9-9-9-9    -9 4558995029794410232313 3 212416173-9-9-9
3577 00 0-9 -9-9-9 -9-9-9-9-9-9-9-9-9-9-9-9-9-9-9-9-9-9-9-9-9-9-9-9-9    -9 4558995029794410232313 39813016193-9-9-9
3578 00 0-9 -9-9-9 -9-9-9-9-9-9-9-9-9-9-9-9-9-9-9-9-9-9-9-9-9-9-9-9-9    -9 4725230156870660232313 39866221191 7 216
3579 00 0-9 -9-9-9 -9-9-9-9-9-9-9-9-9-9-9-9-9-9-9-9-9-9-9-9-9-9-9-9-9    -9 4558995029794410232313 39711716134-9-9-9
3580 00 0-9 -9-9-9 -9-9-9-9-9-9-9-9-9-9-9-9-9-9-9-9-9-9-9-9-9-9-9-9-9    -9 1575076718956889232313 1 464716161 6 611
3581 00 0-9 -9-9-9 -9-9-9-9-9-9-9-9-9-9-9-9-9-9-9-9-9-9-9-9-9-9-9-9-9    -9 3039330019862946232313 2 212721141 6 7 9
3582 00 0-9 -9-9-9 -9-9-9-9-9-9-9-9-9-9-9-9-9-9-9-9-9-9-9-9-9-9-9-9-9    -9 4725230156870660232313 3 665321181 6 217
3583 10 0 1 682323 681414 1 130 5 1 1 6 6 6 6 6 6 6 6 6 6 6 6 6 611-9  9965 4558995029794410232313 3 316321141 616 3
3584 00 0-9 -9-9-9 -9-9-9-9-9-9-9-9-9-9-9-9-9-9-9-9-9-9-9-9-9-9-9-9-9    -9 3039330019862946232313 2 218221125-9-9-9
3585 11 0 1 682323 684141 1 3 0 5 1 1 6 6 6 6 6 6 6 6 6 6 6 6 6 611-9 19636 4558995029794410232313 39815321181 6 313
3586 00 0-9 -9-9-9 -9-9-9-9-9-9-9-9-9-9-9-9-9-9-9-9-9-9-9-9-9-9-9-9-9    -9 1575076718956889232313 1 168636125-9-9-9
3587 21 0 1 682323 68-941 1 215 3 1 1 6 6 6 6 6 6 6 6 6 6 6 6 6 611-9 17117 3039330019862946232313 3 414821191 1 313
3588 00 0-9 -9-9-9 -9-9-9-9-9-9-9-9-9-9-9-9-9-9-9-9-9-9-9-9-9-9-9-9-9    -9 3039330019862946232313 2 315221141 712 6
3589 00 0-9 -9-9-9 -9-9-9-9-9-9-9-9-9-9-9-9-9-9-9-9-9-9-9-9-9-9-9-9-9    -9 3039330019862946232313 2 514441153-9-9-9
3590 20 0 1 682323 682929 8 245-9 2 6 1 6 6 6 6 6 6 6 6 6 6 6 1 110-9 14818 6078660039725890232313 4 412016184-9-9-9
3591 10 0 1 682323 68-914 7 115-9 1 6 1 6 6 6 6 6 6 6 6 6 6 6 1 6 8-9  9189 3039330019862946232313 2 213116141 711 6
3592 00 0-9 -9-9-9 -9-9-9-9-9-9-9-9-9-9-9-9-9-9-9-9-9-9-9-9-9-9-9-9-9    -9 3150153437913778232313 2 367621125-9-9-9
3593 00 0-9 -9-9-9 -9-9-9-9-9-9-9-9-9-9-9-9-9-9-9-9-9-9-9-9-9-9-9-9-9    -9 4558995029794410232313 3 213516116-9-9-9
3594 00 0-9 -9-9-9 -9-9-9-9-9-9-9-9-9-9-9-9-9-9-9-9-9-9-9-9-9-9-9-9-9    -9 3150153437913778232313 2 367536145-9-9-9
3595 00 0-9 -9-9-9 -9-9-9-9-9-9-9-9-9-9-9-9-9-9-9-9-9-9-9-9-9-9-9-9-9    -9 3150153437913778232313 2 267921127-9-9-9
3596 00 0-9 -9-9-9 -9-9-9-9-9-9-9-9-9-9-9-9-9-9-9-9-9-9-9-9-9-9-9-9-9    -9 3150153437913778232313 2 267721137-9-9-9
3597 01 0 1 682323 68-928 1 4 0 5 2 6 6 6 6 6 1 6 6 6 6 6 6 6 6 1-9 7 30147 3039330019862946232313 4 514021191 6 315
3598 00 0-9 -9-9-9 -9-9-9-9-9-9-9-9-9-9-9-9-9-9-9-9-9-9-9-9-9-9-9-9-9    -9 3150153437913778232313 29867421147-9-9-9
3599 00 0-9 -9-9-9 -9-9-9-9-9-9-9-9-9-9-9-9-9-9-9-9-9-9-9-9-9-9-9-9-9    -9 3039330019862946232313 4 313311252 716 3
3600 00 0-9 -9-9-9 -9-9-9-9-9-9-9-9-9-9-9-9-9-9-9-9-9-9-9-9-9-9-9-9-9    -9 3039330019862946232313 2 117921125-9-9-9
3601 00 0-9 -9-9-9 -9-9-9-9-9-9-9-9-9-9-9-9-9-9-9-9-9-9-9-9-9-9-9-9-9    -9 3150153437913778232313 3 263321277-9-9-9
3602 00 0-9 -9-9-9 -9-9-9-9-9-9-9-9-9-9-9-9-9-9-9-9-9-9-9-9-9-9-9-9-9    -9 3150153437913778232313 2 267321137-9-9-9
3603 00 0-9 -9-9-9 -9-9-9-9-9-9-9-9-9-9-9-9-9-9-9-9-9-9-9-9-9-9-9-9-9    -9 3150153437913778232313 2 266921147-9-9-9
3604 00 0-9 -9-9-9 -9-9-9-9-9-9-9-9-9-9-9-9-9-9-9-9-9-9-9-9-9-9-9-9-9    -9 1519665009931473232313 1 114216153-9-9-9
3605 00 0-9 -9-9-9 -9-9-9-9-9-9-9-9-9-9-9-9-9-9-9-9-9-9-9-9-9-9-9-9-9    -9 1519665009931473232313 1 217036135-9-9-9
3606 00 0-9 -9-9-9 -9-9-9-9-9-9-9-9-9-9-9-9-9-9-9-9-9-9-9-9-9-9-9-9-9    -9 3039330019862946232313 2 217621135-9-9-9
3607 00 0-9 -9-9-9 -9-9-9-9-9-9-9-9-9-9-9-9-9-9-9-9-9-9-9-9-9-9-9-9-9    -9 3150153437913778232313 4 563921162 6 611
3608 00 0-9 -9-9-9 -9-9-9-9-9-9-9-9-9-9-9-9-9-9-9-9-9-9-9-9-9-9-9-9-9    -9 4558995029794410232313 4 612516154-9-9-9
3609 00 0-9 -9-9-9 -9-9-9-9-9-9-9-9-9-9-9-9-9-9-9-9-9-9-9-9-9-9-9-9-9    -9 3039330019862946232313 3 214421141 7 617
3610 00 0-9 -9-9-9 -9-9-9-9-9-9-9-9-9-9-9-9-9-9-9-9-9-9-9-9-9-9-9-9-9    -9 6078660039725890232313 4 315221141 1 4 7
3611 00 0-9 -9-9-9 -9-9-9-9-9-9-9-9-9-9-9-9-9-9-9-9-9-9-9-9-9-9-9-9-9    -9 3150153437913778232313 4 364421153-9-9-9
3612 00 0-9 -9-9-9 -9-9-9-9-9-9-9-9-9-9-9-9-9-9-9-9-9-9-9-9-9-9-9-9-9    -9 4558995029794410232313 4 517736145-9-9-9
3613 00 0-9 -9-9-9 -9-9-9-9-9-9-9-9-9-9-9-9-9-9-9-9-9-9-9-9-9-9-9-9-9    -9 4725230156870660232313 4 564121141 1 719
3614 00 0-9 -9-9-9 -9-9-9-9-9-9-9-9-9-9-9-9-9-9-9-9-9-9-9-9-9-9-9-9-9    -9 3039330019862946232313 2 415821141 6 4 7
3615 00 0-9 -9-9-9 -9-9-9-9-9-9-9-9-9-9-9-9-9-9-9-9-9-9-9-9-9-9-9-9-9    -9 3150153437913778232313 2 367821127-9-9-9
3616 00 0-9 -9-9-9 -9-9-9-9-9-9-9-9-9-9-9-9-9-9-9-9-9-9-9-9-9-9-9-9-9    -9 3150153437913778232313 3 463511161 6 7 7
3617 00 0-9 -9-9-9 -9-9-9-9-9-9-9-9-9-9-9-9-9-9-9-9-9-9-9-9-9-9-9-9-9    -9 4558995029794410232313 4 611616144-9-9-9
3618 10 0 1 682323 68 4 4 4 230-9 2 1 6 6 6 6 6 6 6 6 6 6 6 6 1 6 5-9 15444 4558995029794410232313 3 516221145-9-9-9
3619 10 0 1 682323 681818 1 1 0 5 1 1 6 6 6 6 6 6 6 6 6 6 6 6 1 610-9  6886 3039330019862946232313 5 514421171 6 511
3620 00 0-9 -9-9-9 -9-9-9-9-9-9-9-9-9-9-9-9-9-9-9-9-9-9-9-9-9-9-9-9-9    -9 7875383594784440232313 5 565121181 6 415
3621 20 0 1 682323 68-918 6 120-9 2 6 1 6 6 6 6 6 6 6 6 6 6 6 1 1 3-9 11647 4725230156870660232313 3 662716181 7 614
3622 10 0 1 682323 681818 5 115-9 1 6 6 6 6 6 1 6 6 6 6 6 6 6 1 6-9 1  6880 1519665009931473232313 1 112846183-9-9-9
3623 00 0-9 -9-9-9 -9-9-9-9-9-9-9-9-9-9-9-9-9-9-9-9-9-9-9-9-9-9-9-9-9    -9 3039330019862946232313 2 516831145-9-9-9
3624 00 0-9 -9-9-9 -9-9-9-9-9-9-9-9-9-9-9-9-9-9-9-9-9-9-9-9-9-9-9-9-9    -9 4725230156870660232313 3 765336141 61514
3625 00 0-9 -9-9-9 -9-9-9-9-9-9-9-9-9-9-9-9-9-9-9-9-9-9-9-9-9-9-9-9-9    -9 4725230156870660232313 3 365621143-9-9-9
3626 00 0-9 -9-9-9 -9-9-9-9-9-9-9-9-9-9-9-9-9-9-9-9-9-9-9-9-9-9-9-9-9    -9 3150153437913778232313 49863721162 6 619
3627 00 0-9 -9-9-9 -9-9-9-9-9-9-9-9-9-9-9-9-9-9-9-9-9-9-9-9-9-9-9-9-9    -9 6078660039725890232313 4 713716153-9-9-9
3628 20 0 1 682323 68-918 1 2 0 5 2 1 6 6 6 6 6 6 6 6 6 6 6 6 6 111-9 11711 3039330019862946232313 2 815721191 6 116
3629 11 0 1 682323 68-9 4 1 230 5 1 1 6 6 6 6 6 6 6 6 6 6 6 6 1 6 9-9 14384 6078660039725890232313 4 514821141 114 8
3630 00 0-9 -9-9-9 -9-9-9-9-9-9-9-9-9-9-9-9-9-9-9-9-9-9-9-9-9-9-9-9-9    -9 3039330019862946232313 29716721145-9-9-9
3631 00 0-9 -9-9-9 -9-9-9-9-9-9-9-9-9-9-9-9-9-9-9-9-9-9-9-9-9-9-9-9-9    -9 3039330019862946232313 2 417621175-9-9-9
3632 00 0-9 -9-9-9 -9-9-9-9-9-9-9-9-9-9-9-9-9-9-9-9-9-9-9-9-9-9-9-9-9    -9 6300306875827550232313 49761816154-9-9-9
3633 00 0-9 -9-9-9 -9-9-9-9-9-9-9-9-9-9-9-9-9-9-9-9-9-9-9-9-9-9-9-9-9    -9 4725230156870660232313 3 262416193-9-9-9
3634 10 0 1 682323 68-918 9 140-9 2 1 6 6 6 6 6 6 6 6 6 6 6 6 1 111-9 11634 4558995029794410232313 3 715121143-9-9-9
3635 00 0-9 -9-9-9 -9-9-9-9-9-9-9-9-9-9-9-9-9-9-9-9-9-9-9-9-9-9-9-9-9    -9 4725230156870660232313 3 462716193-9-9-9
3636 00 0-9 -9-9-9 -9-9-9-9-9-9-9-9-9-9-9-9-9-9-9-9-9-9-9-9-9-9-9-9-9    -9 4725230156870660232313 49864821151 6 515
3637 00 0-9 -9-9-9 -9-9-9-9-9-9-9-9-9-9-9-9-9-9-9-9-9-9-9-9-9-9-9-9-9    -9 3150153437913778232313 2 465326147-9-9-9
3638 00 1 1 682323 63-9-9 430 0-9 2 1 6 6 6 6 6 6 6 6 1 6 6 6 1 1-9-9865019 3150153437913778232313 3 262521183-9-9-9
3639 00 0-9 -9-9-9 -9-9-9-9-9-9-9-9-9-9-9-9-9-9-9-9-9-9-9-9-9-9-9-9-9    -9 3039330019862946232313 2 412616131 612 7
3640 01 0 1 682323 68-950 6 7 0-9 2 1 6 6 6 6 6 6 6 6 6 6 6 6 1 1 4-9 48691 6300306875827550232313 49862316193-9-9-9
3641 00 0-9 -9-9-9 -9-9-9-9-9-9-9-9-9-9-9-9-9-9-9-9-9-9-9-9-9-9-9-9-9    -9 6300306875827550232313 5 564521191 1 313
3642 00 0-9 -9-9-9 -9-9-9-9-9-9-9-9-9-9-9-9-9-9-9-9-9-9-9-9-9-9-9-9-9    -9 3039330019862946232313 39813221141 914 1
3643 00 0-9 -9-9-9 -9-9-9-9-9-9-9-9-9-9-9-9-9-9-9-9-9-9-9-9-9-9-9-9-9    -9 1575076718956889232313 1 168136125-9-9-9
3644 00 0-9 -9-9-9 -9-9-9-9-9-9-9-9-9-9-9-9-9-9-9-9-9-9-9-9-9-9-9-9-9    -9 3039330019862946232313 2 517321135-9-9-9
3645 00 0-9 -9-9-9 -9-9-9-9-9-9-9-9-9-9-9-9-9-9-9-9-9-9-9-9-9-9-9-9-9    -9 3039330019862946232313 2 217121125-9-9-9
3646 00 0-9 -9-9-9 -9-9-9-9-9-9-9-9-9-9-9-9-9-9-9-9-9-9-9-9-9-9-9-9-9    -9 6078660039725890232313 49711816164-9-9-9
3647 00 0-9 -9-9-9 -9-9-9-9-9-9-9-9-9-9-9-9-9-9-9-9-9-9-9-9-9-9-9-9-9    -9 1575076718956889232313 1 268436126-9-9-9
3648 10 0 1 682323 68-9 4 6 330-9 2 1 1 6 6 6 6 6 6 6 6 6 6 6 1 1 4-9 17983 3039330019862946232313 2 414621146-9-9-9
3649 00 0-9 -9-9-9 -9-9-9-9-9-9-9-9-9-9-9-9-9-9-9-9-9-9-9-9-9-9-9-9-9    -9 3150153437913778232313 29864716142 71520
3650 00 0-9 -9-9-9 -9-9-9-9-9-9-9-9-9-9-9-9-9-9-9-9-9-9-9-9-9-9-9-9-9    -9 3150153437913778232313 4 263311143-9-9-9
3651 00 0-9 -9-9-9 -9-9-9-9-9-9-9-9-9-9-9-9-9-9-9-9-9-9-9-9-9-9-9-9-9    -9 6078660039725890232313 4 212216154-9-9-9
3652 00 0-9 -9-9-9 -9-9-9-9-9-9-9-9-9-9-9-9-9-9-9-9-9-9-9-9-9-9-9-9-9    -9 4558995029794410232313 49712016133-9-9-9
3653 00 0-9 -9-9-9 -9-9-9-9-9-9-9-9-9-9-9-9-9-9-9-9-9-9-9-9-9-9-9-9-9    -9 3039330019862946232313 4 315421141 611 3
3654 00 0-9 -9-9-9 -9-9-9-9-9-9-9-9-9-9-9-9-9-9-9-9-9-9-9-9-9-9-9-9-9    -9 3150153437913778232313 4 364121143-9-9-9
3655 00 0-9 -9-9-9 -9-9-9-9-9-9-9-9-9-9-9-9-9-9-9-9-9-9-9-9-9-9-9-9-9    -9 3039330019862946232313 2 315521145-9-9-9
3656 00 0-9 -9-9-9 -9-9-9-9-9-9-9-9-9-9-9-9-9-9-9-9-9-9-9-9-9-9-9-9-9    -9 1519665009931473232313 1 218536125-9-9-9
3657 00 0-9 -9-9-9 -9-9-9-9-9-9-9-9-9-9-9-9-9-9-9-9-9-9-9-9-9-9-9-9-9    -9 3150153437913778232313 4 364021181 6 518
3658 00 0-9 -9-9-9 -9-9-9-9-9-9-9-9-9-9-9-9-9-9-9-9-9-9-9-9-9-9-9-9-9    -9 4725230156870660232313 4 463921142 6 817
3659 00 0-9 -9-9-9 -9-9-9-9-9-9-9-9-9-9-9-9-9-9-9-9-9-9-9-9-9-9-9-9-9    -9 4558995029794410232313 4 511816144-9-9-9
3660 00 0-9 -9-9-9 -9-9-9-9-9-9-9-9-9-9-9-9-9-9-9-9-9-9-9-9-9-9-9-9-9    -9 1519665009931473232313 1 215346143-9-9-9
3661 00 0-9 -9-9-9 -9-9-9-9-9-9-9-9-9-9-9-9-9-9-9-9-9-9-9-9-9-9-9-9-9    -9 3150153437913778232313 2 263946161 6 514
3662 00 0-9 -9-9-9 -9-9-9-9-9-9-9-9-9-9-9-9-9-9-9-9-9-9-9-9-9-9-9-9-9    -9 3039330019862946232313 3 716121131 6 817
3663 00 0-9 -9-9-9 -9-9-9-9-9-9-9-9-9-9-9-9-9-9-9-9-9-9-9-9-9-9-9-9-9    -9 3150153437913778232313 2 467121137-9-9-9
3664 00 0-9 -9-9-9 -9-9-9-9-9-9-9-9-9-9-9-9-9-9-9-9-9-9-9-9-9-9-9-9-9    -9 3039330019862946232313 3 413221143-9-9-9
3665 10 0 1 682323 684141 6 230-9 2 1 6 6 6 6 6 6 6 6 6 6 6 6 6 111-9 19713 1575076718956889232313 2 564716191 6 415
3666 00 0-9 -9-9-9 -9-9-9-9-9-9-9-9-9-9-9-9-9-9-9-9-9-9-9-9-9-9-9-9-9    -9 3150153437913778232313 3 262821153-9-9-9
3667 00 0-9 -9-9-9 -9-9-9-9-9-9-9-9-9-9-9-9-9-9-9-9-9-9-9-9-9-9-9-9-9    -9 3039330019862946232313 2 114316173-9-9-9
3668 00 0-9 -9-9-9 -9-9-9-9-9-9-9-9-9-9-9-9-9-9-9-9-9-9-9-9-9-9-9-9-9    -9 3150153437913778232313 2 265436127-9-9-9
3669 00 0-9 -9-9-9 -9-9-9-9-9-9-9-9-9-9-9-9-9-9-9-9-9-9-9-9-9-9-9-9-9    -9 9450460313741330232313 69763416134-9-9-9
3670 00 0-9 -9-9-9 -9-9-9-9-9-9-9-9-9-9-9-9-9-9-9-9-9-9-9-9-9-9-9-9-9    -9 6300306875827550232313 4 465236131 6 7 9
3671 00 0-9 -9-9-9 -9-9-9-9-9-9-9-9-9-9-9-9-9-9-9-9-9-9-9-9-9-9-9-9-9    -9 1575076718956889232313 1 266636145-9-9-9
3672 43 1 1 682323 -1-1-1 2 4 0-9 1 6 1 6 6 6 6 1 6 6 6 6 6 6 1 6-9-9    -1 4725230156870660232313 3 261616144-9-9-9
3673 00 0-9 -9-9-9 -9-9-9-9-9-9-9-9-9-9-9-9-9-9-9-9-9-9-9-9-9-9-9-9-9    -9 4725230156870660232313 4 664221142 6 817
3674 00 0-9 -9-9-9 -9-9-9-9-9-9-9-9-9-9-9-9-9-9-9-9-9-9-9-9-9-9-9-9-9    -9 3150153437913778232313 2 366521143-9-9-9
3675 00 0-9 -9-9-9 -9-9-9-9-9-9-9-9-9-9-9-9-9-9-9-9-9-9-9-9-9-9-9-9-9    -9 4558995029794410232313 49714121141 7 7 9
3676 00 0-9 -9-9-9 -9-9-9-9-9-9-9-9-9-9-9-9-9-9-9-9-9-9-9-9-9-9-9-9-9    -9 1575076718956889232313 1 268716135-9-9-9
3677 00 0-9 -9-9-9 -9-9-9-9-9-9-9-9-9-9-9-9-9-9-9-9-9-9-9-9-9-9-9-9-9    -9 4725230156870660232313 3 265721125-9-9-9
3678 00 0-9 -9-9-9 -9-9-9-9-9-9-9-9-9-9-9-9-9-9-9-9-9-9-9-9-9-9-9-9-9    -9 3150153437913778232313 49863021181 6 216
3679 00 0-9 -9-9-9 -9-9-9-9-9-9-9-9-9-9-9-9-9-9-9-9-9-9-9-9-9-9-9-9-9    -9 3150153437913778232313 2 264721133-9-9-9
3680 00 0-9 -9-9-9 -9-9-9-9-9-9-9-9-9-9-9-9-9-9-9-9-9-9-9-9-9-9-9-9-9    -9 3039330019862946232313 4 112811143-9-9-9
3681 00 0-9 -9-9-9 -9-9-9-9-9-9-9-9-9-9-9-9-9-9-9-9-9-9-9-9-9-9-9-9-9    -9 3150153437913778232313 29767021127-9-9-9
3682 00 0-9 -9-9-9 -9-9-9-9-9-9-9-9-9-9-9-9-9-9-9-9-9-9-9-9-9-9-9-9-9    -9 3039330019862946232313 2 217721125-9-9-9
3683 00 0-9 -9-9-9 -9-9-9-9-9-9-9-9-9-9-9-9-9-9-9-9-9-9-9-9-9-9-9-9-9    -9 4725230156870660232313 3 566816125-9-9-9
3684 10 0 1 682323 68-918 4 037-9 1 1 6 6 6 6 6 6 6 6 6 6 6 6 1 6 1-9  3476 3039330019862946232313 2 217321135-9-9-9
3685 00 0-9 -9-9-9 -9-9-9-9-9-9-9-9-9-9-9-9-9-9-9-9-9-9-9-9-9-9-9-9-9    -9 4725230156870660232313 4 364321141 612 7
3686 00 1 1 682323 75-9-9 636 0-9 2 6 6 6 6 6 1 6 6 6 6 6 6 6 1 1-9 3110930 3150153437913778232313 2 467221147-9-9-9
3687 01 0 1 682323 68-9 2 4 3 0-9 1 1 6 6 6 6 6 6 6 6 6 6 6 6 1 6 8-9 19786 1519665009931473232313 1 217636135-9-9-9
3688 00 0-9 -9-9-9 -9-9-9-9-9-9-9-9-9-9-9-9-9-9-9-9-9-9-9-9-9-9-9-9-9    -9 3039330019862946232313 39713521141 716 7
3689 00 0-9 -9-9-9 -9-9-9-9-9-9-9-9-9-9-9-9-9-9-9-9-9-9-9-9-9-9-9-9-9    -9 3150153437913778232313 2 267921127-9-9-9
3690 00 0-9 -9-9-9 -9-9-9-9-9-9-9-9-9-9-9-9-9-9-9-9-9-9-9-9-9-9-9-9-9    -9 3150153437913778232313 2 268036147-9-9-9
3691 10 0 1 682323 68 4 4 6 215-9 2 1 6 6 6 6 6 6 6 6 6 6 6 6 1 1 8-9 15412 3039330019862946232313 3 514521151 1 314
3692 00 0-9 -9-9-9 -9-9-9-9-9-9-9-9-9-9-9-9-9-9-9-9-9-9-9-9-9-9-9-9-9    -9 4725230156870660232313 4 564221142 6 7 7
3693 00 0-9 -9-9-9 -9-9-9-9-9-9-9-9-9-9-9-9-9-9-9-9-9-9-9-9-9-9-9-9-9    -9 3039330019862946232313 2 218021135-9-9-9
3694 00 0-9 -9-9-9 -9-9-9-9-9-9-9-9-9-9-9-9-9-9-9-9-9-9-9-9-9-9-9-9-9    -9 3150153437913778232313 3 562721162 6 7 7
3695 00 0-9 -9-9-9 -9-9-9-9-9-9-9-9-9-9-9-9-9-9-9-9-9-9-9-9-9-9-9-9-9    -9 6078660039725890232313 49713116163-9-9-9
3696 00 0-9 -9-9-9 -9-9-9-9-9-9-9-9-9-9-9-9-9-9-9-9-9-9-9-9-9-9-9-9-9    -9 3150153437913778232363 4 264221143-9-9-9
3697 00 0-9 -9-9-9 -9-9-9-9-9-9-9-9-9-9-9-9-9-9-9-9-9-9-9-9-9-9-9-9-9    -9 6300306875827550232363 4 362716171 6 5 3
3698 01 0 1 682323 68-913 6 230-9 2 6 6 6 6 6 6 6 1 6 6 6 6 6 1 1-9 4 12775 4558995029794410232363 39711716144-9-9-9
3699 00 0-9 -9-9-9 -9-9-9-9-9-9-9-9-9-9-9-9-9-9-9-9-9-9-9-9-9-9-9-9-9    -9 4558995029794410232363 3 215121133-9-9-9
3700 00 0-9 -9-9-9 -9-9-9-9-9-9-9-9-9-9-9-9-9-9-9-9-9-9-9-9-9-9-9-9-9    -9 3039330019862946232363 29815516123-9-9-9
3701 00 0-9 -9-9-9 -9-9-9-9-9-9-9-9-9-9-9-9-9-9-9-9-9-9-9-9-9-9-9-9-9    -9 3039330019862946232363 4 214221141 716 6
3702 00 0-9 -9-9-9 -9-9-9-9-9-9-9-9-9-9-9-9-9-9-9-9-9-9-9-9-9-9-9-9-9    -9 3150153437913778232363 2 366721127-9-9-9
3703 02 0 1 682323 68-913 1 3 0 3 1 1 6 6 6 6 6 6 6 6 6 6 6 6 6 6 1-9 12775 3039330019862946232363 4 314721141 1 1 3
3704 10 0 1 682323 682929 6 230-9 1 1 6 6 6 6 6 6 6 6 6 6 6 6 1 6 7-9 15153 4558995029794410232363 5 214721131 116 1
3705 00 0-9 -9-9-9 -9-9-9-9-9-9-9-9-9-9-9-9-9-9-9-9-9-9-9-9-9-9-9-9-9    -9 3039330019862946232363 4 314021131 1 7 9
3706 00 0-9 -9-9-9 -9-9-9-9-9-9-9-9-9-9-9-9-9-9-9-9-9-9-9-9-9-9-9-9-9    -9 1575076718956889232363 2 162916133-9-9-9
3707 00 0-9 -9-9-9 -9-9-9-9-9-9-9-9-9-9-9-9-9-9-9-9-9-9-9-9-9-9-9-9-9    -9 6300306875827550232363 4 266246147-9-9-9
3708 00 0-9 -9-9-9 -9-9-9-9-9-9-9-9-9-9-9-9-9-9-9-9-9-9-9-9-9-9-9-9-9    -9 3150153437913778232363 2 267321125-9-9-9
3709 00 0-9 -9-9-9 -9-9-9-9-9-9-9-9-9-9-9-9-9-9-9-9-9-9-9-9-9-9-9-9-9    -9 4558995029794410232363 39711916162 712 7
3710 00 0-9 -9-9-9 -9-9-9-9-9-9-9-9-9-9-9-9-9-9-9-9-9-9-9-9-9-9-9-9-9    -9 4558995029794410232363 3 312716123-9-9-9
3711 00 0-9 -9-9-9 -9-9-9-9-9-9-9-9-9-9-9-9-9-9-9-9-9-9-9-9-9-9-9-9-9    -9 1519665009931473232363 1 317646145-9-9-9
3712 00 1 1 682323187-9-9 6 8 0-9 2 6 6 6 6 6 6 1 6 6 6 6 6 6 1 1-9-1 47529 4725230156870660232363 3 265921137-9-9-9
3713 00 0-9 -9-9-9 -9-9-9-9-9-9-9-9-9-9-9-9-9-9-9-9-9-9-9-9-9-9-9-9-9    -9 4558995029794410232363 3 315721123-9-9-9
3714 00 0-9 -9-9-9 -9-9-9-9-9-9-9-9-9-9-9-9-9-9-9-9-9-9-9-9-9-9-9-9-9    -9 3150153437913778232363 3 563121198-9-9-9
3715 00 0-9 -9-9-9 -9-9-9-9-9-9-9-9-9-9-9-9-9-9-9-9-9-9-9-9-9-9-9-9-9    -9 3039330019862946232363 5 714221151 1 7 7
3716 00 0-9 -9-9-9 -9-9-9-9-9-9-9-9-9-9-9-9-9-9-9-9-9-9-9-9-9-9-9-9-9    -9 4558995029794410232343 3 515521171 1 1 3
3717 00 0-9 -9-9-9 -9-9-9-9-9-9-9-9-9-9-9-9-9-9-9-9-9-9-9-9-9-9-9-9-9    -9 1575076718956889232343 19768136145-9-9-9
3718 00 0-9 -9-9-9 -9-9-9-9-9-9-9-9-9-9-9-9-9-9-9-9-9-9-9-9-9-9-9-9-9    -9 3039330019862946232343 2 416621126-9-9-9
3719 00 0-9 -9-9-9 -9-9-9-9-9-9-9-9-9-9-9-9-9-9-9-9-9-9-9-9-9-9-9-9-9    -9 3150153437913778232343 2 862721181 6 217
3720 00 0-9 -9-9-9 -9-9-9-9-9-9-9-9-9-9-9-9-9-9-9-9-9-9-9-9-9-9-9-9-9    -9 3039330019862946232343 2 216221163-9-9-9
3721 00 0-9 -9-9-9 -9-9-9-9-9-9-9-9-9-9-9-9-9-9-9-9-9-9-9-9-9-9-9-9-9    -9 3039330019862946232343 2 216321146-9-9-9
3722 00 0-9 -9-9-9 -9-9-9-9-9-9-9-9-9-9-9-9-9-9-9-9-9-9-9-9-9-9-9-9-9    -9 3150153437913778232343 29865721147-9-9-9
3723 00 0-9 -9-9-9 -9-9-9-9-9-9-9-9-9-9-9-9-9-9-9-9-9-9-9-9-9-9-9-9-9    -9 3150153437913778232343 3 263821147-9-9-9
3724 00 0-9 -9-9-9 -9-9-9-9-9-9-9-9-9-9-9-9-9-9-9-9-9-9-9-9-9-9-9-9-9    -9 3039330019862946232343 2 218221125-9-9-9
3725 00 0-9 -9-9-9 -9-9-9-9-9-9-9-9-9-9-9-9-9-9-9-9-9-9-9-9-9-9-9-9-9    -9 4725230156870660232343 3 265321127-9-9-9
3726 10 0 1 682323 682929 8 230-9 2 6 1 6 6 6 6 6 6 6 6 6 6 6 1 1 4-9 14064 3150153437913778232343 4 364421152 6 7 9
3727 00 0-9 -9-9-9 -9-9-9-9-9-9-9-9-9-9-9-9-9-9-9-9-9-9-9-9-9-9-9-9-9    -9 4558995029794410232343 4 814821191 6 216
3728 01 0 1 682323 68-928 4 4 0-9 2 6 6 6 6 6 6 6 1 6 6 6 6 6 1 1-9 1 30856 3150153437913778232343 29867716155-9-9-9
3729 00 0-9 -9-9-9 -9-9-9-9-9-9-9-9-9-9-9-9-9-9-9-9-9-9-9-9-9-9-9-9-9    -9 3150153437913778232343 2 463711183-9-9-9
3730 10 0 1 682323 681818 6 1 0-9 1 6 1 6 6 6 6 6 6 6 6 6 6 6 1 6 8-9  6821 3150153437913778232343 29867821137-9-9-9
3731 00 0-9 -9-9-9 -9-9-9-9-9-9-9-9-9-9-9-9-9-9-9-9-9-9-9-9-9-9-9-9-9    -9 4725230156870660232343 3 262216143-9-9-9
3732 00 0-9 -9-9-9 -9-9-9-9-9-9-9-9-9-9-9-9-9-9-9-9-9-9-9-9-9-9-9-9-9    -9 1575076718956889232343 1 267636127-9-9-9
3733 00 0-9 -9-9-9 -9-9-9-9-9-9-9-9-9-9-9-9-9-9-9-9-9-9-9-9-9-9-9-9-9    -9 3039330019862946232343 4 213921143-9-9-9
3734 00 0-9 -9-9-9 -9-9-9-9-9-9-9-9-9-9-9-9-9-9-9-9-9-9-9-9-9-9-9-9-9    -9 1575076718956889232343 1 168036137-9-9-9
3735 10 0 1 682323 681818 4 110-9 2 1 6 6 6 6 6 6 6 6 6 6 6 6 6 1 8-9  6180 1519665009931473232343 1 214746173-9-9-9
3736 10 0 1 682323 684141 5 3 0-9 1 6 1 6 6 6 6 6 6 6 6 6 6 6 1 6 4-9 18008 3150153437913778232343 3 563621173-9-9-9
3737 00 0-9 -9-9-9 -9-9-9-9-9-9-9-9-9-9-9-9-9-9-9-9-9-9-9-9-9-9-9-9-9    -9 7598325049657360232343 59711816154-9-9-9
3738 00 0-9 -9-9-9 -9-9-9-9-9-9-9-9-9-9-9-9-9-9-9-9-9-9-9-9-9-9-9-9-9    -9 3150153437913778232343 2 266821115-9-9-9
3739 00 0-9 -9-9-9 -9-9-9-9-9-9-9-9-9-9-9-9-9-9-9-9-9-9-9-9-9-9-9-9-9    -9 3039330019862946232343 2 216821125-9-9-9
3740 00 0-9 -9-9-9 -9-9-9-9-9-9-9-9-9-9-9-9-9-9-9-9-9-9-9-9-9-9-9-9-9    -9 3039330019862946232343 3 313921143-9-9-9
3741 00 0-9 -9-9-9 -9-9-9-9-9-9-9-9-9-9-9-9-9-9-9-9-9-9-9-9-9-9-9-9-9    -9 1575076718956889232343 1 267236135-9-9-9
3742 00 0-9 -9-9-9 -9-9-9-9-9-9-9-9-9-9-9-9-9-9-9-9-9-9-9-9-9-9-9-9-9    -9 3150153437913778232343 39862921251 1 7 7
3743 01 0 1 682323 68-928 6 345-9 2 1 6 6 6 6 6 6 6 6 6 6 6 6 6 1 8-9 30886 1575076718956889232343 1 265616181 6 915
3744 00 0-9 -9-9-9 -9-9-9-9-9-9-9-9-9-9-9-9-9-9-9-9-9-9-9-9-9-9-9-9-9    -9 1575076718956889232343 1 269136125-9-9-9
3745 00 0-9 -9-9-9 -9-9-9-9-9-9-9-9-9-9-9-9-9-9-9-9-9-9-9-9-9-9-9-9-9    -9 1575076718956889232343 1 266636135-9-9-9
3746 00 0-9 -9-9-9 -9-9-9-9-9-9-9-9-9-9-9-9-9-9-9-9-9-9-9-9-9-9-9-9-9    -9 3039330019862946232363 4 314121141 111 7
3747 00 0-9 -9-9-9 -9-9-9-9-9-9-9-9-9-9-9-9-9-9-9-9-9-9-9-9-9-9-9-9-9    -9 6300306875827550232363 4 366421133-9-9-9
3748 10 0 1 682323 68-91810 130-9 1 6 1 6 6 6 6 6 6 6 6 6 6 6 1 6 1-9  5321 3150153437913778232363 2 165126143-9-9-9
3749 00 0-9 -9-9-9 -9-9-9-9-9-9-9-9-9-9-9-9-9-9-9-9-9-9-9-9-9-9-9-9-9    -9 9117990059588830232363 6 812216141 711 6
3750 10 0 1 682323 68-914 7 230-9 1 6 1 6 6 6 6 6 6 6 6 6 6 6 1 6 7-9 10570 3039330019862946232363 2 113411158-9-9-9
3751 00 0-9 -9-9-9 -9-9-9-9-9-9-9-9-9-9-9-9-9-9-9-9-9-9-9-9-9-9-9-9-9    -9 3150153437913778232363 4 864221191 6 216
3752 00 0-9 -9-9-9 -9-9-9-9-9-9-9-9-9-9-9-9-9-9-9-9-9-9-9-9-9-9-9-9-9    -9 6078660039725890232363 5 314821135-9-9-9
3753 00 0-9 -9-9-9 -9-9-9-9-9-9-9-9-9-9-9-9-9-9-9-9-9-9-9-9-9-9-9-9-9    -9 1575076718956889232363 1 268536125-9-9-9
3754 00 0-9 -9-9-9 -9-9-9-9-9-9-9-9-9-9-9-9-9-9-9-9-9-9-9-9-9-9-9-9-9    -9 3150153437913778232363 2 167436115-9-9-9
3755 00 0-9 -9-9-9 -9-9-9-9-9-9-9-9-9-9-9-9-9-9-9-9-9-9-9-9-9-9-9-9-9    -9 3068874425163912232362 2 367016125-9-9-9
3756 00 0-9 -9-9-9 -9-9-9-9-9-9-9-9-9-9-9-9-9-9-9-9-9-9-9-9-9-9-9-9-9    -9 4441365643652950232362 6 212946143-9-9-9
3757 00 0-9 -9-9-9 -9-9-9-9-9-9-9-9-9-9-9-9-9-9-9-9-9-9-9-9-9-9-9-9-9    -9 5921820858203930232362 4 415716116-9-9-9
3758 00 0-9 -9-9-9 -9-9-9-9-9-9-9-9-9-9-9-9-9-9-9-9-9-9-9-9-9-9-9-9-9    -9 6137748850327820232362 8 164021137-9-9-9
3759 00 0-9 -9-9-9 -9-9-9-9-9-9-9-9-9-9-9-9-9-9-9-9-9-9-9-9-9-9-9-9-9    -9 2960910429101966232362 4 112411128-9-9-9
3760 00 0-9 -9-9-9 -9-9-9-9-9-9-9-9-9-9-9-9-9-9-9-9-9-9-9-9-9-9-9-9-9    -9 3068874425163912232362 2 268321135-9-9-9
3761 00 0-9 -9-9-9 -9-9-9-9-9-9-9-9-9-9-9-9-9-9-9-9-9-9-9-9-9-9-9-9-9    -9 3068874425163912232362 4 164021127-9-9-9
3762 00 0-9 -9-9-9 -9-9-9-9-9-9-9-9-9-9-9-9-9-9-9-9-9-9-9-9-9-9-9-9-9    -9 1480455214550983232362 1 416216155-9-9-9
3763 00 0-9 -9-9-9 -9-9-9-9-9-9-9-9-9-9-9-9-9-9-9-9-9-9-9-9-9-9-9-9-9    -9 2960910429101966232362 3 413221141 110 1
3764 00 0-9 -9-9-9 -9-9-9-9-9-9-9-9-9-9-9-9-9-9-9-9-9-9-9-9-9-9-9-9-9    -9 3039330019862946232363 2 216221143-9-9-9
3765 00 0-9 -9-9-9 -9-9-9-9-9-9-9-9-9-9-9-9-9-9-9-9-9-9-9-9-9-9-9-9-9    -9 3150153437913778232363 2 267121125-9-9-9
3766 00 0-9 -9-9-9 -9-9-9-9-9-9-9-9-9-9-9-9-9-9-9-9-9-9-9-9-9-9-9-9-9    -9 3150153437913778232363 3 162921143-9-9-9
3767 00 0-9 -9-9-9 -9-9-9-9-9-9-9-9-9-9-9-9-9-9-9-9-9-9-9-9-9-9-9-9-9    -9 4725230156870660232363 4 263721143-9-9-9
3768 10 0 1 682323 68-941 4 3 0-9 2 6 6 6 6 6 6 6 1 6 6 6 6 6 1 1-9 1 17621 1575076718956889232363 1 168436125-9-9-9
3769 00 0-9 -9-9-9 -9-9-9-9-9-9-9-9-9-9-9-9-9-9-9-9-9-9-9-9-9-9-9-9-9    -9 6300306875827550232363 4 464021137-9-9-9
3770 00 0-9 -9-9-9 -9-9-9-9-9-9-9-9-9-9-9-9-9-9-9-9-9-9-9-9-9-9-9-9-9    -9 3039330019862946232363 2 217221145-9-9-9
3771 00 0-9 -9-9-9 -9-9-9-9-9-9-9-9-9-9-9-9-9-9-9-9-9-9-9-9-9-9-9-9-9    -9 3150153437913778232363 2 266921117-9-9-9
3772 00 0-9 -9-9-9 -9-9-9-9-9-9-9-9-9-9-9-9-9-9-9-9-9-9-9-9-9-9-9-9-9    -9 7875383594784440232363 5 266221137-9-9-9
3773 00 0-9 -9-9-9 -9-9-9-9-9-9-9-9-9-9-9-9-9-9-9-9-9-9-9-9-9-9-9-9-9    -9 4558995029794410232363 3 313716138-9-9-9
3774 10 0 1 682323 68-941 6 3 0-9 1 6 1 6 6 6 6 6 6 6 6 6 6 6 1 611-9 18356 4725230156870660232363 4 264821137-9-9-9
3775 00 0-9 -9-9-9 -9-9-9-9-9-9-9-9-9-9-9-9-9-9-9-9-9-9-9-9-9-9-9-9-9    -9 1575076718956889232363 1 168936115-9-9-9
3776 00 0-9 -9-9-9 -9-9-9-9-9-9-9-9-9-9-9-9-9-9-9-9-9-9-9-9-9-9-9-9-9    -9 4725230156870660232363 3 263516143-9-9-9
3777 00 0-9 -9-9-9 -9-9-9-9-9-9-9-9-9-9-9-9-9-9-9-9-9-9-9-9-9-9-9-9-9    -9 6078660039725890232363 4 315621141 611 6
3778 00 0-9 -9-9-9 -9-9-9-9-9-9-9-9-9-9-9-9-9-9-9-9-9-9-9-9-9-9-9-9-9    -9 3150153437913778232363 4 264121147-9-9-9
3779 00 0-9 -9-9-9 -9-9-9-9-9-9-9-9-9-9-9-9-9-9-9-9-9-9-9-9-9-9-9-9-9    -9 3039330019862946232363 2 217721125-9-9-9
3780 00 0-9 -9-9-9 -9-9-9-9-9-9-9-9-9-9-9-9-9-9-9-9-9-9-9-9-9-9-9-9-9    -9 6078660039725890232363 6 314221141 614 3
3781 00 0-9 -9-9-9 -9-9-9-9-9-9-9-9-9-9-9-9-9-9-9-9-9-9-9-9-9-9-9-9-9    -9 4725230156870660232363 4 464121131 6 817
3782 00 0-9 -9-9-9 -9-9-9-9-9-9-9-9-9-9-9-9-9-9-9-9-9-9-9-9-9-9-9-9-9    -9 4558995029794410232363 4 411716144-9-9-9
3783 01 0 1 682323 68-928 6 3 0-9 2 6 1 6 6 6 6 6 6 6 6 6 6 6 1 1 8-9 30563 3150153437913778232363 4 463421182 6 515
3784 00 0-9 -9-9-9 -9-9-9-9-9-9-9-9-9-9-9-9-9-9-9-9-9-9-9-9-9-9-9-9-9    -9 3039330019862946232353 4 313721141 611 3
3785 00 0-9 -9-9-9 -9-9-9-9-9-9-9-9-9-9-9-9-9-9-9-9-9-9-9-9-9-9-9-9-9    -9 4725230156870660232353 49864521147-9-9-9
3786 00 0-9 -9-9-9 -9-9-9-9-9-9-9-9-9-9-9-9-9-9-9-9-9-9-9-9-9-9-9-9-9    -9 4725230156870660232353 4 264321143-9-9-9
3787 00 0-9 -9-9-9 -9-9-9-9-9-9-9-9-9-9-9-9-9-9-9-9-9-9-9-9-9-9-9-9-9    -9 4725230156870660232353 49761716154-9-9-9
3788 00 0-9 -9-9-9 -9-9-9-9-9-9-9-9-9-9-9-9-9-9-9-9-9-9-9-9-9-9-9-9-9    -9 3150153437913778232353 29866321121 615 9
3789 00 0-9 -9-9-9 -9-9-9-9-9-9-9-9-9-9-9-9-9-9-9-9-9-9-9-9-9-9-9-9-9    -9 3039330019862946232353 29813221141 611 6
3790 01 0 1 682323 68-946 6 4 0-9 2 1 6 6 6 6 6 6 6 6 6 6 6 6 1 1 8-9 32291 3039330019862946232353 2 313121141 614 8
3791 00 0-9 -9-9-9 -9-9-9-9-9-9-9-9-9-9-9-9-9-9-9-9-9-9-9-9-9-9-9-9-9    -9 6078660039725890232353 4 215221143-9-9-9
3792 00 0-9 -9-9-9 -9-9-9-9-9-9-9-9-9-9-9-9-9-9-9-9-9-9-9-9-9-9-9-9-9    -9 6300306875827550232353 49764921147-9-9-9
3793 00 0-9 -9-9-9 -9-9-9-9-9-9-9-9-9-9-9-9-9-9-9-9-9-9-9-9-9-9-9-9-9    -9 6078660039725890232353 4 413816138-9-9-9
3794 10 0 1 682323 68-914 3 1 0-9 1 1 6 6 6 6 6 6 6 6 6 6 6 6 1 611-9  8411 3039330019862946232353 5 413721141 4 7 9
3795 00 0-9 -9-9-9 -9-9-9-9-9-9-9-9-9-9-9-9-9-9-9-9-9-9-9-9-9-9-9-9-9    -9 6300306875827550232353 49765521161 6 615
3796 00 0-9 -9-9-9 -9-9-9-9-9-9-9-9-9-9-9-9-9-9-9-9-9-9-9-9-9-9-9-9-9    -9 6078660039725890232353 4 412626141 714 8
3797 00 0-9 -9-9-9 -9-9-9-9-9-9-9-9-9-9-9-9-9-9-9-9-9-9-9-9-9-9-9-9-9    -9 3039330019862946232353 3 212821143-9-9-9
3798 00 0-9 -9-9-9 -9-9-9-9-9-9-9-9-9-9-9-9-9-9-9-9-9-9-9-9-9-9-9-9-9    -9 7875383594784440232353 7 366746135-9-9-9
3799 30 0 1 682323 681818 2 1 0 3 1 6 1 6 6 6 6 6 6 6 6 6 6 6 1 6 8-9  7050 6300306875827550232353 4 862016184-9-9-9
3800 10 0 1 682323 681818 6 1 0-9 1 1 6 6 6 6 6 6 6 6 6 6 6 6 1 6 8-9  7068 3039330019862946232353 2 312721141 6 7 9
3801 00 0-9 -9-9-9 -9-9-9-9-9-9-9-9-9-9-9-9-9-9-9-9-9-9-9-9-9-9-9-9-9    -9 1575076718956889232353 19866626145-9-9-9
3802 00 0-9 -9-9-9 -9-9-9-9-9-9-9-9-9-9-9-9-9-9-9-9-9-9-9-9-9-9-9-9-9    -9 1575076718956889232353 1 267746145-9-9-9
3803 00 0-9 -9-9-9 -9-9-9-9-9-9-9-9-9-9-9-9-9-9-9-9-9-9-9-9-9-9-9-9-9    -9 1575076718956889232353 19867136135-9-9-9
3804 00 0-9 -9-9-9 -9-9-9-9-9-9-9-9-9-9-9-9-9-9-9-9-9-9-9-9-9-9-9-9-9    -9 4658522999887240232351 4 314921151 111 6
3805 00 0-9 -9-9-9 -9-9-9-9-9-9-9-9-9-9-9-9-9-9-9-9-9-9-9-9-9-9-9-9-9    -9 3218924817375148232351 3 764621181 6 216
3806 00 0-9 -9-9-9 -9-9-9-9-9-9-9-9-9-9-9-9-9-9-9-9-9-9-9-9-9-9-9-9-9    -9 1552840999962415232351 1 215316145-9-9-9
3807 00 0-9 -9-9-9 -9-9-9-9-9-9-9-9-9-9-9-9-9-9-9-9-9-9-9-9-9-9-9-9-9    -9 4828387226062720232351 39767721135-9-9-9
3808 00 0-9 -9-9-9 -9-9-9-9-9-9-9-9-9-9-9-9-9-9-9-9-9-9-9-9-9-9-9-9-9    -9 3218924817375148232351 2 264711253-9-9-9
3809 00 0-9 -9-9-9 -9-9-9-9-9-9-9-9-9-9-9-9-9-9-9-9-9-9-9-9-9-9-9-9-9    -9 3218924817375148232351 49863921147-9-9-9
3810 00 0-9 -9-9-9 -9-9-9-9-9-9-9-9-9-9-9-9-9-9-9-9-9-9-9-9-9-9-9-9-9    -9 4658522999887240232351 39814846123-9-9-9
3811 00 0-9 -9-9-9 -9-9-9-9-9-9-9-9-9-9-9-9-9-9-9-9-9-9-9-9-9-9-9-9-9    -9 4658522999887240232351 39712216171 610 1
3812 00 0-9 -9-9-9 -9-9-9-9-9-9-9-9-9-9-9-9-9-9-9-9-9-9-9-9-9-9-9-9-9    -9 4828387226062720232351 3 367221135-9-9-9
3813 01 0 1 682323 68-9 8 612 0-9 2 6 6 6 6 6 1 6 6 6 6 6 6 6 1 1-9 7 66887 3105681999924829232351 2 315321131 7 4 6
3814 00 0-9 -9-9-9 -9-9-9-9-9-9-9-9-9-9-9-9-9-9-9-9-9-9-9-9-9-9-9-9-9    -9 3039330019862946232353 4 314121131 711 3
3815 00 0-9 -9-9-9 -9-9-9-9-9-9-9-9-9-9-9-9-9-9-9-9-9-9-9-9-9-9-9-9-9    -9 3150153437913778232353 4 563121171 1 1 7
3816100 0 2 682323 681414 1 2 0 2 1 6 6 6 6 6 1 6 6 6 6 6 6 6 6 6-912 10058 1519665009931473232353 19814616141 614 8
3817 01 0 2 682323 68-928 1 415 5 2 6 6 6 6 6 1 6 1 6 6 6 6 6 6 1-9 3 30214 6078660039725890232353 49812316181 7 217
3818 10 0 1 682323 681818 6 110-9 1 6 1 6 6 6 6 6 6 6 6 6 6 6 1 6 8-9  7091 3150153437913778232353 59863721161 614 8
3819 00 0-9 -9-9-9 -9-9-9-9-9-9-9-9-9-9-9-9-9-9-9-9-9-9-9-9-9-9-9-9-9    -9 6078660039725890232353 49712116163-9-9-9
3820 00 0-9 -9-9-9 -9-9-9-9-9-9-9-9-9-9-9-9-9-9-9-9-9-9-9-9-9-9-9-9-9    -9 3039330019862946232353 2 218721125-9-9-9
3821 00 0-9 -9-9-9 -9-9-9-9-9-9-9-9-9-9-9-9-9-9-9-9-9-9-9-9-9-9-9-9-9    -9 3150153437913778232353 4 364221183-9-9-9
3822 00 0-9 -9-9-9 -9-9-9-9-9-9-9-9-9-9-9-9-9-9-9-9-9-9-9-9-9-9-9-9-9    -9 4558995029794410232353 49714421143-9-9-9
3823 00 0-9 -9-9-9 -9-9-9-9-9-9-9-9-9-9-9-9-9-9-9-9-9-9-9-9-9-9-9-9-9    -9 3039330019862946232353 4 513521191 6 216
3824 00 0-9 -9-9-9 -9-9-9-9-9-9-9-9-9-9-9-9-9-9-9-9-9-9-9-9-9-9-9-9-9    -9 3039330019862946232353 5 313821158-9-9-9
3825 00 0-9 -9-9-9 -9-9-9-9-9-9-9-9-9-9-9-9-9-9-9-9-9-9-9-9-9-9-9-9-9    -9 3150153437913778232353 3 262421163-9-9-9
3826 00 0-9 -9-9-9 -9-9-9-9-9-9-9-9-9-9-9-9-9-9-9-9-9-9-9-9-9-9-9-9-9    -9 7875383594784440232353 59868536125-9-9-9
3827 00 0-9 -9-9-9 -9-9-9-9-9-9-9-9-9-9-9-9-9-9-9-9-9-9-9-9-9-9-9-9-9    -9 3039330019862946232353 29818421125-9-9-9
3828 00 0-9 -9-9-9 -9-9-9-9-9-9-9-9-9-9-9-9-9-9-9-9-9-9-9-9-9-9-9-9-9    -9 3150153437913778232353 4 363421147-9-9-9
3829 00 0-9 -9-9-9 -9-9-9-9-9-9-9-9-9-9-9-9-9-9-9-9-9-9-9-9-9-9-9-9-9    -9 4725230156870660232353 4 364421157-9-9-9
3830 00 0-9 -9-9-9 -9-9-9-9-9-9-9-9-9-9-9-9-9-9-9-9-9-9-9-9-9-9-9-9-9    -9 3039330019862946232353 4 413721191 711 6
3831 10 0 1 682323 68-918 6 050-9 2 6 1 6 6 6 6 6 6 6 6 6 6 6 1 1 7-9  7544 1519665009931473232353 1 214046153-9-9-9
3832 00 0-9 -9-9-9 -9-9-9-9-9-9-9-9-9-9-9-9-9-9-9-9-9-9-9-9-9-9-9-9-9    -9 3150153437913778232353 4 264021143-9-9-9
3833 00 0-9 -9-9-9 -9-9-9-9-9-9-9-9-9-9-9-9-9-9-9-9-9-9-9-9-9-9-9-9-9    -9 3039330019862946232353 2 215116143-9-9-9
3834 21 0 1 682323 68-928 1 3 0 4 1 1 6 6 6 6 6 6 6 6 6 6 6 6 1 6 4-9 30333 7598325049657360232353 5 612816191 6 3 7
3835 11 0 1 682323 682929 6 220-9 2 6 1 6 6 6 6 6 6 6 6 6 6 6 1 1 8-9 12320 3150153437913778232353 29863316153-9-9-9
3836 30 0 1 682323 681111 4 330-9 2 1 6 6 6 6 6 6 6 6 6 6 6 6 6 1 4-9 23976 4725230156870660232353 3 663716191 6 5 7
3837 00 0-9 -9-9-9 -9-9-9-9-9-9-9-9-9-9-9-9-9-9-9-9-9-9-9-9-9-9-9-9-9    -9 4558995029794410232353 3 416421142 1 7 7
3838 00 0-9 -9-9-9 -9-9-9-9-9-9-9-9-9-9-9-9-9-9-9-9-9-9-9-9-9-9-9-9-9    -9 1519665009931473232353 1 215916121 616 1
3839 00 0-9 -9-9-9 -9-9-9-9-9-9-9-9-9-9-9-9-9-9-9-9-9-9-9-9-9-9-9-9-9    -9 3039330019862946232353 4 313111141 71514
3840 00 0-9 -9-9-9 -9-9-9-9-9-9-9-9-9-9-9-9-9-9-9-9-9-9-9-9-9-9-9-9-9    -9 3150153437913778232353 2 365621133-9-9-9
3841 00 0-9 -9-9-9 -9-9-9-9-9-9-9-9-9-9-9-9-9-9-9-9-9-9-9-9-9-9-9-9-9    -9 1575076718956889232353 1 368036135-9-9-9
3842 00 0-9 -9-9-9 -9-9-9-9-9-9-9-9-9-9-9-9-9-9-9-9-9-9-9-9-9-9-9-9-9    -9 3150153437913778232353 5 863721191 6 317
3843 00 0-9 -9-9-9 -9-9-9-9-9-9-9-9-9-9-9-9-9-9-9-9-9-9-9-9-9-9-9-9-9    -9 4725230156870660232353 3 667521137-9-9-9
3844 00 0-9 -9-9-9 -9-9-9-9-9-9-9-9-9-9-9-9-9-9-9-9-9-9-9-9-9-9-9-9-9    -9 3150153437913778232353 2 267621125-9-9-9
3845 00 0-9 -9-9-9 -9-9-9-9-9-9-9-9-9-9-9-9-9-9-9-9-9-9-9-9-9-9-9-9-9    -9 3150153437913778232353 2 767336125-9-9-9
3846 00 0-9 -9-9-9 -9-9-9-9-9-9-9-9-9-9-9-9-9-9-9-9-9-9-9-9-9-9-9-9-9    -9 1519665009931473232353 1 118736125-9-9-9
3847 00 0-9 -9-9-9 -9-9-9-9-9-9-9-9-9-9-9-9-9-9-9-9-9-9-9-9-9-9-9-9-9    -9 3150153437913778232353 4 764721191 6 216
3848 10 0 1 682323 682929 6 230-9 2 6 6 6 6 6 1 6 6 6 6 6 6 6 6 1-9 3 14806 1575076718956889232353 1 266716145-9-9-9
3849 00 0-9 -9-9-9 -9-9-9-9-9-9-9-9-9-9-9-9-9-9-9-9-9-9-9-9-9-9-9-9-9    -9 4558995029794410232353 3 412616151 615 9
3850 10 0 1 682323 68-918 6 2 0-9 2 1 6 6 6 6 6 6 6 6 6 6 6 6 1 1 8-9 12779 3039330019862946232353 2 317421145-9-9-9
3851 00 0-9 -9-9-9 -9-9-9-9-9-9-9-9-9-9-9-9-9-9-9-9-9-9-9-9-9-9-9-9-9    -9 6078660039725890232353 4 815421191 6 115
3852 00 0-9 -9-9-9 -9-9-9-9-9-9-9-9-9-9-9-9-9-9-9-9-9-9-9-9-9-9-9-9-9    -9 3039330019862946232353 2 217121135-9-9-9
3853 10 0 1 682323 68-918 4 120-9 1 1 6 6 6 6 6 6 6 6 6 6 6 6 1 611-9  7837 4558995029794410232353 4 614821145-9-9-9
3854 20 0 1 682323 68-914 4 1 0-9 1 1 6 6 6 6 6 6 6 6 6 6 6 6 1 1 8-9  7137 3039330019862946232353 4 714821181 6 512
3855 00 0-9 -9-9-9 -9-9-9-9-9-9-9-9-9-9-9-9-9-9-9-9-9-9-9-9-9-9-9-9-9    -9 3150153437913778232353 2 666436127-9-9-9
3856 00 0-9 -9-9-9 -9-9-9-9-9-9-9-9-9-9-9-9-9-9-9-9-9-9-9-9-9-9-9-9-9    -9 4725230156870660232353 3 466536135-9-9-9
3857 00 0-9 -9-9-9 -9-9-9-9-9-9-9-9-9-9-9-9-9-9-9-9-9-9-9-9-9-9-9-9-9    -9 4558995029794410232353 3 318321125-9-9-9
3858 10 0 1 682323 68-914 6 145-9 1 6 1 6 6 6 6 6 6 6 6 6 6 6 1 6 8-9  6398 3150153437913778232353 2 365121147-9-9-9
3859 00 0-9 -9-9-9 -9-9-9-9-9-9-9-9-9-9-9-9-9-9-9-9-9-9-9-9-9-9-9-9-9    -9 6300306875827550232353 4 762916141 613 7
3860 10 0 1 682323 68 4 4 1 230 3 1 1 6 6 6 6 6 6 6 6 6 6 6 6 6 6 8-9 16671 3039330019862946232353 3 713821191 6 315
3861 10 0 1 682323 68 4 4 6 4 0-9 2 6 6 6 6 6 1 6 6 6 6 6 6 6 6 1-912 16753 6078660039725890232353 4 812716181 7 216
3862 00 0-9 -9-9-9 -9-9-9-9-9-9-9-9-9-9-9-9-9-9-9-9-9-9-9-9-9-9-9-9-9    -9 3039330019862946232353 2 216821145-9-9-9
3863 00 0-9 -9-9-9 -9-9-9-9-9-9-9-9-9-9-9-9-9-9-9-9-9-9-9-9-9-9-9-9-9    -9 1519665009931473232353 1 314246161 6 7 7
3864 00 0-9 -9-9-9 -9-9-9-9-9-9-9-9-9-9-9-9-9-9-9-9-9-9-9-9-9-9-9-9-9    -9 4558995029794410232353 4 314221131 612 3
3865 00 0-9 -9-9-9 -9-9-9-9-9-9-9-9-9-9-9-9-9-9-9-9-9-9-9-9-9-9-9-9-9    -9 6078660039725890232353 4 515521141 6 5 9
3866 00 0-9 -9-9-9 -9-9-9-9-9-9-9-9-9-9-9-9-9-9-9-9-9-9-9-9-9-9-9-9-9    -9 3039330019862946232353 4 313921151 6 413
3867 00 0-9 -9-9-9 -9-9-9-9-9-9-9-9-9-9-9-9-9-9-9-9-9-9-9-9-9-9-9-9-9    -9 3150153437913778232353 4 363521153-9-9-9
3868 00 0-9 -9-9-9 -9-9-9-9-9-9-9-9-9-9-9-9-9-9-9-9-9-9-9-9-9-9-9-9-9    -9 3039330019862946232353 4 514221181 6 915
3869 00 0-9 -9-9-9 -9-9-9-9-9-9-9-9-9-9-9-9-9-9-9-9-9-9-9-9-9-9-9-9-9    -9 1575076718956889232353 3 363646191 6 614
3870 00 0-9 -9-9-9 -9-9-9-9-9-9-9-9-9-9-9-9-9-9-9-9-9-9-9-9-9-9-9-9-9    -9 3039330019862946232353 3 213321161 6 817
3871 00 0-9 -9-9-9 -9-9-9-9-9-9-9-9-9-9-9-9-9-9-9-9-9-9-9-9-9-9-9-9-9    -9 4725230156870660232353 4 262116184-9-9-9
3872 00 0-9 -9-9-9 -9-9-9-9-9-9-9-9-9-9-9-9-9-9-9-9-9-9-9-9-9-9-9-9-9    -9 7598325049657360232353 6 612116131 612 6
3873 00 0-9 -9-9-9 -9-9-9-9-9-9-9-9-9-9-9-9-9-9-9-9-9-9-9-9-9-9-9-9-9    -9 4725230156870660232353 4 364721162 61514
3874 00 0-9 -9-9-9 -9-9-9-9-9-9-9-9-9-9-9-9-9-9-9-9-9-9-9-9-9-9-9-9-9    -9 4558995029794410232353 4 315121141 611 3
3875 00 0-9 -9-9-9 -9-9-9-9-9-9-9-9-9-9-9-9-9-9-9-9-9-9-9-9-9-9-9-9-9    -9 3150153437913778232353 3 263821147-9-9-9
3876 00 0-9 -9-9-9 -9-9-9-9-9-9-9-9-9-9-9-9-9-9-9-9-9-9-9-9-9-9-9-9-9    -9 3150153437913778232353 3 764521181 7 217
3877 00 0-9 -9-9-9 -9-9-9-9-9-9-9-9-9-9-9-9-9-9-9-9-9-9-9-9-9-9-9-9-9    -9 3150153437913778232353 29769036125-9-9-9
3878 00 0-9 -9-9-9 -9-9-9-9-9-9-9-9-9-9-9-9-9-9-9-9-9-9-9-9-9-9-9-9-9    -9 9117990059588830232353 7 212016133-9-9-9
3879 50 0 1 682323 68-914 1 120 2 1 1 6 6 6 6 6 6 6 6 6 6 6 6 6 6 1-9  6159 3039330019862946232353 4 514421141 6 4 7
3880 00 0-9 -9-9-9 -9-9-9-9-9-9-9-9-9-9-9-9-9-9-9-9-9-9-9-9-9-9-9-9-9    -9 3150153437913778232353 29768021115-9-9-9
3881 00 0-9 -9-9-9 -9-9-9-9-9-9-9-9-9-9-9-9-9-9-9-9-9-9-9-9-9-9-9-9-9    -9 3039330019862946232353 29815821181 6 216
3882 01 0 1 682323 68-9 3 6 5 0-9 2 1 6 6 6 6 6 6 6 6 6 6 6 6 1 1 8-9 30889 1480455214550983232362 19813816143-9-9-9
3883 00 0-9 -9-9-9 -9-9-9-9-9-9-9-9-9-9-9-9-9-9-9-9-9-9-9-9-9-9-9-9-9    -9 1480455214550983232362 1 219336125-9-9-9
3884 00 0-9 -9-9-9 -9-9-9-9-9-9-9-9-9-9-9-9-9-9-9-9-9-9-9-9-9-9-9-9-9    -9 1480455214550983232362 1 219036135-9-9-9
3885 00 0-9 -9-9-9 -9-9-9-9-9-9-9-9-9-9-9-9-9-9-9-9-9-9-9-9-9-9-9-9-9    -9 1534437212581956232362 19864616181 61516
3886 00 0-9 -9-9-9 -9-9-9-9-9-9-9-9-9-9-9-9-9-9-9-9-9-9-9-9-9-9-9-9-9    -9 3068874425163912232362 2 267121125-9-9-9
3887 00 0-9 -9-9-9 -9-9-9-9-9-9-9-9-9-9-9-9-9-9-9-9-9-9-9-9-9-9-9-9-9    -9 1534437212581956232362 1 267316125-9-9-9
3888 00 0-9 -9-9-9 -9-9-9-9-9-9-9-9-9-9-9-9-9-9-9-9-9-9-9-9-9-9-9-9-9    -9 1480455214550983232362 1 213126231 716 1
3889 00 0-9 -9-9-9 -9-9-9-9-9-9-9-9-9-9-9-9-9-9-9-9-9-9-9-9-9-9-9-9-9    -9 2960910429101966232362 2 218821125-9-9-9
3890 00 0-9 -9-9-9 -9-9-9-9-9-9-9-9-9-9-9-9-9-9-9-9-9-9-9-9-9-9-9-9-9    -9 4603311637745860232362 3 368636145-9-9-9
3891 00 0-9 -9-9-9 -9-9-9-9-9-9-9-9-9-9-9-9-9-9-9-9-9-9-9-9-9-9-9-9-9    -9 1480455214550983232362 1 219236135-9-9-9
3892 00 0-9 -9-9-9 -9-9-9-9-9-9-9-9-9-9-9-9-9-9-9-9-9-9-9-9-9-9-9-9-9    -9 3150153437913778232363 2 267436137-9-9-9
3893 00 0-9 -9-9-9 -9-9-9-9-9-9-9-9-9-9-9-9-9-9-9-9-9-9-9-9-9-9-9-9-9    -9 1575076718956889232363 1 267936127-9-9-9
3894 00 0-9 -9-9-9 -9-9-9-9-9-9-9-9-9-9-9-9-9-9-9-9-9-9-9-9-9-9-9-9-9    -9 3039330019862946232363 29715421141 810 1
3895 00 0-9 -9-9-9 -9-9-9-9-9-9-9-9-9-9-9-9-9-9-9-9-9-9-9-9-9-9-9-9-9    -9 3039330019862946232363 2 417721135-9-9-9
3896 10 0 1 682323 681818 6 1 0-9 1 1 6 6 6 6 6 6 6 6 6 6 6 6 1 6 9-9  5945 7598325049657360232363 59712316131 1 1 3
3897 00 0-9 -9-9-9 -9-9-9-9-9-9-9-9-9-9-9-9-9-9-9-9-9-9-9-9-9-9-9-9-9    -9 6300306875827550232363 49762316184-9-9-9
3898 00 0-9 -9-9-9 -9-9-9-9-9-9-9-9-9-9-9-9-9-9-9-9-9-9-9-9-9-9-9-9-9    -9 4725230156870660232363 5 561716144-9-9-9
3899 00 0-9 -9-9-9 -9-9-9-9-9-9-9-9-9-9-9-9-9-9-9-9-9-9-9-9-9-9-9-9-9    -9 3039330019862946232363 4 213721141 6 5 8
3900 01 1 1 682323 68-928 6 330-9 1 6 1 6 6 6 6 6 6 6 6 6 6 6 1 111-9 31165 3039330019862946232363 2 213021142 716 1
3901 10 0 1 682323 68-918 1 1 0 1 1 1 6 6 6 6 6 6 6 6 6 6 6 6 6 611-9  6399 4558995029794410232363 3 715221141 613 5
3902 00 0-9 -9-9-9 -9-9-9-9-9-9-9-9-9-9-9-9-9-9-9-9-9-9-9-9-9-9-9-9-9    -9 3105681999924829232361 2 214516135-9-9-9
3903 00 0-9 -9-9-9 -9-9-9-9-9-9-9-9-9-9-9-9-9-9-9-9-9-9-9-9-9-9-9-9-9    -9 3105681999924829232361 2 818021126-9-9-9
3904 00 0-9 -9-9-9 -9-9-9-9-9-9-9-9-9-9-9-9-9-9-9-9-9-9-9-9-9-9-9-9-9    -9 1609462408687574232361 1 268436135-9-9-9
3905 00 0-9 -9-9-9 -9-9-9-9-9-9-9-9-9-9-9-9-9-9-9-9-9-9-9-9-9-9-9-9-9    -9 6437849634750290232361 4 265521137-9-9-9
3906 20 0 1 682323 68-929 8 230-9 2 6 1 6 6 6 6 6 6 6 6 6 6 6 1 1 8-9 13169 3218924817375148232361 2 363121147-9-9-9
3907 00 0-9 -9-9-9 -9-9-9-9-9-9-9-9-9-9-9-9-9-9-9-9-9-9-9-9-9-9-9-9-9    -9 4658522999887240232361 3 214621141 6 9 1
3908 10 0 1 682323 681818 4 1 0-9 1 6 1 6 6 6 6 6 6 6 6 6 6 6 1 6 8-9  7959 1609462408687574232361 1 267536125-9-9-9
3909 00 0-9 -9-9-9 -9-9-9-9-9-9-9-9-9-9-9-9-9-9-9-9-9-9-9-9-9-9-9-9-9    -9 3218924817375148232361 3 262621147-9-9-9
3910 10 0 1 682323 68-911 4 3 0-9 2 6 1 6 6 6 6 6 6 6 6 6 6 6 1 1 5-9 19595 3218924817375148232361 4 363721147-9-9-9
3911 00 0-9 -9-9-9 -9-9-9-9-9-9-9-9-9-9-9-9-9-9-9-9-9-9-9-9-9-9-9-9-9    -9 4828387226062720232361 3 365121137-9-9-9
3912 00 0-9 -9-9-9 -9-9-9-9-9-9-9-9-9-9-9-9-9-9-9-9-9-9-9-9-9-9-9-9-9    -911460942935618600292943 2 215316141 6 817
3913 00 0-9 -9-9-9 -9-9-9-9-9-9-9-9-9-9-9-9-9-9-9-9-9-9-9-9-9-9-9-9-9    -922921885871237210292943 4 812216141 4 110
3914 00 0-9 -9-9-9 -9-9-9-9-9-9-9-9-9-9-9-9-9-9-9-9-9-9-9-9-9-9-9-9-9    -910560569788641670292943 3 165021257-9-9-9
3915 00 0-9 -9-9-9 -9-9-9-9-9-9-9-9-9-9-9-9-9-9-9-9-9-9-9-9-9-9-9-9-9    -911460942935618600292943 3 315021161 6 419
3916 00 0-9 -9-9-9 -9-9-9-9-9-9-9-9-9-9-9-9-9-9-9-9-9-9-9-9-9-9-9-9-9    -910560569788641670292943 2 265316181 6 817
3917 00 0-9 -9-9-9 -9-9-9-9-9-9-9-9-9-9-9-9-9-9-9-9-9-9-9-9-9-9-9-9-9    -9 5280284894320830292943 3 165546135-9-9-9
3918 00 0-9 -9-9-9 -9-9-9-9-9-9-9-9-9-9-9-9-9-9-9-9-9-9-9-9-9-9-9-9-9    -915840854682962510292943 4 464121163-9-9-9
3919 00 0-9 -9-9-9 -9-9-9-9-9-9-9-9-9-9-9-9-9-9-9-9-9-9-9-9-9-9-9-9-9    -915840854682962510292943 3 262616143-9-9-9
3920 00 0-9 -9-9-9 -9-9-9-9-9-9-9-9-9-9-9-9-9-9-9-9-9-9-9-9-9-9-9-9-9    -9 5280284894320830292943 1 167536128-9-9-9
3921 00 0-9 -9-9-9 -9-9-9-9-9-9-9-9-9-9-9-9-9-9-9-9-9-9-9-9-9-9-9-9-9    -9 5730471467809300292943 1 218336135-9-9-9
3922 00 0-9 -9-9-9 -9-9-9-9-9-9-9-9-9-9-9-9-9-9-9-9-9-9-9-9-9-9-9-9-9    -910560569788641670292943 4 363821163-9-9-9
3923 11 0 1 682929 68-9 4 8 330-9 2 6 1 6 6 6 6 6 6 6 6 6 6 6 1 1 8-9 2062134382828806855830292943 6 413116183-9-9-9
3924 00 0-9 -9-9-9 -9-9-9-9-9-9-9-9-9-9-9-9-9-9-9-9-9-9-9-9-9-9-9-9-9    -915840854682962510292943 4 461916163-9-9-9
3925 00 0-9 -9-9-9 -9-9-9-9-9-9-9-9-9-9-9-9-9-9-9-9-9-9-9-9-9-9-9-9-9    -928652357339046510292943 5 212016132 714 9
3926 00 0-9 -9-9-9 -9-9-9-9-9-9-9-9-9-9-9-9-9-9-9-9-9-9-9-9-9-9-9-9-9    -910560569788641670292943 2 562421151 7 817
3927 00 0-9 -9-9-9 -9-9-9-9-9-9-9-9-9-9-9-9-9-9-9-9-9-9-9-9-9-9-9-9-9    -921121139577283350292943 4 565721141 4 1 7
3928 00 0-9 -9-9-9 -9-9-9-9-9-9-9-9-9-9-9-9-9-9-9-9-9-9-9-9-9-9-9-9-9    -911460942935618600292943 2 217036135-9-9-9
3929 00 0-9 -9-9-9 -9-9-9-9-9-9-9-9-9-9-9-9-9-9-9-9-9-9-9-9-9-9-9-9-9    -911460942935618600292943 2 218521146-9-9-9
3930 00 0-9 -9-9-9 -9-9-9-9-9-9-9-9-9-9-9-9-9-9-9-9-9-9-9-9-9-9-9-9-9    -921121139577283350292943 4 563021141 1 719
3931 00 0-9 -9-9-9 -9-9-9-9-9-9-9-9-9-9-9-9-9-9-9-9-9-9-9-9-9-9-9-9-9    -911460942935618600292943 2 217421125-9-9-9
3932 11 0 1 682929 68-939 81145-9 2 1 6 6 6 6 6 6 6 6 6 6 6 6 1 1 8-9 7265521121139577283350292943 4 662016131 412 3
3933 00 0-9 -9-9-9 -9-9-9-9-9-9-9-9-9-9-9-9-9-9-9-9-9-9-9-9-9-9-9-9-9    -910560569788641670292943 39864721161 6 5 8
3934 00 0-9 -9-9-9 -9-9-9-9-9-9-9-9-9-9-9-9-9-9-9-9-9-9-9-9-9-9-9-9-9    -922921885871237210292943 5 514621191 6 610
3935 00 0-9 -9-9-9 -9-9-9-9-9-9-9-9-9-9-9-9-9-9-9-9-9-9-9-9-9-9-9-9-9    -911460942935618600292943 4 514311243-9-9-9
3936 00 0-9 -9-9-9 -9-9-9-9-9-9-9-9-9-9-9-9-9-9-9-9-9-9-9-9-9-9-9-9-9    -915840854682962510292943 3 264821137-9-9-9
3937 00 0-9 -9-9-9 -9-9-9-9-9-9-9-9-9-9-9-9-9-9-9-9-9-9-9-9-9-9-9-9-9    -915840854682962510292943 39764641123-9-9-9
3938 00 0-9 -9-9-9 -9-9-9-9-9-9-9-9-9-9-9-9-9-9-9-9-9-9-9-9-9-9-9-9-9    -910560569788641670292943 4 864421196-9-9-9
3939 00 0-9 -9-9-9 -9-9-9-9-9-9-9-9-9-9-9-9-9-9-9-9-9-9-9-9-9-9-9-9-9    -910560569788641670292943 4 563921161 71517
3940 00 0-9 -9-9-9 -9-9-9-9-9-9-9-9-9-9-9-9-9-9-9-9-9-9-9-9-9-9-9-9-9    -9 5280284894320830292943 1 265946157-9-9-9
3941 00 0-9 -9-9-9 -9-9-9-9-9-9-9-9-9-9-9-9-9-9-9-9-9-9-9-9-9-9-9-9-9    -911460942935618600292943 4 213521143-9-9-9
3942 00 0-9 -9-9-9 -9-9-9-9-9-9-9-9-9-9-9-9-9-9-9-9-9-9-9-9-9-9-9-9-9    -911280539846244160292942 2 414921132 6 7 7
3943 00 0-9 -9-9-9 -9-9-9-9-9-9-9-9-9-9-9-9-9-9-9-9-9-9-9-9-9-9-9-9-9    -910394339189106580292942 5 363821153-9-9-9
3944 00 0-9 -9-9-9 -9-9-9-9-9-9-9-9-9-9-9-9-9-9-9-9-9-9-9-9-9-9-9-9-9    -916920809769366250292942 3 212616343-9-9-9
3945 00 0-9 -9-9-9 -9-9-9-9-9-9-9-9-9-9-9-9-9-9-9-9-9-9-9-9-9-9-9-9-9    -916920809769366250292942 49712116184-9-9-9
3946 10 0 1 682929 68-941 1 230 3 2 6 6 6 6 6 1 6 6 6 6 6 6 6 6 1-9 1 1332611280539846244160292942 2 515021151 6 413
3947 00 0-9 -9-9-9 -9-9-9-9-9-9-9-9-9-9-9-9-9-9-9-9-9-9-9-9-9-9-9-9-9    -916920809769366250292942 39715016146-9-9-9
3948 00 0-9 -9-9-9 -9-9-9-9-9-9-9-9-9-9-9-9-9-9-9-9-9-9-9-9-9-9-9-9-9    -910394339189106580292942 3 663521171 6 6 6
3949 00 0-9 -9-9-9 -9-9-9-9-9-9-9-9-9-9-9-9-9-9-9-9-9-9-9-9-9-9-9-9-9    -915591508783659880292942 4 661816144-9-9-9
3950 10 0 1 682929 68-911 6 315-9 2 6 1 6 6 6 6 6 6 6 6 6 6 6 1 1 6-9 1097010394339189106580292942 3 563921183-9-9-9
3951 00 0-9 -9-9-9 -9-9-9-9-9-9-9-9-9-9-9-9-9-9-9-9-9-9-9-9-9-9-9-9-9    -910394339189106580292942 29765521137-9-9-9
3952 00 0-9 -9-9-9 -9-9-9-9-9-9-9-9-9-9-9-9-9-9-9-9-9-9-9-9-9-9-9-9-9    -919059566408853800292941 3 612116184-9-9-9
3953 00 0-9 -9-9-9 -9-9-9-9-9-9-9-9-9-9-9-9-9-9-9-9-9-9-9-9-9-9-9-9-9    -919059566408853800292941 3 512116141 4 3 3
3954 00 0-9 -9-9-9 -9-9-9-9-9-9-9-9-9-9-9-9-9-9-9-9-9-9-9-9-9-9-9-9-9    -911708162951491450292941 49863521152 1 4 3
3955 00 0-9 -9-9-9 -9-9-9-9-9-9-9-9-9-9-9-9-9-9-9-9-9-9-9-9-9-9-9-9-9    -912706377605902530292941 2 515321181 6 515
3956 11 0 1 682929 68-928 4 430-9 2 1 6 6 6 6 6 6 6 6 6 6 6 6 6 1 8-9 4309317562244427237170292941 49764321141 41520
3957 00 0-9 -9-9-9 -9-9-9-9-9-9-9-9-9-9-9-9-9-9-9-9-9-9-9-9-9-9-9-9-9    -923416325902982900292941 4 865621181 6 213
3958 00 0-9 -9-9-9 -9-9-9-9-9-9-9-9-9-9-9-9-9-9-9-9-9-9-9-9-9-9-9-9-9    -919059566408853800292941 49712116154-9-9-9
3959 00 0-9 -9-9-9 -9-9-9-9-9-9-9-9-9-9-9-9-9-9-9-9-9-9-9-9-9-9-9-9-9    -911708162951491450292941 3 463121151 6 614
3960 00 0-9 -9-9-9 -9-9-9-9-9-9-9-9-9-9-9-9-9-9-9-9-9-9-9-9-9-9-9-9-9    -925412755211805060292941 6 211716134-9-9-9
3961 00 0-9 -9-9-9 -9-9-9-9-9-9-9-9-9-9-9-9-9-9-9-9-9-9-9-9-9-9-9-9-9    -917562244427237170292941 6 264221161 71517
3962 00 0-9 -9-9-9 -9-9-9-9-9-9-9-9-9-9-9-9-9-9-9-9-9-9-9-9-9-9-9-9-9    -9 5280284894320830292953 1 267936127-9-9-9
3963 00 0-9 -9-9-9 -9-9-9-9-9-9-9-9-9-9-9-9-9-9-9-9-9-9-9-9-9-9-9-9-9    -911460942935618600292953 2 114116143-9-9-9
3964 00 0-9 -9-9-9 -9-9-9-9-9-9-9-9-9-9-9-9-9-9-9-9-9-9-9-9-9-9-9-9-9    -910560569788641670292953 3 163721143-9-9-9
3965 00 0-9 -9-9-9 -9-9-9-9-9-9-9-9-9-9-9-9-9-9-9-9-9-9-9-9-9-9-9-9-9    -910560569788641670292953 29763216143-9-9-9
3966 00 0-9 -9-9-9 -9-9-9-9-9-9-9-9-9-9-9-9-9-9-9-9-9-9-9-9-9-9-9-9-9    -9 5280284894320830292953 1 165046163-9-9-9
3967 00 0-9 -9-9-9 -9-9-9-9-9-9-9-9-9-9-9-9-9-9-9-9-9-9-9-9-9-9-9-9-9    -917191414403427910292953 3 216716125-9-9-9
3968 00 0-9 -9-9-9 -9-9-9-9-9-9-9-9-9-9-9-9-9-9-9-9-9-9-9-9-9-9-9-9-9    -910560569788641670292953 2 263721153-9-9-9
3969 00 0-9 -9-9-9 -9-9-9-9-9-9-9-9-9-9-9-9-9-9-9-9-9-9-9-9-9-9-9-9-9    -922921885871237210292953 4 211916143-9-9-9
3970 00 0-9 -9-9-9 -9-9-9-9-9-9-9-9-9-9-9-9-9-9-9-9-9-9-9-9-9-9-9-9-9    -9 5730471467809300292953 1 116516125-9-9-9
3971 00 0-9 -9-9-9 -9-9-9-9-9-9-9-9-9-9-9-9-9-9-9-9-9-9-9-9-9-9-9-9-9    -9 5730471467809300292953 19714426171 6 815
3972 00 0-9 -9-9-9 -9-9-9-9-9-9-9-9-9-9-9-9-9-9-9-9-9-9-9-9-9-9-9-9-9    -9 5640269923122080292952 1 218016135-9-9-9
3973 00 0-9 -9-9-9 -9-9-9-9-9-9-9-9-9-9-9-9-9-9-9-9-9-9-9-9-9-9-9-9-9    -920788678378213170292952 4 364621147-9-9-9
3974 00 0-9 -9-9-9 -9-9-9-9-9-9-9-9-9-9-9-9-9-9-9-9-9-9-9-9-9-9-9-9-9    -9 5197169594553290292952 1 267836137-9-9-9
3975 00 0-9 -9-9-9 -9-9-9-9-9-9-9-9-9-9-9-9-9-9-9-9-9-9-9-9-9-9-9-9-9    -910394339189106580292952 2 164721142 710 1
3976 00 0-9 -9-9-9 -9-9-9-9-9-9-9-9-9-9-9-9-9-9-9-9-9-9-9-9-9-9-9-9-9    -920788678378213170292952 4 862316141 7 7 7
3977 00 0-9 -9-9-9 -9-9-9-9-9-9-9-9-9-9-9-9-9-9-9-9-9-9-9-9-9-9-9-9-9    -911280539846244160292952 2 216621145-9-9-9
3978 00 0-9 -9-9-9 -9-9-9-9-9-9-9-9-9-9-9-9-9-9-9-9-9-9-9-9-9-9-9-9-9    -9 5640269923122080292952 1 117716135-9-9-9
3979 00 0-9 -9-9-9 -9-9-9-9-9-9-9-9-9-9-9-9-9-9-9-9-9-9-9-9-9-9-9-9-9    -9 5197169594553290292952 1 269036135-9-9-9
3980 00 0-9 -9-9-9 -9-9-9-9-9-9-9-9-9-9-9-9-9-9-9-9-9-9-9-9-9-9-9-9-9    -910394339189106580292952 3 263321143-9-9-9
3981 00 0-9 -9-9-9 -9-9-9-9-9-9-9-9-9-9-9-9-9-9-9-9-9-9-9-9-9-9-9-9-9    -910394339189106580292932 3 264346142 715 9
3982 00 0-9 -9-9-9 -9-9-9-9-9-9-9-9-9-9-9-9-9-9-9-9-9-9-9-9-9-9-9-9-9    -9 5640269923122080292932 19816946185-9-9-9
3983 00 0-9 -9-9-9 -9-9-9-9-9-9-9-9-9-9-9-9-9-9-9-9-9-9-9-9-9-9-9-9-9    -9 5197169594553290292932 19867536228-9-9-9
3984 00 0-9 -9-9-9 -9-9-9-9-9-9-9-9-9-9-9-9-9-9-9-9-9-9-9-9-9-9-9-9-9    -915591508783659880292932 6 462016253-9-9-9
3985 00 0-9 -9-9-9 -9-9-9-9-9-9-9-9-9-9-9-9-9-9-9-9-9-9-9-9-9-9-9-9-9    -922561079692488330292932 49714921143-9-9-9
3986 00 0-9 -9-9-9 -9-9-9-9-9-9-9-9-9-9-9-9-9-9-9-9-9-9-9-9-9-9-9-9-9    -910394339189106580292932 29865621141 8 619
3987 10 0 1 682929 681818 6 130-9 2 6 1 6 6 6 6 6 6 6 6 6 6 6 1 1 8-9 1071110394339189106580292932 29767721387-9-9-9
3988 00 0-9 -9-9-9 -9-9-9-9-9-9-9-9-9-9-9-9-9-9-9-9-9-9-9-9-9-9-9-9-9    -916920809769366250292932 39813616171 6 3 3
3989 11 0 1 682929 68-941 4 1 5-9 1 1 6 6 6 6 6 6 6 6 6 6 6 6 6 6 5-9  819416920809769366250292932 3 814841141 6 4 3
3990 10 0 1 682929 684141 6 3 0-9 2 6 6 6 6 6 6 6 1 6 6 6 6 6 1 1-9 1 15465 5197169594553290292932 2 563646191 6 216
3991 00 0-9 -9-9-9 -9-9-9-9-9-9-9-9-9-9-9-9-9-9-9-9-9-9-9-9-9-9-9-9-9    -9 5280284894320830292933 39864436143-9-9-9
3992 00 0-9 -9-9-9 -9-9-9-9-9-9-9-9-9-9-9-9-9-9-9-9-9-9-9-9-9-9-9-9-9    -915840854682962510292933 39861916154-9-9-9
3993 00 0-9 -9-9-9 -9-9-9-9-9-9-9-9-9-9-9-9-9-9-9-9-9-9-9-9-9-9-9-9-9    -9 5730471467809300292933 1 516936185-9-9-9
3994 00 0-9 -9-9-9 -9-9-9-9-9-9-9-9-9-9-9-9-9-9-9-9-9-9-9-9-9-9-9-9-9    -910560569788641670292933 59864221191 1 2 7
3995 00 0-9 -9-9-9 -9-9-9-9-9-9-9-9-9-9-9-9-9-9-9-9-9-9-9-9-9-9-9-9-9    -9 5730471467809300292933 1 413616191 6 3 6
3996 00 0-9 -9-9-9 -9-9-9-9-9-9-9-9-9-9-9-9-9-9-9-9-9-9-9-9-9-9-9-9-9    -9 5280284894320830292933 19768836245-9-9-9
3997 00 0-9 -9-9-9 -9-9-9-9-9-9-9-9-9-9-9-9-9-9-9-9-9-9-9-9-9-9-9-9-9    -910560569788641670292953 2 463521181 6 216
3998 00 0-9 -9-9-9 -9-9-9-9-9-9-9-9-9-9-9-9-9-9-9-9-9-9-9-9-9-9-9-9-9    -910560569788641670292953 4 564121162 6 216
3999 10 0 1 682929 681414 6 140-9 2 6 6 6 1 6 6 6 6 6 6 6 6 6 1 611-9 1318410560569788641670292953 4 363621151 1 7 7
4000 00 0-9 -9-9-9 -9-9-9-9-9-9-9-9-9-9-9-9-9-9-9-9-9-9-9-9-9-9-9-9-9    -9 5280284894320830292953 2 263946171 7 611
4001 00 0-9 -9-9-9 -9-9-9-9-9-9-9-9-9-9-9-9-9-9-9-9-9-9-9-9-9-9-9-9-9    -917191414403427910292953 59711616144-9-9-9
4002 00 0-9 -9-9-9 -9-9-9-9-9-9-9-9-9-9-9-9-9-9-9-9-9-9-9-9-9-9-9-9-9    -910560569788641670292953 49863411151 614 8
4003 00 1 1 682929154-9-9 412 0-9 2 6 1 6 6 6 6 6 6 1 6 6 6 6 1 1-9-9 5584615840854682962510292953 5 264021333-9-9-9
4004 00 0-9 -9-9-9 -9-9-9-9-9-9-9-9-9-9-9-9-9-9-9-9-9-9-9-9-9-9-9-9-9    -915840854682962510292953 3 564621132 411 3
4005 00 0-9 -9-9-9 -9-9-9-9-9-9-9-9-9-9-9-9-9-9-9-9-9-9-9-9-9-9-9-9-9    -910560569788641670292953 2 663621191 6 216
4006 00 0-9 -9-9-9 -9-9-9-9-9-9-9-9-9-9-9-9-9-9-9-9-9-9-9-9-9-9-9-9-9    -922921885871237210292953 4 815121131 61518
4007 00 0-9 -9-9-9 -9-9-9-9-9-9-9-9-9-9-9-9-9-9-9-9-9-9-9-9-9-9-9-9-9    -911460942935618600292953 3 313311141 711 3
4008 00 0-9 -9-9-9 -9-9-9-9-9-9-9-9-9-9-9-9-9-9-9-9-9-9-9-9-9-9-9-9-9    -910560569788641670292953 3 463111181 6 217
4009 00 0-9 -9-9-9 -9-9-9-9-9-9-9-9-9-9-9-9-9-9-9-9-9-9-9-9-9-9-9-9-9    -915840854682962510292953 4 264621141 4 7 7
4010 00 0-9 -9-9-9 -9-9-9-9-9-9-9-9-9-9-9-9-9-9-9-9-9-9-9-9-9-9-9-9-9    -910560569788641670292953 3 563121151 6 618
4011 00 0-9 -9-9-9 -9-9-9-9-9-9-9-9-9-9-9-9-9-9-9-9-9-9-9-9-9-9-9-9-9    -926401424471604190292953 5 162116164-9-9-9
4012 00 0-9 -9-9-9 -9-9-9-9-9-9-9-9-9-9-9-9-9-9-9-9-9-9-9-9-9-9-9-9-9    -921121139577283350292953 4 267521127-9-9-9
4013 00 0-9 -9-9-9 -9-9-9-9-9-9-9-9-9-9-9-9-9-9-9-9-9-9-9-9-9-9-9-9-9    -911460942935618600292953 2 216821125-9-9-9
4014 00 0-9 -9-9-9 -9-9-9-9-9-9-9-9-9-9-9-9-9-9-9-9-9-9-9-9-9-9-9-9-9    -910560569788641670292953 2 563111181 7 317
4015 00 0-9 -9-9-9 -9-9-9-9-9-9-9-9-9-9-9-9-9-9-9-9-9-9-9-9-9-9-9-9-9    -928652357339046510292953 6 212216141 616 7
4016 10 0 2 68-941 682929 4 230-9 2 1 6 6 6 6 6 6 6 6 6 6 6 6 6 1 1-9  6690 5730471467809300292953 1 313416181 7 216
4017 00 0-9 -9-9-9 -9-9-9-9-9-9-9-9-9-9-9-9-9-9-9-9-9-9-9-9-9-9-9-9-9    -926401424471604190292953 5 361716144-9-9-9
4018 00 0-9 -9-9-9 -9-9-9-9-9-9-9-9-9-9-9-9-9-9-9-9-9-9-9-9-9-9-9-9-9    -915840854682962510292953 4 265521127-9-9-9
4019 00 0-9 -9-9-9 -9-9-9-9-9-9-9-9-9-9-9-9-9-9-9-9-9-9-9-9-9-9-9-9-9    -915840854682962510292953 3 362416161 6 817
4020 00 0-9 -9-9-9 -9-9-9-9-9-9-9-9-9-9-9-9-9-9-9-9-9-9-9-9-9-9-9-9-9    -9 5730471467809300292953 1 216416135-9-9-9
4021 00 0-9 -9-9-9 -9-9-9-9-9-9-9-9-9-9-9-9-9-9-9-9-9-9-9-9-9-9-9-9-9    -911460942935618600292953 2 413821141 6 7 9
4022 00 0-9 -9-9-9 -9-9-9-9-9-9-9-9-9-9-9-9-9-9-9-9-9-9-9-9-9-9-9-9-9    -910560569788641670292953 4 363821147-9-9-9
4023 00 0-9 -9-9-9 -9-9-9-9-9-9-9-9-9-9-9-9-9-9-9-9-9-9-9-9-9-9-9-9-9    -910560569788641670292953 3 362721141 716 3
4024 00 0-9 -9-9-9 -9-9-9-9-9-9-9-9-9-9-9-9-9-9-9-9-9-9-9-9-9-9-9-9-9    -9 5280284894320830292953 1 365416161 6 817
4025 00 0-9 -9-9-9 -9-9-9-9-9-9-9-9-9-9-9-9-9-9-9-9-9-9-9-9-9-9-9-9-9    -911460942935618600292953 3 213921173-9-9-9
4026 00 0-9 -9-9-9 -9-9-9-9-9-9-9-9-9-9-9-9-9-9-9-9-9-9-9-9-9-9-9-9-9    -915840854682962510292953 3 362016172 7 417
4027 00 0-9 -9-9-9 -9-9-9-9-9-9-9-9-9-9-9-9-9-9-9-9-9-9-9-9-9-9-9-9-9    -911460942935618600292953 4 113721143-9-9-9
4028 00 0-9 -9-9-9 -9-9-9-9-9-9-9-9-9-9-9-9-9-9-9-9-9-9-9-9-9-9-9-9-9    -9 5280284894320830292953 1 266636137-9-9-9
4029 00 0-9 -9-9-9 -9-9-9-9-9-9-9-9-9-9-9-9-9-9-9-9-9-9-9-9-9-9-9-9-9    -915840854682962510292953 3 565921181 6 216
4030 00 0-9 -9-9-9 -9-9-9-9-9-9-9-9-9-9-9-9-9-9-9-9-9-9-9-9-9-9-9-9-9    -921121139577283350292953 4 664221142 6 7 7
4031 00 0-9 -9-9-9 -9-9-9-9-9-9-9-9-9-9-9-9-9-9-9-9-9-9-9-9-9-9-9-9-9    -921121139577283350292953 5 262116143-9-9-9
4032 00 0-9 -9-9-9 -9-9-9-9-9-9-9-9-9-9-9-9-9-9-9-9-9-9-9-9-9-9-9-9-9    -917191414403427910292953 3 515821145-9-9-9
4033 00 0-9 -9-9-9 -9-9-9-9-9-9-9-9-9-9-9-9-9-9-9-9-9-9-9-9-9-9-9-9-9    -9 5730471467809300292953 1 217936125-9-9-9
4034 00 0-9 -9-9-9 -9-9-9-9-9-9-9-9-9-9-9-9-9-9-9-9-9-9-9-9-9-9-9-9-9    -910560569788641670292953 2 263116193-9-9-9
4035 00 0-9 -9-9-9 -9-9-9-9-9-9-9-9-9-9-9-9-9-9-9-9-9-9-9-9-9-9-9-9-9    -911460942935618600292953 4 214421281 6 7 7
4036 00 0-9 -9-9-9 -9-9-9-9-9-9-9-9-9-9-9-9-9-9-9-9-9-9-9-9-9-9-9-9-9    -9 5280284894320830292953 1 168236135-9-9-9
4037 00 0-9 -9-9-9 -9-9-9-9-9-9-9-9-9-9-9-9-9-9-9-9-9-9-9-9-9-9-9-9-9    -910560569788641670292953 39763421181 6 615
4038 00 0-9 -9-9-9 -9-9-9-9-9-9-9-9-9-9-9-9-9-9-9-9-9-9-9-9-9-9-9-9-9    -911460942935618600292953 3 212921143-9-9-9
4039 10 0 1 682929 681111 4 2 0-9 1 6 1 6 6 6 6 6 6 6 6 6 6 6 1 6 8-9 13727 5730471467809300292953 1 213516141 6 817
4040 00 0-9 -9-9-9 -9-9-9-9-9-9-9-9-9-9-9-9-9-9-9-9-9-9-9-9-9-9-9-9-9    -910560569788641670292953 2 465921235-9-9-9
4041 00 0-9 -9-9-9 -9-9-9-9-9-9-9-9-9-9-9-9-9-9-9-9-9-9-9-9-9-9-9-9-9    -917191414403427910292953 4 415821135-9-9-9
4042 00 0-9 -9-9-9 -9-9-9-9-9-9-9-9-9-9-9-9-9-9-9-9-9-9-9-9-9-9-9-9-9    -9 5280284894320830292953 4 263846141 615 9
4043 00 0-9 -9-9-9 -9-9-9-9-9-9-9-9-9-9-9-9-9-9-9-9-9-9-9-9-9-9-9-9-9    -915840854682962510292953 3 263216141 6 719
4044 00 0-9 -9-9-9 -9-9-9-9-9-9-9-9-9-9-9-9-9-9-9-9-9-9-9-9-9-9-9-9-9    -911460942935618600292953 29816421135-9-9-9
4045 00 0-9 -9-9-9 -9-9-9-9-9-9-9-9-9-9-9-9-9-9-9-9-9-9-9-9-9-9-9-9-9    -911460942935618600292953 2 112411253-9-9-9
4046 00 0-9 -9-9-9 -9-9-9-9-9-9-9-9-9-9-9-9-9-9-9-9-9-9-9-9-9-9-9-9-9    -911460942935618600292953 2 216316132 6 4 7
4047 00 0-9 -9-9-9 -9-9-9-9-9-9-9-9-9-9-9-9-9-9-9-9-9-9-9-9-9-9-9-9-9    -910560569788641670292933 2 466646147-9-9-9
4048 10 0 1 682929 681818 6 230-9 2 6 1 6 6 6 6 6 6 6 6 6 6 6 1 1 8-9 1612117191414403427910292933 3 411716134-9-9-9
4049 00 0-9 -9-9-9 -9-9-9-9-9-9-9-9-9-9-9-9-9-9-9-9-9-9-9-9-9-9-9-9-9    -911460942935618600292933 2 517121145-9-9-9
4050 00 0-9 -9-9-9 -9-9-9-9-9-9-9-9-9-9-9-9-9-9-9-9-9-9-9-9-9-9-9-9-9    -910560569788641670292933 39864721141 6 7 9
4051 00 0-9 -9-9-9 -9-9-9-9-9-9-9-9-9-9-9-9-9-9-9-9-9-9-9-9-9-9-9-9-9    -910560569788641670292933 2 267521127-9-9-9
4052 00 0-9 -9-9-9 -9-9-9-9-9-9-9-9-9-9-9-9-9-9-9-9-9-9-9-9-9-9-9-9-9    -917191414403427910292933 4 414721141 6 415
4053 00 0-9 -9-9-9 -9-9-9-9-9-9-9-9-9-9-9-9-9-9-9-9-9-9-9-9-9-9-9-9-9    -9 5730471467809300292933 1 217116125-9-9-9
4054 00 0-9 -9-9-9 -9-9-9-9-9-9-9-9-9-9-9-9-9-9-9-9-9-9-9-9-9-9-9-9-9    -910560569788641670292933 2 267221137-9-9-9
4055 00 0-9 -9-9-9 -9-9-9-9-9-9-9-9-9-9-9-9-9-9-9-9-9-9-9-9-9-9-9-9-9    -9 5730471467809300292933 1 217216125-9-9-9
4056 00 0-9 -9-9-9 -9-9-9-9-9-9-9-9-9-9-9-9-9-9-9-9-9-9-9-9-9-9-9-9-9    -922921885871237210292933 4 215221141 7 4 6
4057 00 0-9 -9-9-9 -9-9-9-9-9-9-9-9-9-9-9-9-9-9-9-9-9-9-9-9-9-9-9-9-9    -925412755211805060292931 4 416321145-9-9-9
4058 00 0-9 -9-9-9 -9-9-9-9-9-9-9-9-9-9-9-9-9-9-9-9-9-9-9-9-9-9-9-9-9    -912706377605902530292931 2 715611236-9-9-9
4059 20 0 1 682929 682323 4 4 0-9 2 1 6 6 6 6 6 6 6 6 6 6 6 6 6 1 1-9 19560 6353188802951260292931 1 313316151 6 3 7
4060 00 0-9 -9-9-9 -9-9-9-9-9-9-9-9-9-9-9-9-9-9-9-9-9-9-9-9-9-9-9-9-9    -911708162951491450292931 29866741255-9-9-9
4061 00 0-9 -9-9-9 -9-9-9-9-9-9-9-9-9-9-9-9-9-9-9-9-9-9-9-9-9-9-9-9-9    -919059566408853800292931 3 216321145-9-9-9
4062 00 0-9 -9-9-9 -9-9-9-9-9-9-9-9-9-9-9-9-9-9-9-9-9-9-9-9-9-9-9-9-9    -911708162951491450292931 2 365921147-9-9-9
4063 00 0-9 -9-9-9 -9-9-9-9-9-9-9-9-9-9-9-9-9-9-9-9-9-9-9-9-9-9-9-9-9    -9 5280284894320830292933 19864916141 61014
4064 00 0-9 -9-9-9 -9-9-9-9-9-9-9-9-9-9-9-9-9-9-9-9-9-9-9-9-9-9-9-9-9    -915840854682962510292933 49864421142 6 7 9
4065 00 0-9 -9-9-9 -9-9-9-9-9-9-9-9-9-9-9-9-9-9-9-9-9-9-9-9-9-9-9-9-9    -910560569788641670292933 3 664321191 6 613
4066 00 0-9 -9-9-9 -9-9-9-9-9-9-9-9-9-9-9-9-9-9-9-9-9-9-9-9-9-9-9-9-9    -917191414403427910292933 39714316142 71514
4067 00 0-9 -9-9-9 -9-9-9-9-9-9-9-9-9-9-9-9-9-9-9-9-9-9-9-9-9-9-9-9-9    -910560569788641670292933 2 264446142 615 9
4068 00 0-9 -9-9-9 -9-9-9-9-9-9-9-9-9-9-9-9-9-9-9-9-9-9-9-9-9-9-9-9-9    -9 5280284894320830292933 2 264346161 4 817
4069 10 0 1 682929 681211 3 045-9 1 1 6 6 6 6 6 6 6 6 6 6 6 6 1 6 1-9  412911460942935618600292933 3 215141143-9-9-9
4070 00 0-9 -9-9-9 -9-9-9-9-9-9-9-9-9-9-9-9-9-9-9-9-9-9-9-9-9-9-9-9-9    -911460942935618600292933 3 213821173-9-9-9
4071 00 0-9 -9-9-9 -9-9-9-9-9-9-9-9-9-9-9-9-9-9-9-9-9-9-9-9-9-9-9-9-9    -911460942935618600292933 3 213921141 7 719
4072 00 0-9 -9-9-9 -9-9-9-9-9-9-9-9-9-9-9-9-9-9-9-9-9-9-9-9-9-9-9-9-9    -911460942935618600292933 2 313221162 5 7 9
4073 00 0-9 -9-9-9 -9-9-9-9-9-9-9-9-9-9-9-9-9-9-9-9-9-9-9-9-9-9-9-9-9    -911280539846244160292932 2 617321127-9-9-9
4074 10 0 1 682929 681211 1 130 5 2 1 6 6 6 6 6 6 6 6 6 6 6 6 1 1 9-9  262416920809769366250292932 49714821141 1 1 7
4075 00 0-9 -9-9-9 -9-9-9-9-9-9-9-9-9-9-9-9-9-9-9-9-9-9-9-9-9-9-9-9-9    -915591508783659880292932 3 465141141 615 9
4076 00 0-9 -9-9-9 -9-9-9-9-9-9-9-9-9-9-9-9-9-9-9-9-9-9-9-9-9-9-9-9-9    -910394339189106580292932 3 861816244-9-9-9
4077 00 0-9 -9-9-9 -9-9-9-9-9-9-9-9-9-9-9-9-9-9-9-9-9-9-9-9-9-9-9-9-9    -911280539846244160292932 2 217421135-9-9-9
4078 00 0-9 -9-9-9 -9-9-9-9-9-9-9-9-9-9-9-9-9-9-9-9-9-9-9-9-9-9-9-9-9    -910394339189106580292932 29867336127-9-9-9
4079 30 0 1 682929 68-911 6 230-9 1 6 1 6 6 6 6 6 6 6 6 6 6 6 1 1 4-9  839416920809769366250292932 3 411916131 5 7 7
4080 00 0-9 -9-9-9 -9-9-9-9-9-9-9-9-9-9-9-9-9-9-9-9-9-9-9-9-9-9-9-9-9    -911280539846244160292932 2 515821195-9-9-9
4081140 0 1 682929 681211 1 1 0 1 1 1 6 6 6 6 6 6 6 6 6 6 6 6 1 6 3-9  333211280539846244160292932 29816021251 6 418
4082 00 0-9 -9-9-9 -9-9-9-9-9-9-9-9-9-9-9-9-9-9-9-9-9-9-9-9-9-9-9-9-9    -910394339189106580292932 49864321192 6 7 7
4083 00 0-9 -9-9-9 -9-9-9-9-9-9-9-9-9-9-9-9-9-9-9-9-9-9-9-9-9-9-9-9-9    -917562244427237170292931 4 364321247-9-9-9
4084 10 0 1 682929 684141 4 230-9 2 1 6 6 6 6 6 6 6 6 6 6 6 6 6 6 8-9 1295523416325902982900292931 49865321191 6 216
4085 00 0-9 -9-9-9 -9-9-9-9-9-9-9-9-9-9-9-9-9-9-9-9-9-9-9-9-9-9-9-9-9    -912706377605902530292931 29812811151 615 9
4086 10 0 1 682929 681111 6 2 0-9 1 1 6 6 6 6 6 6 6 6 6 6 6 6 1 6 8-9 1131712706377605902530292931 29816821295-9-9-9
4087 10 0 1 682929 68-911 4 110-9 2 6 1 6 6 6 6 6 6 6 6 6 6 6 1 1 7-9  559817562244427237170292931 4 864721181 6 216
4088 00 0-9 -9-9-9 -9-9-9-9-9-9-9-9-9-9-9-9-9-9-9-9-9-9-9-9-9-9-9-9-9    -912706377605902530292931 29815321193-9-9-9
4089 00 0-9 -9-9-9 -9-9-9-9-9-9-9-9-9-9-9-9-9-9-9-9-9-9-9-9-9-9-9-9-9    -911708162951491450292931 2 164621143-9-9-9
4090 00 0-9 -9-9-9 -9-9-9-9-9-9-9-9-9-9-9-9-9-9-9-9-9-9-9-9-9-9-9-9-9    -911708162951491450292931 4 563721181 7 217
4091 10 0 1 682929 684141 4 230-9 2 6 6 6 6 6 6 1 6 6 6 6 6 6 6 1-912 13762 5854081475745720292931 1 265746141 6 4 9
4092 10 0 1 682929 68-941 6 330-9 2 6 1 6 6 6 6 6 6 6 6 6 6 6 1 1 2-9 1210921121139577283350292933 4 566021141 6 615
4093 01 0 1 682929 68-946 4 2 0-9 2 6 6 6 6 6 1 6 6 6 1 6 6 6 6 6-9 7 5020417191414403427910292933 3 211916174-9-9-9
4094 00 0-9 -9-9-9 -9-9-9-9-9-9-9-9-9-9-9-9-9-9-9-9-9-9-9-9-9-9-9-9-9    -922921885871237210292933 49815121133-9-9-9
4095 00 0-9 -9-9-9 -9-9-9-9-9-9-9-9-9-9-9-9-9-9-9-9-9-9-9-9-9-9-9-9-9    -911460942935618600292933 39813621141 110 1
4096 00 0-9 -9-9-9 -9-9-9-9-9-9-9-9-9-9-9-9-9-9-9-9-9-9-9-9-9-9-9-9-9    -9 5280284894320830292933 19866136137-9-9-9
4097 00 0-9 -9-9-9 -9-9-9-9-9-9-9-9-9-9-9-9-9-9-9-9-9-9-9-9-9-9-9-9-9    -9 5280284894320830292933 3 263016174-9-9-9
4098 00 0-9 -9-9-9 -9-9-9-9-9-9-9-9-9-9-9-9-9-9-9-9-9-9-9-9-9-9-9-9-9    -911460942935618600292933 3 414121151 6 915
4099 00 0-9 -9-9-9 -9-9-9-9-9-9-9-9-9-9-9-9-9-9-9-9-9-9-9-9-9-9-9-9-9    -910560569788641670292933 3 764021143-9-9-9
4100 00 0-9 -9-9-9 -9-9-9-9-9-9-9-9-9-9-9-9-9-9-9-9-9-9-9-9-9-9-9-9-9    -915840854682962510292933 5 363821147-9-9-9
4101 00 0-9 -9-9-9 -9-9-9-9-9-9-9-9-9-9-9-9-9-9-9-9-9-9-9-9-9-9-9-9-9    -917191414403427910292933 4 215421142 71014
4102 00 0-9 -9-9-9 -9-9-9-9-9-9-9-9-9-9-9-9-9-9-9-9-9-9-9-9-9-9-9-9-9    -9 5854081475745720292931 1 263316181 6 8 7
4103 00 0-9 -9-9-9 -9-9-9-9-9-9-9-9-9-9-9-9-9-9-9-9-9-9-9-9-9-9-9-9-9    -912706377605902530292931 39813521151 61119
4104 00 0-9 -9-9-9 -9-9-9-9-9-9-9-9-9-9-9-9-9-9-9-9-9-9-9-9-9-9-9-9-9    -917562244427237170292931 3 265646282 91520
4105 00 0-9 -9-9-9 -9-9-9-9-9-9-9-9-9-9-9-9-9-9-9-9-9-9-9-9-9-9-9-9-9    -911708162951491450292931 2 262416141 6 7 7
4106 10 0 1 682929 681818 6 230-9 2 1 6 6 6 6 6 6 6 6 6 6 6 6 1 111-9 1522612706377605902530292931 39814011191 6 313
4107 00 0-9 -9-9-9 -9-9-9-9-9-9-9-9-9-9-9-9-9-9-9-9-9-9-9-9-9-9-9-9-9    -923416325902982900292931 49861716134-9-9-9
4108 00 0-9 -9-9-9 -9-9-9-9-9-9-9-9-9-9-9-9-9-9-9-9-9-9-9-9-9-9-9-9-9    -911708162951491450292931 3 362721143-9-9-9
4109 00 0-9 -9-9-9 -9-9-9-9-9-9-9-9-9-9-9-9-9-9-9-9-9-9-9-9-9-9-9-9-9    -9 5280284894320830292933 19865146138-9-9-9
4110 00 0-9 -9-9-9 -9-9-9-9-9-9-9-9-9-9-9-9-9-9-9-9-9-9-9-9-9-9-9-9-9    -910560569788641670292933 49864621181 6 216
4111 00 0-9 -9-9-9 -9-9-9-9-9-9-9-9-9-9-9-9-9-9-9-9-9-9-9-9-9-9-9-9-9    -910560569788641670292933 2 262716251 715 9
4112 00 0-9 -9-9-9 -9-9-9-9-9-9-9-9-9-9-9-9-9-9-9-9-9-9-9-9-9-9-9-9-9    -9 5280284894320830292933 1 266536145-9-9-9
4113 00 0-9 -9-9-9 -9-9-9-9-9-9-9-9-9-9-9-9-9-9-9-9-9-9-9-9-9-9-9-9-9    -910560569788641670292933 2 165146143-9-9-9
4114 00 0-9 -9-9-9 -9-9-9-9-9-9-9-9-9-9-9-9-9-9-9-9-9-9-9-9-9-9-9-9-9    -928652357339046510292933 5 312116152 915 9
4115 00 0-9 -9-9-9 -9-9-9-9-9-9-9-9-9-9-9-9-9-9-9-9-9-9-9-9-9-9-9-9-9    -9 5280284894320830292933 1 167336125-9-9-9
4116 00 0-9 -9-9-9 -9-9-9-9-9-9-9-9-9-9-9-9-9-9-9-9-9-9-9-9-9-9-9-9-9    -910560569788641670292933 2 368736135-9-9-9
4117 01 0 1 682929 68-928 6 230-9 2 6 6 6 6 6 6 6 1 6 6 6 6 6 1 1-9 6 4455726401424471604190292933 59761916154-9-9-9
4118 00 0-9 -9-9-9 -9-9-9-9-9-9-9-9-9-9-9-9-9-9-9-9-9-9-9-9-9-9-9-9-9    -931681709365925030292933 79765416233-9-9-9
4119 00 0-9 -9-9-9 -9-9-9-9-9-9-9-9-9-9-9-9-9-9-9-9-9-9-9-9-9-9-9-9-9    -911460942935618600292933 2 415641141 6 7 9
4120 00 0-9 -9-9-9 -9-9-9-9-9-9-9-9-9-9-9-9-9-9-9-9-9-9-9-9-9-9-9-9-9    -917191414403427910292933 4 315021141 614 8
4121 00 0-9 -9-9-9 -9-9-9-9-9-9-9-9-9-9-9-9-9-9-9-9-9-9-9-9-9-9-9-9-9    -910560569788641670292933 4 564421161 4 113
4122 00 0-9 -9-9-9 -9-9-9-9-9-9-9-9-9-9-9-9-9-9-9-9-9-9-9-9-9-9-9-9-9    -915840854682962510292933 3 363116152 7 7 7
4123 00 0-9 -9-9-9 -9-9-9-9-9-9-9-9-9-9-9-9-9-9-9-9-9-9-9-9-9-9-9-9-9    -9 5280284894320830292933 19866936355-9-9-9
4124 00 0-9 -9-9-9 -9-9-9-9-9-9-9-9-9-9-9-9-9-9-9-9-9-9-9-9-9-9-9-9-9    -9 5730471467809300292933 1 114416136-9-9-9
4125 00 0-9 -9-9-9 -9-9-9-9-9-9-9-9-9-9-9-9-9-9-9-9-9-9-9-9-9-9-9-9-9    -921121139577283350292933 5 263016143-9-9-9
4126 00 0-9 -9-9-9 -9-9-9-9-9-9-9-9-9-9-9-9-9-9-9-9-9-9-9-9-9-9-9-9-9    -910560569788641670292933 2 164846143-9-9-9
4127 00 0-9 -9-9-9 -9-9-9-9-9-9-9-9-9-9-9-9-9-9-9-9-9-9-9-9-9-9-9-9-9    -910560569788641670292933 29867321145-9-9-9
4128 00 0-9 -9-9-9 -9-9-9-9-9-9-9-9-9-9-9-9-9-9-9-9-9-9-9-9-9-9-9-9-9    -910560569788641670292933 2 265521137-9-9-9
4129 00 0-9 -9-9-9 -9-9-9-9-9-9-9-9-9-9-9-9-9-9-9-9-9-9-9-9-9-9-9-9-9    -9 5730471467809300292933 1 218026125-9-9-9
4130 10 0 1 682929 684141 6 3 0-9 1 6 1 6 6 6 6 6 6 6 6 6 6 6 1 611-9 1519117191414403427910292933 39817021145-9-9-9
4131 00 0-9 -9-9-9 -9-9-9-9-9-9-9-9-9-9-9-9-9-9-9-9-9-9-9-9-9-9-9-9-9    -911460942935618600292933 2 217921145-9-9-9
4132 00 0-9 -9-9-9 -9-9-9-9-9-9-9-9-9-9-9-9-9-9-9-9-9-9-9-9-9-9-9-9-9    -9 5280284894320830292933 19866836295-9-9-9
4133 00 0-9 -9-9-9 -9-9-9-9-9-9-9-9-9-9-9-9-9-9-9-9-9-9-9-9-9-9-9-9-9    -9 5280284894320830292933 3 262616242 71512
4134 00 0-9 -9-9-9 -9-9-9-9-9-9-9-9-9-9-9-9-9-9-9-9-9-9-9-9-9-9-9-9-9    -910560569788641670292933 2 265821171 7 817
4135 00 0-9 -9-9-9 -9-9-9-9-9-9-9-9-9-9-9-9-9-9-9-9-9-9-9-9-9-9-9-9-9    -911460942935618600292933 2 416621185-9-9-9
4136 11 0 1 682929 68-949 612 0-9 2 6 6 6 6 6 6 6 1 6 6 6 6 6 6 1-9 1 58838 5280284894320830292933 1 266246152 4 411
4137 00 0-9 -9-9-9 -9-9-9-9-9-9-9-9-9-9-9-9-9-9-9-9-9-9-9-9-9-9-9-9-9    -917191414403427910292933 4 311716144-9-9-9
4138 01 0 1 682929 68-952 1 2 0 3 1 6 6 6 6 6 6 6 6 6 1 6 6 6 6 6-9 6 2062710560569788641670292933 2 463211181 9 3 6
4139 01 0 1 682929 68-948 611 0-9 2 6 1 6 6 6 6 6 6 6 6 6 6 6 1 111-9 7573510560569788641670292933 29866221127-9-9-9
4140 00 0-9 -9-9-9 -9-9-9-9-9-9-9-9-9-9-9-9-9-9-9-9-9-9-9-9-9-9-9-9-9    -915840854682962510292933 3 265746141 61514
4141 00 0-9 -9-9-9 -9-9-9-9-9-9-9-9-9-9-9-9-9-9-9-9-9-9-9-9-9-9-9-9-9    -915840854682962510292933 39864221147-9-9-9
4142 00 0-9 -9-9-9 -9-9-9-9-9-9-9-9-9-9-9-9-9-9-9-9-9-9-9-9-9-9-9-9-9    -917191414403427910292933 3 212116123-9-9-9
4143 10 0 1 682929 68121110 130-9 1 1 6 6 6 6 6 6 6 6 6 6 6 6 1 611-9  8718 5730471467809300292933 19814526251 716 6
4144 00 0-9 -9-9-9 -9-9-9-9-9-9-9-9-9-9-9-9-9-9-9-9-9-9-9-9-9-9-9-9-9    -915840854682962510292933 39762316143-9-9-9
4145 00 0-9 -9-9-9 -9-9-9-9-9-9-9-9-9-9-9-9-9-9-9-9-9-9-9-9-9-9-9-9-9    -911460942935618600292933 2 414521171 411 6
4146 00 0-9 -9-9-9 -9-9-9-9-9-9-9-9-9-9-9-9-9-9-9-9-9-9-9-9-9-9-9-9-9    -915840854682962510292933 39862116141 7 7 7
4147 00 0-9 -9-9-9 -9-9-9-9-9-9-9-9-9-9-9-9-9-9-9-9-9-9-9-9-9-9-9-9-9    -9 5280284894320830292933 1 264716191 6 913
4148 10 0 1 682929 681111 6 230-9 1 1 6 6 6 6 6 6 6 6 6 6 6 6 1 6 7-9 1478612706377605902530292931 4 214621143-9-9-9
4149 00 0-9 -9-9-9 -9-9-9-9-9-9-9-9-9-9-9-9-9-9-9-9-9-9-9-9-9-9-9-9-9    -917562244427237170292931 3 564016191 6 614
4150 00 0-9 -9-9-9 -9-9-9-9-9-9-9-9-9-9-9-9-9-9-9-9-9-9-9-9-9-9-9-9-9    -919059566408853800292931 3 215721161 412 3
4151 01 0 1 682929 68-935 6 2 0-9 2 6 6 6 6 6 6 6 6 6 1 6 6 6 1 1-912    -1 5854081475745720292931 1 267116155-9-9-9
4152 00 0-9 -9-9-9 -9-9-9-9-9-9-9-9-9-9-9-9-9-9-9-9-9-9-9-9-9-9-9-9-9    -9 5854081475745720292931 1 367836145-9-9-9
4153 00 0-9 -9-9-9 -9-9-9-9-9-9-9-9-9-9-9-9-9-9-9-9-9-9-9-9-9-9-9-9-9    -911708162951491450292931 2 564321191 6 313
4154 10 0 1 682929 684141 6 230-9 2 1 6 6 6 6 6 6 6 6 6 6 6 6 1 1 8-9 1529419059566408853800292931 3 515821141 6 216
4155 00 0-9 -9-9-9 -9-9-9-9-9-9-9-9-9-9-9-9-9-9-9-9-9-9-9-9-9-9-9-9-9    -911708162951491450292931 4 763921183-9-9-9
4156 00 0-9 -9-9-9 -9-9-9-9-9-9-9-9-9-9-9-9-9-9-9-9-9-9-9-9-9-9-9-9-9    -912706377605902530292931 4 514521191 6 617
4157 00 0-9 -9-9-9 -9-9-9-9-9-9-9-9-9-9-9-9-9-9-9-9-9-9-9-9-9-9-9-9-9    -9 5730471467809300292963 1 314416141 6 415
4158 00 0-9 -9-9-9 -9-9-9-9-9-9-9-9-9-9-9-9-9-9-9-9-9-9-9-9-9-9-9-9-9    -922921885871237210292963 4 314921133-9-9-9
4159 00 0-9 -9-9-9 -9-9-9-9-9-9-9-9-9-9-9-9-9-9-9-9-9-9-9-9-9-9-9-9-9    -9 5280284894320830292963 2 264516141 6 7 9
4160 00 0-9 -9-9-9 -9-9-9-9-9-9-9-9-9-9-9-9-9-9-9-9-9-9-9-9-9-9-9-9-9    -911460942935618600292963 2 212616163-9-9-9
4161 00 0-9 -9-9-9 -9-9-9-9-9-9-9-9-9-9-9-9-9-9-9-9-9-9-9-9-9-9-9-9-9    -911460942935618600292963 3 213821133-9-9-9
4162 00 0-9 -9-9-9 -9-9-9-9-9-9-9-9-9-9-9-9-9-9-9-9-9-9-9-9-9-9-9-9-9    -910560569788641670292963 2 164126227-9-9-9
4163 00 0-9 -9-9-9 -9-9-9-9-9-9-9-9-9-9-9-9-9-9-9-9-9-9-9-9-9-9-9-9-9    -915840854682962510292963 4 268036127-9-9-9
4164 00 0-9 -9-9-9 -9-9-9-9-9-9-9-9-9-9-9-9-9-9-9-9-9-9-9-9-9-9-9-9-9    -911460942935618600292963 29817421165-9-9-9
4165 00 1 1 682929 81-981 3 115-9 1 6 1 6 6 6 6 6 6 6 6 6 6 6 1 6 8-9  748211460942935618600292963 29816821135-9-9-9
4166 00 0-9 -9-9-9 -9-9-9-9-9-9-9-9-9-9-9-9-9-9-9-9-9-9-9-9-9-9-9-9-9    -910560569788641670292963 4 264021141 6 7 9
4167 01 0 1 682929 68-92810 710-9 1 6 6 6 6 6 1 6 6 6 6 6 6 6 6 6-9 3 4232721121139577283350292913 49766221293-9-9-9
4168 00 0-9 -9-9-9 -9-9-9-9-9-9-9-9-9-9-9-9-9-9-9-9-9-9-9-9-9-9-9-9-9    -921121139577283350292913 4 465421191 6 6 3
4169 00 0-9 -9-9-9 -9-9-9-9-9-9-9-9-9-9-9-9-9-9-9-9-9-9-9-9-9-9-9-9-9    -9 5280284894320830292913 1 268416135-9-9-9
4170 00 0-9 -9-9-9 -9-9-9-9-9-9-9-9-9-9-9-9-9-9-9-9-9-9-9-9-9-9-9-9-9    -910560569788641670292913 29867236141 1 719
4171 00 0-9 -9-9-9 -9-9-9-9-9-9-9-9-9-9-9-9-9-9-9-9-9-9-9-9-9-9-9-9-9    -910560569788641670292913 29764316241 71520
4172 00 0-9 -9-9-9 -9-9-9-9-9-9-9-9-9-9-9-9-9-9-9-9-9-9-9-9-9-9-9-9-9    -910560569788641670292913 2 364421154-9-9-9
4173 00 0-9 -9-9-9 -9-9-9-9-9-9-9-9-9-9-9-9-9-9-9-9-9-9-9-9-9-9-9-9-9    -911460942935618600292913 4 514521171 615 8
4174 00 0-9 -9-9-9 -9-9-9-9-9-9-9-9-9-9-9-9-9-9-9-9-9-9-9-9-9-9-9-9-9    -9 5280284894320830292913 1 168016175-9-9-9
4175 00 0-9 -9-9-9 -9-9-9-9-9-9-9-9-9-9-9-9-9-9-9-9-9-9-9-9-9-9-9-9-9    -910560569788641670292913 2 468436127-9-9-9
4176 00 0-9 -9-9-9 -9-9-9-9-9-9-9-9-9-9-9-9-9-9-9-9-9-9-9-9-9-9-9-9-9    -910394339189106580292912 3 564946191 4 313
4177 00 0-9 -9-9-9 -9-9-9-9-9-9-9-9-9-9-9-9-9-9-9-9-9-9-9-9-9-9-9-9-9    -9 5197169594553290292912 1 263616151 6 419
4178 10 0 1 682929 68-918 6 2 0-9 2 1 6 6 6 6 6 6 6 6 6 6 6 6 1 111-9 1211022561079692488330292912 4 812216153-9-9-9
4179 00 0-9 -9-9-9 -9-9-9-9-9-9-9-9-9-9-9-9-9-9-9-9-9-9-9-9-9-9-9-9-9    -911280539846244160292912 2 314421192 7 117
4180 00 1 1 682929101-9-9 4 530-9 2 6 6 6 6 6 6 6 6 6 1 6 6 6 6 1-912185237 5640269923122080292912 1 414046295-9-9-9
4181 00 0-9 -9-9-9 -9-9-9-9-9-9-9-9-9-9-9-9-9-9-9-9-9-9-9-9-9-9-9-9-9    -9 5197169594553290292912 19862816171 61213
4182 00 0-9 -9-9-9 -9-9-9-9-9-9-9-9-9-9-9-9-9-9-9-9-9-9-9-9-9-9-9-9-9    -910394339189106580292912 2 267236137-9-9-9
4183 00 0-9 -9-9-9 -9-9-9-9-9-9-9-9-9-9-9-9-9-9-9-9-9-9-9-9-9-9-9-9-9    -911280539846244160292912 2 217821145-9-9-9
4184 00 0-9 -9-9-9 -9-9-9-9-9-9-9-9-9-9-9-9-9-9-9-9-9-9-9-9-9-9-9-9-9    -910560569788641670292913 39766121343-9-9-9
4185 00 0-9 -9-9-9 -9-9-9-9-9-9-9-9-9-9-9-9-9-9-9-9-9-9-9-9-9-9-9-9-9    -9 5280284894320830292913 19862416141 7 816
4186 00 0-9 -9-9-9 -9-9-9-9-9-9-9-9-9-9-9-9-9-9-9-9-9-9-9-9-9-9-9-9-9    -911460942935618600292913 4 414521141 615 7
4187 00 0-9 -9-9-9 -9-9-9-9-9-9-9-9-9-9-9-9-9-9-9-9-9-9-9-9-9-9-9-9-9    -9 5730471467809300292913 19717536115-9-9-9
4188 00 0-9 -9-9-9 -9-9-9-9-9-9-9-9-9-9-9-9-9-9-9-9-9-9-9-9-9-9-9-9-9    -910560569788641670292913 2 268836125-9-9-9
4189 00 0-9 -9-9-9 -9-9-9-9-9-9-9-9-9-9-9-9-9-9-9-9-9-9-9-9-9-9-9-9-9    -9 5730471467809300292913 19816646145-9-9-9
4190 00 0-9 -9-9-9 -9-9-9-9-9-9-9-9-9-9-9-9-9-9-9-9-9-9-9-9-9-9-9-9-9    -921121139577283350292913 49762216198-9-9-9
4191 00 0-9 -9-9-9 -9-9-9-9-9-9-9-9-9-9-9-9-9-9-9-9-9-9-9-9-9-9-9-9-9    -910560569788641670292913 29864921131 61516
4192 00 0-9 -9-9-9 -9-9-9-9-9-9-9-9-9-9-9-9-9-9-9-9-9-9-9-9-9-9-9-9-9    -921121139577283350292913 59767221122 71520
4193 00 0-9 -9-9-9 -9-9-9-9-9-9-9-9-9-9-9-9-9-9-9-9-9-9-9-9-9-9-9-9-9    -926401424471604190292913 59864921121 1 7 9
4194 00 0-9 -9-9-9 -9-9-9-9-9-9-9-9-9-9-9-9-9-9-9-9-9-9-9-9-9-9-9-9-9    -9 5280284894320830292913 19869736137-9-9-9
4195 00 0-9 -9-9-9 -9-9-9-9-9-9-9-9-9-9-9-9-9-9-9-9-9-9-9-9-9-9-9-9-9    -928652357339046510292913 6 314821131 611 6
4196 00 0-9 -9-9-9 -9-9-9-9-9-9-9-9-9-9-9-9-9-9-9-9-9-9-9-9-9-9-9-9-9    -911460942935618600292913 4 314421151 6 9 8
4197 10 1 1 682929 684141 6 2 0-9 2 1 6 6 6 6 6 6 6 6 6 6 6 6 6 111-9 16172 5730471467809300292913 1 414046191 6 313
4198 00 0-9 -9-9-9 -9-9-9-9-9-9-9-9-9-9-9-9-9-9-9-9-9-9-9-9-9-9-9-9-9    -911460942935618600292913 2 218221135-9-9-9
4199 00 0-9 -9-9-9 -9-9-9-9-9-9-9-9-9-9-9-9-9-9-9-9-9-9-9-9-9-9-9-9-9    -926401424471604190292913 59765421142 7 816
4200 00 0-9 -9-9-9 -9-9-9-9-9-9-9-9-9-9-9-9-9-9-9-9-9-9-9-9-9-9-9-9-9    -9 5280284894320830292913 2 564646191 6 315
4201 00 0-9 -9-9-9 -9-9-9-9-9-9-9-9-9-9-9-9-9-9-9-9-9-9-9-9-9-9-9-9-9    -928652357339046510292913 6 612511122 71514
4202 00 0-9 -9-9-9 -9-9-9-9-9-9-9-9-9-9-9-9-9-9-9-9-9-9-9-9-9-9-9-9-9    -9 5730471467809300292913 19712516183-9-9-9
4203 00 0-9 -9-9-9 -9-9-9-9-9-9-9-9-9-9-9-9-9-9-9-9-9-9-9-9-9-9-9-9-9    -910560569788641670292913 29764516181 7 616
4204 00 0-9 -9-9-9 -9-9-9-9-9-9-9-9-9-9-9-9-9-9-9-9-9-9-9-9-9-9-9-9-9    -9 5280284894320830292913 2 165146153-9-9-9
4205 00 1 1 682929  3-9-9 6 2 0-9 2 6 6 6 6 6 6 6 6 6 1 6 6 6 1 1-9 1198091 5280284894320830292913 1 466736145-9-9-9
4206 00 0-9 -9-9-9 -9-9-9-9-9-9-9-9-9-9-9-9-9-9-9-9-9-9-9-9-9-9-9-9-9    -911460942935618600292913 4 313921141 6 7 7
4207 00 0-9 -9-9-9 -9-9-9-9-9-9-9-9-9-9-9-9-9-9-9-9-9-9-9-9-9-9-9-9-9    -917191414403427910292913 3 414841171 412 7
4208 00 0-9 -9-9-9 -9-9-9-9-9-9-9-9-9-9-9-9-9-9-9-9-9-9-9-9-9-9-9-9-9    -911460942935618600292913 3 313411161 6 7 9
4209 00 0-9 -9-9-9 -9-9-9-9-9-9-9-9-9-9-9-9-9-9-9-9-9-9-9-9-9-9-9-9-9    -910560569788641670292913 2 365521147-9-9-9
4210 00 0-9 -9-9-9 -9-9-9-9-9-9-9-9-9-9-9-9-9-9-9-9-9-9-9-9-9-9-9-9-9    -915840854682962510292913 3 863016191 6 216
4211 00 0-9 -9-9-9 -9-9-9-9-9-9-9-9-9-9-9-9-9-9-9-9-9-9-9-9-9-9-9-9-9    -915840854682962510292913 3 268321147-9-9-9
4212 00 0-9 -9-9-9 -9-9-9-9-9-9-9-9-9-9-9-9-9-9-9-9-9-9-9-9-9-9-9-9-9    -922921885871237210292913 4 114821233-9-9-9
4213 00 0-9 -9-9-9 -9-9-9-9-9-9-9-9-9-9-9-9-9-9-9-9-9-9-9-9-9-9-9-9-9    -917191414403427910292913 6 815921191 6 515
4214 10 0 1 682929 -1-1-1 6 3 0-9 2 1 6 6 6 6 6 6 6 6 6 6 6 6 1 1 8-9    -126401424471604190292913 5 864821251 4 4 7
4215 00 0-9 -9-9-9 -9-9-9-9-9-9-9-9-9-9-9-9-9-9-9-9-9-9-9-9-9-9-9-9-9    -921121139577283350292913 4 666021177-9-9-9
4216 00 0-9 -9-9-9 -9-9-9-9-9-9-9-9-9-9-9-9-9-9-9-9-9-9-9-9-9-9-9-9-9    -917191414403427910292913 4 814921191 6 111
4217 00 0-9 -9-9-9 -9-9-9-9-9-9-9-9-9-9-9-9-9-9-9-9-9-9-9-9-9-9-9-9-9    -917191414403427910292913 4 816321191 1 313
4218 10 0 1 682929 68-918 6 130-9 1 6 1 6 6 6 6 6 6 6 6 6 6 6 1 6 8-9 11725 5280284894320830292913 3 664016191 6 411
4219 00 0-9 -9-9-9 -9-9-9-9-9-9-9-9-9-9-9-9-9-9-9-9-9-9-9-9-9-9-9-9-9    -917191414403427910292913 5 814621141 6 4 9
4220 00 0-9 -9-9-9 -9-9-9-9-9-9-9-9-9-9-9-9-9-9-9-9-9-9-9-9-9-9-9-9-9    -911460942935618600292913 49814521183-9-9-9
4221 00 1 1 682929154-9-9 4 330-9 2 6 1 6 6 6 6 6 6 6 1 6 6 6 1 1-9-9 5685811460942935618600292913 2 717421155-9-9-9
4222 10 0 1 682929 681111 1 145 3 1 1 6 6 6 6 6 6 6 6 6 6 6 6 6 611-9 1719910560569788641670292913 4 864211191 6 111
4223 00 0-9 -9-9-9 -9-9-9-9-9-9-9-9-9-9-9-9-9-9-9-9-9-9-9-9-9-9-9-9-9    -911460942935618600292913 4 114321131 4 7 7
4224 00 0-9 -9-9-9 -9-9-9-9-9-9-9-9-9-9-9-9-9-9-9-9-9-9-9-9-9-9-9-9-9    -917191414403427910292913 4 315321133-9-9-9
4225 00 0-9 -9-9-9 -9-9-9-9-9-9-9-9-9-9-9-9-9-9-9-9-9-9-9-9-9-9-9-9-9    -910560569788641670292913 2 166221135-9-9-9
4226 00 0-9 -9-9-9 -9-9-9-9-9-9-9-9-9-9-9-9-9-9-9-9-9-9-9-9-9-9-9-9-9    -9 5280284894320830292913 1 367216196-9-9-9
4227 00 0-9 -9-9-9 -9-9-9-9-9-9-9-9-9-9-9-9-9-9-9-9-9-9-9-9-9-9-9-9-9    -911460942935618600292913 2 118821125-9-9-9
4228 00 0-9 -9-9-9 -9-9-9-9-9-9-9-9-9-9-9-9-9-9-9-9-9-9-9-9-9-9-9-9-9    -926401424471604190292913 5 567021137-9-9-9
4229 10 0 1 682929 681818 1 3 0 3 1 6 6 6 6 6 6 1 6 6 6 6 6 6 6 6-9 4  878910560569788641670292913 4 564021391 6 313
4230 00 0-9 -9-9-9 -9-9-9-9-9-9-9-9-9-9-9-9-9-9-9-9-9-9-9-9-9-9-9-9-9    -910560569788641670292913 2 566821147-9-9-9
4231 00 0-9 -9-9-9 -9-9-9-9-9-9-9-9-9-9-9-9-9-9-9-9-9-9-9-9-9-9-9-9-9    -9 5280284894320830292913 1 267036125-9-9-9
4232 00 0-9 -9-9-9 -9-9-9-9-9-9-9-9-9-9-9-9-9-9-9-9-9-9-9-9-9-9-9-9-9    -911460942935618600292913 2 217521135-9-9-9
4233 00 0-9 -9-9-9 -9-9-9-9-9-9-9-9-9-9-9-9-9-9-9-9-9-9-9-9-9-9-9-9-9    -911460942935618600292913 2 516221391 6 216
4234 00 0-9 -9-9-9 -9-9-9-9-9-9-9-9-9-9-9-9-9-9-9-9-9-9-9-9-9-9-9-9-9    -926401424471604190292913 59765716146-9-9-9
4235 00 0-9 -9-9-9 -9-9-9-9-9-9-9-9-9-9-9-9-9-9-9-9-9-9-9-9-9-9-9-9-9    -9 5730471467809300292913 1 217946115-9-9-9
4236 00 0-9 -9-9-9 -9-9-9-9-9-9-9-9-9-9-9-9-9-9-9-9-9-9-9-9-9-9-9-9-9    -922921885871237210292913 4 311616144-9-9-9
4237 00 0-9 -9-9-9 -9-9-9-9-9-9-9-9-9-9-9-9-9-9-9-9-9-9-9-9-9-9-9-9-9    -9 5280284894320830292913 1 264416146-9-9-9
4238 00 0-9 -9-9-9 -9-9-9-9-9-9-9-9-9-9-9-9-9-9-9-9-9-9-9-9-9-9-9-9-9    -922921885871237210292913 4 512016154-9-9-9
4239 00 0-9 -9-9-9 -9-9-9-9-9-9-9-9-9-9-9-9-9-9-9-9-9-9-9-9-9-9-9-9-9    -910560569788641670292913 29866521165-9-9-9
4240 00 0-9 -9-9-9 -9-9-9-9-9-9-9-9-9-9-9-9-9-9-9-9-9-9-9-9-9-9-9-9-9    -921121139577283350292913 49861816154-9-9-9
4241 00 0-9 -9-9-9 -9-9-9-9-9-9-9-9-9-9-9-9-9-9-9-9-9-9-9-9-9-9-9-9-9    -910560569788641670292913 4 863521191 6 218
4242 00 0-9 -9-9-9 -9-9-9-9-9-9-9-9-9-9-9-9-9-9-9-9-9-9-9-9-9-9-9-9-9    -910560569788641670292913 4 263421157-9-9-9
4243 00 0-9 -9-9-9 -9-9-9-9-9-9-9-9-9-9-9-9-9-9-9-9-9-9-9-9-9-9-9-9-9    -910560569788641670292913 49863121353-9-9-9
4244 00 0-9 -9-9-9 -9-9-9-9-9-9-9-9-9-9-9-9-9-9-9-9-9-9-9-9-9-9-9-9-9    -910560569788641670292913 2 166441125-9-9-9
4245 00 0-9 -9-9-9 -9-9-9-9-9-9-9-9-9-9-9-9-9-9-9-9-9-9-9-9-9-9-9-9-9    -910560569788641670292913 29765721138-9-9-9
4246 00 0-9 -9-9-9 -9-9-9-9-9-9-9-9-9-9-9-9-9-9-9-9-9-9-9-9-9-9-9-9-9    -9 5280284894320830292913 19768036127-9-9-9
4247 00 0-9 -9-9-9 -9-9-9-9-9-9-9-9-9-9-9-9-9-9-9-9-9-9-9-9-9-9-9-9-9    -9 5280284894320830292913 1 168436125-9-9-9
4248 00 0-9 -9-9-9 -9-9-9-9-9-9-9-9-9-9-9-9-9-9-9-9-9-9-9-9-9-9-9-9-9    -9 5730471467809300292913 1 213246141 1 1 6
4249 00 0-9 -9-9-9 -9-9-9-9-9-9-9-9-9-9-9-9-9-9-9-9-9-9-9-9-9-9-9-9-9    -911460942935618600292913 49814821158-9-9-9
4250 00 0-9 -9-9-9 -9-9-9-9-9-9-9-9-9-9-9-9-9-9-9-9-9-9-9-9-9-9-9-9-9    -917191414403427910292913 4 514721171 614 7
4251 00 0-9 -9-9-9 -9-9-9-9-9-9-9-9-9-9-9-9-9-9-9-9-9-9-9-9-9-9-9-9-9    -915840854682962510292913 5 164946123-9-9-9
4252 00 0-9 -9-9-9 -9-9-9-9-9-9-9-9-9-9-9-9-9-9-9-9-9-9-9-9-9-9-9-9-9    -911460942935618600292913 2 416721185-9-9-9
4253 00 0-9 -9-9-9 -9-9-9-9-9-9-9-9-9-9-9-9-9-9-9-9-9-9-9-9-9-9-9-9-9    -910560569788641670292913 3 362911142 6 817
4254 00 0-9 -9-9-9 -9-9-9-9-9-9-9-9-9-9-9-9-9-9-9-9-9-9-9-9-9-9-9-9-9    -910560569788641670292913 4 763421162 71520
4255 00 0-9 -9-9-9 -9-9-9-9-9-9-9-9-9-9-9-9-9-9-9-9-9-9-9-9-9-9-9-9-9    -9 5280284894320830292913 19767036136-9-9-9
4256 00 0-9 -9-9-9 -9-9-9-9-9-9-9-9-9-9-9-9-9-9-9-9-9-9-9-9-9-9-9-9-9    -910560569788641670292913 3 264721147-9-9-9
4257 00 0-9 -9-9-9 -9-9-9-9-9-9-9-9-9-9-9-9-9-9-9-9-9-9-9-9-9-9-9-9-9    -911460942935618600292913 29817921126-9-9-9
4258 00 0-9 -9-9-9 -9-9-9-9-9-9-9-9-9-9-9-9-9-9-9-9-9-9-9-9-9-9-9-9-9    -911460942935618600292913 4 214321141 7 6 9
4259 00 0-9 -9-9-9 -9-9-9-9-9-9-9-9-9-9-9-9-9-9-9-9-9-9-9-9-9-9-9-9-9    -9 5730471467809300292913 19718736126-9-9-9
4260 00 0-9 -9-9-9 -9-9-9-9-9-9-9-9-9-9-9-9-9-9-9-9-9-9-9-9-9-9-9-9-9    -910560569788641670292913 59862821161 61514
4261 00 0-9 -9-9-9 -9-9-9-9-9-9-9-9-9-9-9-9-9-9-9-9-9-9-9-9-9-9-9-9-9    -922921885871237210292913 4 215521141 6 4 3
4262 00 0-9 -9-9-9 -9-9-9-9-9-9-9-9-9-9-9-9-9-9-9-9-9-9-9-9-9-9-9-9-9    -9 5730471467809300292913 19818136155-9-9-9
4263 00 0-9 -9-9-9 -9-9-9-9-9-9-9-9-9-9-9-9-9-9-9-9-9-9-9-9-9-9-9-9-9    -9 5280284894320830292913 1 167246125-9-9-9
4264 00 0-9 -9-9-9 -9-9-9-9-9-9-9-9-9-9-9-9-9-9-9-9-9-9-9-9-9-9-9-9-9    -921121139577283350292913 4 562116184-9-9-9
4265 00 0-9 -9-9-9 -9-9-9-9-9-9-9-9-9-9-9-9-9-9-9-9-9-9-9-9-9-9-9-9-9    -9 5730471467809300292913 19719036125-9-9-9
4266 00 0-9 -9-9-9 -9-9-9-9-9-9-9-9-9-9-9-9-9-9-9-9-9-9-9-9-9-9-9-9-9    -917191414403427910292913 39716021141 6 7 7
4267 00 0-9 -9-9-9 -9-9-9-9-9-9-9-9-9-9-9-9-9-9-9-9-9-9-9-9-9-9-9-9-9    -922921885871237210292913 49815021141 1 1 7
4268 00 0-9 -9-9-9 -9-9-9-9-9-9-9-9-9-9-9-9-9-9-9-9-9-9-9-9-9-9-9-9-9    -910560569788641670292913 2 462121137-9-9-9
4269 00 0-9 -9-9-9 -9-9-9-9-9-9-9-9-9-9-9-9-9-9-9-9-9-9-9-9-9-9-9-9-9    -911460942935618600292913 49814121141 6 7 9
4270 00 0-9 -9-9-9 -9-9-9-9-9-9-9-9-9-9-9-9-9-9-9-9-9-9-9-9-9-9-9-9-9    -9 5280284894320830292913 1 164346153-9-9-9
4271 00 0-9 -9-9-9 -9-9-9-9-9-9-9-9-9-9-9-9-9-9-9-9-9-9-9-9-9-9-9-9-9    -9 5280284894320830292913 1 265436143-9-9-9
4272 00 0-9 -9-9-9 -9-9-9-9-9-9-9-9-9-9-9-9-9-9-9-9-9-9-9-9-9-9-9-9-9    -915840854682962510292913 4 668436135-9-9-9
4273 00 0-9 -9-9-9 -9-9-9-9-9-9-9-9-9-9-9-9-9-9-9-9-9-9-9-9-9-9-9-9-9    -9 5280284894320830292913 2 164046141 71520
4274 00 0-9 -9-9-9 -9-9-9-9-9-9-9-9-9-9-9-9-9-9-9-9-9-9-9-9-9-9-9-9-9    -9 5280284894320830292913 19867036127-9-9-9
4275 00 0-9 -9-9-9 -9-9-9-9-9-9-9-9-9-9-9-9-9-9-9-9-9-9-9-9-9-9-9-9-9    -9 5280284894320830292913 19867236135-9-9-9
4276 00 0-9 -9-9-9 -9-9-9-9-9-9-9-9-9-9-9-9-9-9-9-9-9-9-9-9-9-9-9-9-9    -911460942935618600292913 2 413821252 7 6 8
4277 00 0-9 -9-9-9 -9-9-9-9-9-9-9-9-9-9-9-9-9-9-9-9-9-9-9-9-9-9-9-9-9    -9 5280284894320830292913 1 266016161 6 817
4278 00 0-9 -9-9-9 -9-9-9-9-9-9-9-9-9-9-9-9-9-9-9-9-9-9-9-9-9-9-9-9-9    -9 5730471467809300292913 1 217536125-9-9-9
4279 00 0-9 -9-9-9 -9-9-9-9-9-9-9-9-9-9-9-9-9-9-9-9-9-9-9-9-9-9-9-9-9    -911460942935618600292913 2 416621125-9-9-9
4280 00 0-9 -9-9-9 -9-9-9-9-9-9-9-9-9-9-9-9-9-9-9-9-9-9-9-9-9-9-9-9-9    -9 5280284894320830292913 19867036125-9-9-9
4281 00 0-9 -9-9-9 -9-9-9-9-9-9-9-9-9-9-9-9-9-9-9-9-9-9-9-9-9-9-9-9-9    -910560569788641670292913 4 763711198-9-9-9
4282 00 0-9 -9-9-9 -9-9-9-9-9-9-9-9-9-9-9-9-9-9-9-9-9-9-9-9-9-9-9-9-9    -910560569788641670292913 2 663621191 6 718
4283 00 0-9 -9-9-9 -9-9-9-9-9-9-9-9-9-9-9-9-9-9-9-9-9-9-9-9-9-9-9-9-9    -911708162951491450292911 49764321191 1 315
4284 00 1 1 682929 75-9-9 6 230-9 1 6 6 6 6 6 6 6 6 6 1 6 6 6 1 1-9 112377212706377605902530292911 3 314721281 8 510
4285 50 0 1 682929 68-914 1 1 0 3 1 1 6 6 6 6 6 6 6 6 6 6 6 6 6 6 9-9  7509 6353188802951260292911 2 414646191 4 310
4286 00 0-9 -9-9-9 -9-9-9-9-9-9-9-9-9-9-9-9-9-9-9-9-9-9-9-9-9-9-9-9-9    -917562244427237170292911 49861616144-9-9-9
4287 00 0-9 -9-9-9 -9-9-9-9-9-9-9-9-9-9-9-9-9-9-9-9-9-9-9-9-9-9-9-9-9    -9 6353188802951260292911 1 815936141 4 112
4288 10 0 1 682929 68-9 4 6 3 0-9 2 6 1 6 6 6 6 6 6 6 6 6 6 6 1 1 8-9 1960611708162951491450292911 2 566321137-9-9-9
4289 00 0-9 -9-9-9 -9-9-9-9-9-9-9-9-9-9-9-9-9-9-9-9-9-9-9-9-9-9-9-9-9    -912706377605902530292911 39714321141 411 3
4290 00 0-9 -9-9-9 -9-9-9-9-9-9-9-9-9-9-9-9-9-9-9-9-9-9-9-9-9-9-9-9-9    -931765944014756330292911 6 812516191 7 217
4291 00 0-9 -9-9-9 -9-9-9-9-9-9-9-9-9-9-9-9-9-9-9-9-9-9-9-9-9-9-9-9-9    -923416325902982900292911 49766021157-9-9-9
4292 40 0 1 682929 68-941 1 2 0 2 2 1 6 6 6 6 6 6 6 6 6 6 6 6 6 1 9-9 1327712706377605902530292911 39714121161 6 4 3
4293 00 0-9 -9-9-9 -9-9-9-9-9-9-9-9-9-9-9-9-9-9-9-9-9-9-9-9-9-9-9-9-9    -911460942935618600292913 2 416421141 6 817
4294 00 0-9 -9-9-9 -9-9-9-9-9-9-9-9-9-9-9-9-9-9-9-9-9-9-9-9-9-9-9-9-9    -910560569788641670292913 3 663521151 6 7 7
4295 00 0-9 -9-9-9 -9-9-9-9-9-9-9-9-9-9-9-9-9-9-9-9-9-9-9-9-9-9-9-9-9    -911460942935618600292913 2 514326251 61019
4296 00 0-9 -9-9-9 -9-9-9-9-9-9-9-9-9-9-9-9-9-9-9-9-9-9-9-9-9-9-9-9-9    -9 5730471467809300292913 1 213416141 6 915
4297 00 0-9 -9-9-9 -9-9-9-9-9-9-9-9-9-9-9-9-9-9-9-9-9-9-9-9-9-9-9-9-9    -926401424471604190292913 5 465221161 6 817
4298 00 0-9 -9-9-9 -9-9-9-9-9-9-9-9-9-9-9-9-9-9-9-9-9-9-9-9-9-9-9-9-9    -917191414403427910292913 3 313416143-9-9-9
4299 00 0-9 -9-9-9 -9-9-9-9-9-9-9-9-9-9-9-9-9-9-9-9-9-9-9-9-9-9-9-9-9    -911460942935618600292913 3 215021143-9-9-9
4300 00 0-9 -9-9-9 -9-9-9-9-9-9-9-9-9-9-9-9-9-9-9-9-9-9-9-9-9-9-9-9-9    -917191414403427910292913 4 815421151 6 514
4301 00 0-9 -9-9-9 -9-9-9-9-9-9-9-9-9-9-9-9-9-9-9-9-9-9-9-9-9-9-9-9-9    -9 5730471467809300292913 1 215126153-9-9-9
4302 00 0-9 -9-9-9 -9-9-9-9-9-9-9-9-9-9-9-9-9-9-9-9-9-9-9-9-9-9-9-9-9    -917191414403427910292913 39711816144-9-9-9
4303 00 0-9 -9-9-9 -9-9-9-9-9-9-9-9-9-9-9-9-9-9-9-9-9-9-9-9-9-9-9-9-9    -910560569788641670292913 2 166536135-9-9-9
4304 00 0-9 -9-9-9 -9-9-9-9-9-9-9-9-9-9-9-9-9-9-9-9-9-9-9-9-9-9-9-9-9    -915840854682962510292913 3 666021162 6 817
4305 00 0-9 -9-9-9 -9-9-9-9-9-9-9-9-9-9-9-9-9-9-9-9-9-9-9-9-9-9-9-9-9    -915840854682962510292913 3 566121127-9-9-9
4306 01 0 1 682929 68-920 4 6 0-9 2 6 6 6 6 6 6 6 6 6 1 6 6 6 6 1-912 7377817191414403427910292913 3 716226195-9-9-9
4307 00 0-9 -9-9-9 -9-9-9-9-9-9-9-9-9-9-9-9-9-9-9-9-9-9-9-9-9-9-9-9-9    -910560569788641670292913 29768321126-9-9-9
4308 00 0-9 -9-9-9 -9-9-9-9-9-9-9-9-9-9-9-9-9-9-9-9-9-9-9-9-9-9-9-9-9    -915840854682962510292913 49765221182 5 515
4309 00 0-9 -9-9-9 -9-9-9-9-9-9-9-9-9-9-9-9-9-9-9-9-9-9-9-9-9-9-9-9-9    -910560569788641670292913 29766821137-9-9-9
4310 01 1 1 682929 68-9 8 6 230-9 2 6 6 6 6 6 6 6 6 6 1 6 6 6 1 1-9 1 78486 5730471467809300292913 19714846181 6 215
4311 00 0-9 -9-9-9 -9-9-9-9-9-9-9-9-9-9-9-9-9-9-9-9-9-9-9-9-9-9-9-9-9    -910560569788641670292913 2 665411181 6 217
4312 00 0-9 -9-9-9 -9-9-9-9-9-9-9-9-9-9-9-9-9-9-9-9-9-9-9-9-9-9-9-9-9    -917191414403427910292913 3 716321195-9-9-9
4313 01 0 1 682929 68-946 8 6 0-9 2 1 6 6 6 6 6 6 6 6 6 6 6 6 1 1 7-9 4331617191414403427910292913 5 514221381 6 7 7
4314 00 0-9 -9-9-9 -9-9-9-9-9-9-9-9-9-9-9-9-9-9-9-9-9-9-9-9-9-9-9-9-9    -921121139577283350292913 4 364821144-9-9-9
4315 00 0-9 -9-9-9 -9-9-9-9-9-9-9-9-9-9-9-9-9-9-9-9-9-9-9-9-9-9-9-9-9    -9 5280284894320830292913 3 163246191 91519
4316 00 0-9 -9-9-9 -9-9-9-9-9-9-9-9-9-9-9-9-9-9-9-9-9-9-9-9-9-9-9-9-9    -910560569788641670292913 4 263921173-9-9-9
4317 00 0-9 -9-9-9 -9-9-9-9-9-9-9-9-9-9-9-9-9-9-9-9-9-9-9-9-9-9-9-9-9    -911460942935618600292913 6 214521281 615 3
4318 00 0-9 -9-9-9 -9-9-9-9-9-9-9-9-9-9-9-9-9-9-9-9-9-9-9-9-9-9-9-9-9    -915840854682962510292913 69863821333-9-9-9
4319 00 0-9 -9-9-9 -9-9-9-9-9-9-9-9-9-9-9-9-9-9-9-9-9-9-9-9-9-9-9-9-9    -9 5730471467809300292913 19818736115-9-9-9
4320 00 0-9 -9-9-9 -9-9-9-9-9-9-9-9-9-9-9-9-9-9-9-9-9-9-9-9-9-9-9-9-9    -917191414403427910292913 3 314821141 6 4 3
4321 00 0-9 -9-9-9 -9-9-9-9-9-9-9-9-9-9-9-9-9-9-9-9-9-9-9-9-9-9-9-9-9    -917191414403427910292913 39813816133-9-9-9
4322 00 0-9 -9-9-9 -9-9-9-9-9-9-9-9-9-9-9-9-9-9-9-9-9-9-9-9-9-9-9-9-9    -9 5280284894320830292913 19767936125-9-9-9
4323 00 0-9 -9-9-9 -9-9-9-9-9-9-9-9-9-9-9-9-9-9-9-9-9-9-9-9-9-9-9-9-9    -917191414403427910292913 5 413621233-9-9-9
4324 00 0-9 -9-9-9 -9-9-9-9-9-9-9-9-9-9-9-9-9-9-9-9-9-9-9-9-9-9-9-9-9    -9 5730471467809300292913 1 116716125-9-9-9
4325 10 0 1 682929 68-921 8 330-9 2 1 6 6 6 6 6 6 6 6 6 6 6 6 1 1 8-9 23268 5730471467809300292913 1 514416161 6 510
4326 00 0-9 -9-9-9 -9-9-9-9-9-9-9-9-9-9-9-9-9-9-9-9-9-9-9-9-9-9-9-9-9    -910560569788641670292913 2 265821147-9-9-9
4327 00 0-9 -9-9-9 -9-9-9-9-9-9-9-9-9-9-9-9-9-9-9-9-9-9-9-9-9-9-9-9-9    -9 5730471467809300292913 1 516116195-9-9-9
4328 00 0-9 -9-9-9 -9-9-9-9-9-9-9-9-9-9-9-9-9-9-9-9-9-9-9-9-9-9-9-9-9    -911460942935618600292913 2 111816144-9-9-9
4329 00 0-9 -9-9-9 -9-9-9-9-9-9-9-9-9-9-9-9-9-9-9-9-9-9-9-9-9-9-9-9-9    -910560569788641670292913 2 367121145-9-9-9
4330 00 0-9 -9-9-9 -9-9-9-9-9-9-9-9-9-9-9-9-9-9-9-9-9-9-9-9-9-9-9-9-9    -910560569788641670292913 2 262916133-9-9-9
4331 00 0-9 -9-9-9 -9-9-9-9-9-9-9-9-9-9-9-9-9-9-9-9-9-9-9-9-9-9-9-9-9    -9 5280284894320830292913 2 263716153-9-9-9
4332 00 0-9 -9-9-9 -9-9-9-9-9-9-9-9-9-9-9-9-9-9-9-9-9-9-9-9-9-9-9-9-9    -910560569788641670292913 2 763121171 6 511
4333 10 0 1 682929 681211 6 2 0-9 1 6 1 6 6 6 6 6 6 6 6 6 6 6 1 111-9 1304511460942935618600292913 2 216121145-9-9-9
4334 00 0-9 -9-9-9 -9-9-9-9-9-9-9-9-9-9-9-9-9-9-9-9-9-9-9-9-9-9-9-9-9    -917191414403427910292913 4 414721151 6 7 7
4335 00 0-9 -9-9-9 -9-9-9-9-9-9-9-9-9-9-9-9-9-9-9-9-9-9-9-9-9-9-9-9-9    -911460942935618600292913 2 815721191 6 216
4336 00 0-9 -9-9-9 -9-9-9-9-9-9-9-9-9-9-9-9-9-9-9-9-9-9-9-9-9-9-9-9-9    -910560569788641670292913 2 565816181 6 217
4337 00 0-9 -9-9-9 -9-9-9-9-9-9-9-9-9-9-9-9-9-9-9-9-9-9-9-9-9-9-9-9-9    -911460942935618600292913 4 313521182 7 217
4338 10 0 1 682929 68-914 6 2 0-9 1 6 6 6 6 6 6 1 6 6 6 6 6 6 1 6-9 7 1443011460942935618600292913 2 316921145-9-9-9
4339 00 0-9 -9-9-9 -9-9-9-9-9-9-9-9-9-9-9-9-9-9-9-9-9-9-9-9-9-9-9-9-9    -910560569788641670292913 2 663521188-9-9-9
4340 00 0-9 -9-9-9 -9-9-9-9-9-9-9-9-9-9-9-9-9-9-9-9-9-9-9-9-9-9-9-9-9    -911460942935618600292913 2 217821135-9-9-9
4341 00 0-9 -9-9-9 -9-9-9-9-9-9-9-9-9-9-9-9-9-9-9-9-9-9-9-9-9-9-9-9-9    -910560569788641670292913 2 266721117-9-9-9
4342 00 0-9 -9-9-9 -9-9-9-9-9-9-9-9-9-9-9-9-9-9-9-9-9-9-9-9-9-9-9-9-9    -910560569788641670292913 29867536137-9-9-9
4343 10 0 1 682929 68-923 1 130 3 1 1 6 6 6 6 6 6 6 6 6 6 6 6 6 6 9-9  939210560569788641670292913 2 765121151 1 4 7
4344 00 0-9 -9-9-9 -9-9-9-9-9-9-9-9-9-9-9-9-9-9-9-9-9-9-9-9-9-9-9-9-9    -910560569788641670292913 2 266036183-9-9-9
4345 01 0 1 682929 68-9 8 1 115 4 2 6 6 6 6 6 6 6 6 6 1 6 6 6 1 1-9 6 7859211460942935618600292913 3 113221141 5 7 9
4346 00 0-9 -9-9-9 -9-9-9-9-9-9-9-9-9-9-9-9-9-9-9-9-9-9-9-9-9-9-9-9-9    -910560569788641670292913 2 366731117-9-9-9
4347 00 0-9 -9-9-9 -9-9-9-9-9-9-9-9-9-9-9-9-9-9-9-9-9-9-9-9-9-9-9-9-9    -911460942935618600292913 2 215316123-9-9-9
4348 00 0-9 -9-9-9 -9-9-9-9-9-9-9-9-9-9-9-9-9-9-9-9-9-9-9-9-9-9-9-9-9    -911460942935618600292913 39715421232 714 1
4349 00 0-9 -9-9-9 -9-9-9-9-9-9-9-9-9-9-9-9-9-9-9-9-9-9-9-9-9-9-9-9-9    -910560569788641670292913 2 564216291 6 817
4350 00 0-9 -9-9-9 -9-9-9-9-9-9-9-9-9-9-9-9-9-9-9-9-9-9-9-9-9-9-9-9-9    -911460942935618600292913 29713016163-9-9-9
4351 10 0 1 682929 68-914 6 220-9 1 1 6 6 6 6 6 6 6 6 6 6 6 6 1 6 8-9 1411711460942935618600292913 4 214721161 1 1 7
4352 00 0-9 -9-9-9 -9-9-9-9-9-9-9-9-9-9-9-9-9-9-9-9-9-9-9-9-9-9-9-9-9    -915840854682962510292913 5 563621192 7 316
4353 00 0-9 -9-9-9 -9-9-9-9-9-9-9-9-9-9-9-9-9-9-9-9-9-9-9-9-9-9-9-9-9    -911460942935618600292913 2 217221135-9-9-9
4354 00 0-9 -9-9-9 -9-9-9-9-9-9-9-9-9-9-9-9-9-9-9-9-9-9-9-9-9-9-9-9-9    -922921885871237210292913 49816121128-9-9-9
4355 00 0-9 -9-9-9 -9-9-9-9-9-9-9-9-9-9-9-9-9-9-9-9-9-9-9-9-9-9-9-9-9    -910560569788641670292913 49864421147-9-9-9
4356 00 0-9 -9-9-9 -9-9-9-9-9-9-9-9-9-9-9-9-9-9-9-9-9-9-9-9-9-9-9-9-9    -922921885871237210292913 59815321141 1 7 7
4357 00 0-9 -9-9-9 -9-9-9-9-9-9-9-9-9-9-9-9-9-9-9-9-9-9-9-9-9-9-9-9-9    -926401424471604190292913 5 263126143-9-9-9
4358 00 0-9 -9-9-9 -9-9-9-9-9-9-9-9-9-9-9-9-9-9-9-9-9-9-9-9-9-9-9-9-9    -911460942935618600292913 2 318521125-9-9-9
4359 00 0-9 -9-9-9 -9-9-9-9-9-9-9-9-9-9-9-9-9-9-9-9-9-9-9-9-9-9-9-9-9    -910560569788641670292913 2 365821135-9-9-9
4360 00 0-9 -9-9-9 -9-9-9-9-9-9-9-9-9-9-9-9-9-9-9-9-9-9-9-9-9-9-9-9-9    -9 5280284894320830292913 19864226122 615 9
4361 00 0-9 -9-9-9 -9-9-9-9-9-9-9-9-9-9-9-9-9-9-9-9-9-9-9-9-9-9-9-9-9    -922921885871237210292913 49717621135-9-9-9
4362 00 0-9 -9-9-9 -9-9-9-9-9-9-9-9-9-9-9-9-9-9-9-9-9-9-9-9-9-9-9-9-9    -9 5280284894320830292913 19867736127-9-9-9
4363 00 0-9 -9-9-9 -9-9-9-9-9-9-9-9-9-9-9-9-9-9-9-9-9-9-9-9-9-9-9-9-9    -922921885871237210292913 4 512516163-9-9-9
4364 00 0-9 -9-9-9 -9-9-9-9-9-9-9-9-9-9-9-9-9-9-9-9-9-9-9-9-9-9-9-9-9    -9 5730471467809300292913 1 513216181 6 1 6
4365 00 0-9 -9-9-9 -9-9-9-9-9-9-9-9-9-9-9-9-9-9-9-9-9-9-9-9-9-9-9-9-9    -915840854682962510292913 3 261916134-9-9-9
4366 00 0-9 -9-9-9 -9-9-9-9-9-9-9-9-9-9-9-9-9-9-9-9-9-9-9-9-9-9-9-9-9    -910560569788641670292913 4 263421142 7 7 7
4367 00 0-9 -9-9-9 -9-9-9-9-9-9-9-9-9-9-9-9-9-9-9-9-9-9-9-9-9-9-9-9-9    -911460942935618600292913 29712016144-9-9-9
4368 00 0-9 -9-9-9 -9-9-9-9-9-9-9-9-9-9-9-9-9-9-9-9-9-9-9-9-9-9-9-9-9    -911460942935618600292913 4 714221141 6 4 3
4369 00 0-9 -9-9-9 -9-9-9-9-9-9-9-9-9-9-9-9-9-9-9-9-9-9-9-9-9-9-9-9-9    -915840854682962510292913 3 762016142 7 719
4370 00 0-9 -9-9-9 -9-9-9-9-9-9-9-9-9-9-9-9-9-9-9-9-9-9-9-9-9-9-9-9-9    -910560569788641670292913 29762821153-9-9-9
4371 00 0-9 -9-9-9 -9-9-9-9-9-9-9-9-9-9-9-9-9-9-9-9-9-9-9-9-9-9-9-9-9    -922921885871237210292913 6 514941191 6 615
4372 00 0-9 -9-9-9 -9-9-9-9-9-9-9-9-9-9-9-9-9-9-9-9-9-9-9-9-9-9-9-9-9    -910560569788641670292913 29863321158-9-9-9
4373 00 0-9 -9-9-9 -9-9-9-9-9-9-9-9-9-9-9-9-9-9-9-9-9-9-9-9-9-9-9-9-9    -911280539846244160292912 39813321141 7 4 3
4374 00 0-9 -9-9-9 -9-9-9-9-9-9-9-9-9-9-9-9-9-9-9-9-9-9-9-9-9-9-9-9-9    -911280539846244160292912 2 213411141 611 3
4375 00 0-9 -9-9-9 -9-9-9-9-9-9-9-9-9-9-9-9-9-9-9-9-9-9-9-9-9-9-9-9-9    -910394339189106580292912 3 662921181 6 317
4376 00 0-9 -9-9-9 -9-9-9-9-9-9-9-9-9-9-9-9-9-9-9-9-9-9-9-9-9-9-9-9-9    -915591508783659880292912 49863211137-9-9-9
4377 00 0-9 -9-9-9 -9-9-9-9-9-9-9-9-9-9-9-9-9-9-9-9-9-9-9-9-9-9-9-9-9    -9 5197169594553290292912 1 167936127-9-9-9
4378 00 0-9 -9-9-9 -9-9-9-9-9-9-9-9-9-9-9-9-9-9-9-9-9-9-9-9-9-9-9-9-9    -910394339189106580292912 4 263211143-9-9-9
4379 00 0-9 -9-9-9 -9-9-9-9-9-9-9-9-9-9-9-9-9-9-9-9-9-9-9-9-9-9-9-9-9    -916920809769366250292912 49814721141 6 7 7
4380 00 0-9 -9-9-9 -9-9-9-9-9-9-9-9-9-9-9-9-9-9-9-9-9-9-9-9-9-9-9-9-9    -9 5197169594553290292912 19768136127-9-9-9
4381 00 0-9 -9-9-9 -9-9-9-9-9-9-9-9-9-9-9-9-9-9-9-9-9-9-9-9-9-9-9-9-9    -910394339189106580292912 29865121131 1 7 9
4382 00 0-9 -9-9-9 -9-9-9-9-9-9-9-9-9-9-9-9-9-9-9-9-9-9-9-9-9-9-9-9-9    -9 5197169594553290292912 19766836125-9-9-9
4383 01 0 1 682929 68-935 1 210 3 2 6 6 6 6 6 6 6 6 6 1 6 6 6 6 1-9 7    -1 5280284894320830292913 1 463526191 6 915
4384 00 0-9 -9-9-9 -9-9-9-9-9-9-9-9-9-9-9-9-9-9-9-9-9-9-9-9-9-9-9-9-9    -9 5280284894320830292913 29863816143-9-9-9
4385 00 0-9 -9-9-9 -9-9-9-9-9-9-9-9-9-9-9-9-9-9-9-9-9-9-9-9-9-9-9-9-9    -9 5730471467809300292913 19814426131 1 7 9
4386 00 0-9 -9-9-9 -9-9-9-9-9-9-9-9-9-9-9-9-9-9-9-9-9-9-9-9-9-9-9-9-9    -910560569788641670292913 2 465421148-9-9-9
4387 00 0-9 -9-9-9 -9-9-9-9-9-9-9-9-9-9-9-9-9-9-9-9-9-9-9-9-9-9-9-9-9    -911460942935618600292913 29812316133-9-9-9
4388 00 0-9 -9-9-9 -9-9-9-9-9-9-9-9-9-9-9-9-9-9-9-9-9-9-9-9-9-9-9-9-9    -910560569788641670292913 49763621197-9-9-9
4389 00 0-9 -9-9-9 -9-9-9-9-9-9-9-9-9-9-9-9-9-9-9-9-9-9-9-9-9-9-9-9-9    -911460942935618600292913 49814321141 613 3
4390 00 0-9 -9-9-9 -9-9-9-9-9-9-9-9-9-9-9-9-9-9-9-9-9-9-9-9-9-9-9-9-9    -911460942935618600292913 29817421125-9-9-9
4391 00 0-9 -9-9-9 -9-9-9-9-9-9-9-9-9-9-9-9-9-9-9-9-9-9-9-9-9-9-9-9-9    -911460942935618600292913 2 216921125-9-9-9
4392 10 0 1 682929 68-914 4 1 0-9 1 1 6 6 6 6 6 6 6 6 6 6 6 6 1 6 8-9 1437411460942935618600292913 2 414141181 6 515
4393 10 0 1 682929 684141 6 230-9 2 1 6 6 6 6 6 6 6 6 6 6 6 6 1 1 8-9 1517312706377605902530292911 4 314221171 6 816
4394 00 0-9 -9-9-9 -9-9-9-9-9-9-9-9-9-9-9-9-9-9-9-9-9-9-9-9-9-9-9-9-9    -912706377605902530292911 4 213621151 6 4 7
4395 10 0 1 682929 682323 2 2 0 5 1 6 1 6 6 6 6 6 6 6 6 6 6 6 1 6 4-9 1316511708162951491450292911 4 764221183-9-9-9
4396 00 0-9 -9-9-9 -9-9-9-9-9-9-9-9-9-9-9-9-9-9-9-9-9-9-9-9-9-9-9-9-9    -9 5854081475745720292911 19767836127-9-9-9
4397 00 0-9 -9-9-9 -9-9-9-9-9-9-9-9-9-9-9-9-9-9-9-9-9-9-9-9-9-9-9-9-9    -912706377605902530292911 49813421151 616 8
4398 01 0 1 682929 68-928 6 3 0-9 2 6 6 6 6 6 6 6 1 6 6 6 6 6 6 1-9 3 4238812706377605902530292911 2 112616184-9-9-9
4399 21 0 1 682929 68-9 4 1 230 5 1 1 6 6 6 6 6 6 6 6 6 6 6 6 6 6 9-9 1968712706377605902530292911 3 814221191 1 313
4400 00 0-9 -9-9-9 -9-9-9-9-9-9-9-9-9-9-9-9-9-9-9-9-9-9-9-9-9-9-9-9-9    -911708162951491450292911 3 463121162 6 7 7
4401 00 0-9 -9-9-9 -9-9-9-9-9-9-9-9-9-9-9-9-9-9-9-9-9-9-9-9-9-9-9-9-9    -911708162951491450292911 4 563521193-9-9-9
4402 00 0-9 -9-9-9 -9-9-9-9-9-9-9-9-9-9-9-9-9-9-9-9-9-9-9-9-9-9-9-9-9    -911460942935618600292913 29817811135-9-9-9
4403 00 0-9 -9-9-9 -9-9-9-9-9-9-9-9-9-9-9-9-9-9-9-9-9-9-9-9-9-9-9-9-9    -9 5280284894320830292913 1 165436127-9-9-9
4404 00 0-9 -9-9-9 -9-9-9-9-9-9-9-9-9-9-9-9-9-9-9-9-9-9-9-9-9-9-9-9-9    -910560569788641670292913 49762321257-9-9-9
4405 00 1 1 682929187-9-9 612 0-9 2 6 6 6 6 6 6 1 6 6 6 6 6 6 1 1-9 7 4748211460942935618600292913 2 217221115-9-9-9
4406 00 0-9 -9-9-9 -9-9-9-9-9-9-9-9-9-9-9-9-9-9-9-9-9-9-9-9-9-9-9-9-9    -910560569788641670292913 2 265826131 4 7 7
4407 00 0-9 -9-9-9 -9-9-9-9-9-9-9-9-9-9-9-9-9-9-9-9-9-9-9-9-9-9-9-9-9    -9 5280284894320830292913 19768936125-9-9-9
4408 00 0-9 -9-9-9 -9-9-9-9-9-9-9-9-9-9-9-9-9-9-9-9-9-9-9-9-9-9-9-9-9    -931681709365925030292913 6 666721127-9-9-9
4409 00 0-9 -9-9-9 -9-9-9-9-9-9-9-9-9-9-9-9-9-9-9-9-9-9-9-9-9-9-9-9-9    -911460942935618600292913 4 313421173-9-9-9
4410 00 0-9 -9-9-9 -9-9-9-9-9-9-9-9-9-9-9-9-9-9-9-9-9-9-9-9-9-9-9-9-9    -910560569788641670292913 29863116133-9-9-9
4411 00 0-9 -9-9-9 -9-9-9-9-9-9-9-9-9-9-9-9-9-9-9-9-9-9-9-9-9-9-9-9-9    -915840854682962510292913 5 461916142 7 7 7
4412 00 0-9 -9-9-9 -9-9-9-9-9-9-9-9-9-9-9-9-9-9-9-9-9-9-9-9-9-9-9-9-9    -922921885871237210292913 5 614621143-9-9-9
4413 00 0-9 -9-9-9 -9-9-9-9-9-9-9-9-9-9-9-9-9-9-9-9-9-9-9-9-9-9-9-9-9    -910560569788641670292913 4 262516133-9-9-9
4414 00 0-9 -9-9-9 -9-9-9-9-9-9-9-9-9-9-9-9-9-9-9-9-9-9-9-9-9-9-9-9-9    -910560569788641670292913 29866521147-9-9-9
4415 00 0-9 -9-9-9 -9-9-9-9-9-9-9-9-9-9-9-9-9-9-9-9-9-9-9-9-9-9-9-9-9    -917191414403427910292913 4 414821171 611 3
4416 00 0-9 -9-9-9 -9-9-9-9-9-9-9-9-9-9-9-9-9-9-9-9-9-9-9-9-9-9-9-9-9    -911460942935618600292913 4 112511142 7 7 9
4417 00 0-9 -9-9-9 -9-9-9-9-9-9-9-9-9-9-9-9-9-9-9-9-9-9-9-9-9-9-9-9-9    -915840854682962510292913 3 366221127-9-9-9
4418 00 0-9 -9-9-9 -9-9-9-9-9-9-9-9-9-9-9-9-9-9-9-9-9-9-9-9-9-9-9-9-9    -910560569788641670292913 2 267436127-9-9-9
4419 00 0-9 -9-9-9 -9-9-9-9-9-9-9-9-9-9-9-9-9-9-9-9-9-9-9-9-9-9-9-9-9    -9 5280284894320830292913 1 164916133-9-9-9
4420 00 0-9 -9-9-9 -9-9-9-9-9-9-9-9-9-9-9-9-9-9-9-9-9-9-9-9-9-9-9-9-9    -915840854682962510292913 39762616194-9-9-9
4421 00 0-9 -9-9-9 -9-9-9-9-9-9-9-9-9-9-9-9-9-9-9-9-9-9-9-9-9-9-9-9-9    -915840854682962510292913 3 465821137-9-9-9
4422 00 0-9 -9-9-9 -9-9-9-9-9-9-9-9-9-9-9-9-9-9-9-9-9-9-9-9-9-9-9-9-9    -9 6353188802951260292911 1 313616181 6 614
4423 00 0-9 -9-9-9 -9-9-9-9-9-9-9-9-9-9-9-9-9-9-9-9-9-9-9-9-9-9-9-9-9    -935124488854474350292911 69862116133-9-9-9
4424 11 0 1 682929 68-9 8 4 130-9 2 1 6 6 6 6 6 6 6 6 1 6 6 6 1 1-9-9 78802 6353188802951260292911 1 212816161 6 4 7
4425 00 0-9 -9-9-9 -9-9-9-9-9-9-9-9-9-9-9-9-9-9-9-9-9-9-9-9-9-9-9-9-9    -911708162951491450292911 49861811137-9-9-9
4426 00 0-9 -9-9-9 -9-9-9-9-9-9-9-9-9-9-9-9-9-9-9-9-9-9-9-9-9-9-9-9-9    -912706377605902530292911 3 213621253-9-9-9
4427 00 0-9 -9-9-9 -9-9-9-9-9-9-9-9-9-9-9-9-9-9-9-9-9-9-9-9-9-9-9-9-9    -912706377605902530292911 3 212911131 612 7
4428 00 0-9 -9-9-9 -9-9-9-9-9-9-9-9-9-9-9-9-9-9-9-9-9-9-9-9-9-9-9-9-9    -912706377605902530292911 29712111133-9-9-9
4429 00 0-9 -9-9-9 -9-9-9-9-9-9-9-9-9-9-9-9-9-9-9-9-9-9-9-9-9-9-9-9-9    -912706377605902530292911 4 113521143-9-9-9
4430 00 0-9 -9-9-9 -9-9-9-9-9-9-9-9-9-9-9-9-9-9-9-9-9-9-9-9-9-9-9-9-9    -912706377605902530292911 29812711141 6 819
4431 00 0-9 -9-9-9 -9-9-9-9-9-9-9-9-9-9-9-9-9-9-9-9-9-9-9-9-9-9-9-9-9    -917562244427237170292911 3 261616137-9-9-9
4432 00 0-9 -9-9-9 -9-9-9-9-9-9-9-9-9-9-9-9-9-9-9-9-9-9-9-9-9-9-9-9-9    -917191414403427910292913 4 213421141 6 6 7
4433 00 0-9 -9-9-9 -9-9-9-9-9-9-9-9-9-9-9-9-9-9-9-9-9-9-9-9-9-9-9-9-9    -911460942935618600292913 4 313821143-9-9-9
4434 00 0-9 -9-9-9 -9-9-9-9-9-9-9-9-9-9-9-9-9-9-9-9-9-9-9-9-9-9-9-9-9    -911460942935618600292913 4 213921143-9-9-9
4435 00 0-9 -9-9-9 -9-9-9-9-9-9-9-9-9-9-9-9-9-9-9-9-9-9-9-9-9-9-9-9-9    -911460942935618600292913 5 414321171 6 4 2
4436 00 0-9 -9-9-9 -9-9-9-9-9-9-9-9-9-9-9-9-9-9-9-9-9-9-9-9-9-9-9-9-9    -910560569788641670292913 3 863921172 6 4 7
4437 00 0-9 -9-9-9 -9-9-9-9-9-9-9-9-9-9-9-9-9-9-9-9-9-9-9-9-9-9-9-9-9    -910560569788641670292913 3 663521191 6 516
4438 00 0-9 -9-9-9 -9-9-9-9-9-9-9-9-9-9-9-9-9-9-9-9-9-9-9-9-9-9-9-9-9    -910560569788641670292913 3 464811191 6 216
4439 00 0-9 -9-9-9 -9-9-9-9-9-9-9-9-9-9-9-9-9-9-9-9-9-9-9-9-9-9-9-9-9    -922921885871237210292913 4 512416143-9-9-9
4440 00 0-9 -9-9-9 -9-9-9-9-9-9-9-9-9-9-9-9-9-9-9-9-9-9-9-9-9-9-9-9-9    -911460942935618600292913 4 413921171 712 7
4441 00 0-9 -9-9-9 -9-9-9-9-9-9-9-9-9-9-9-9-9-9-9-9-9-9-9-9-9-9-9-9-9    -9 5280284894320830292913 3 464946153-9-9-9
4442 10 0 1 682929 68-918 6 130-9 2 6 6 6 6 6 1 6 6 6 6 6 6 6 1 1-9 4  539426401424471604190292913 8 661716143-9-9-9
4443 00 0-9 -9-9-9 -9-9-9-9-9-9-9-9-9-9-9-9-9-9-9-9-9-9-9-9-9-9-9-9-9    -910560569788641670292913 49763721137-9-9-9
4444 00 0-9 -9-9-9 -9-9-9-9-9-9-9-9-9-9-9-9-9-9-9-9-9-9-9-9-9-9-9-9-9    -911460942935618600292913 2 515321141 6 7 7
4445 00 0-9 -9-9-9 -9-9-9-9-9-9-9-9-9-9-9-9-9-9-9-9-9-9-9-9-9-9-9-9-9    -917191414403427910292913 4 214121143-9-9-9
4446 00 0-9 -9-9-9 -9-9-9-9-9-9-9-9-9-9-9-9-9-9-9-9-9-9-9-9-9-9-9-9-9    -921121139577283350292913 5 363416163-9-9-9
4447 00 0-9 -9-9-9 -9-9-9-9-9-9-9-9-9-9-9-9-9-9-9-9-9-9-9-9-9-9-9-9-9    -917191414403427910292913 3 312611141 616 3
4448 00 0-9 -9-9-9 -9-9-9-9-9-9-9-9-9-9-9-9-9-9-9-9-9-9-9-9-9-9-9-9-9    -921121139577283350292913 5 561811141 5 7 9
4449 00 0-9 -9-9-9 -9-9-9-9-9-9-9-9-9-9-9-9-9-9-9-9-9-9-9-9-9-9-9-9-9    -910560569788641670292913 2 368136125-9-9-9
4450 00 0-9 -9-9-9 -9-9-9-9-9-9-9-9-9-9-9-9-9-9-9-9-9-9-9-9-9-9-9-9-9    -911460942935618600292913 2 313821163-9-9-9
4451 00 0-9 -9-9-9 -9-9-9-9-9-9-9-9-9-9-9-9-9-9-9-9-9-9-9-9-9-9-9-9-9    -911460942935618600292913 3 413516153-9-9-9
4452 00 0-9 -9-9-9 -9-9-9-9-9-9-9-9-9-9-9-9-9-9-9-9-9-9-9-9-9-9-9-9-9    -911460942935618600292913 2 217926145-9-9-9
4453 00 0-9 -9-9-9 -9-9-9-9-9-9-9-9-9-9-9-9-9-9-9-9-9-9-9-9-9-9-9-9-9    -910560569788641670292913 2 264221173-9-9-9
4454 00 0-9 -9-9-9 -9-9-9-9-9-9-9-9-9-9-9-9-9-9-9-9-9-9-9-9-9-9-9-9-9    -9 5280284894320830292913 1 265536166-9-9-9
4455 00 0-9 -9-9-9 -9-9-9-9-9-9-9-9-9-9-9-9-9-9-9-9-9-9-9-9-9-9-9-9-9    -9 5280284894320830292913 1 269216136-9-9-9
4456 10 0 1 682929 681211 4 2 0-9 2 6 6 6 6 6 1 6 6 6 6 6 6 6 6 1-9 3 11058 5280284894320830292913 1 267636125-9-9-9
4457 00 0-9 -9-9-9 -9-9-9-9-9-9-9-9-9-9-9-9-9-9-9-9-9-9-9-9-9-9-9-9-9    -911460942935618600292913 2 216321135-9-9-9
4458 00 0-9 -9-9-9 -9-9-9-9-9-9-9-9-9-9-9-9-9-9-9-9-9-9-9-9-9-9-9-9-9    -911460942935618600292913 2 217521165-9-9-9
4459 00 0-9 -9-9-9 -9-9-9-9-9-9-9-9-9-9-9-9-9-9-9-9-9-9-9-9-9-9-9-9-9    -917191414403427910292913 3 317321126-9-9-9
4460 00 0-9 -9-9-9 -9-9-9-9-9-9-9-9-9-9-9-9-9-9-9-9-9-9-9-9-9-9-9-9-9    -915840854682962510292913 5 464746141 61514
4461 00 0-9 -9-9-9 -9-9-9-9-9-9-9-9-9-9-9-9-9-9-9-9-9-9-9-9-9-9-9-9-9    -9 5280284894320830292913 2 163546153-9-9-9
4462 00 0-9 -9-9-9 -9-9-9-9-9-9-9-9-9-9-9-9-9-9-9-9-9-9-9-9-9-9-9-9-9    -9 5730471467809300292913 1 513616191 6 216
4463 00 0-9 -9-9-9 -9-9-9-9-9-9-9-9-9-9-9-9-9-9-9-9-9-9-9-9-9-9-9-9-9    -911460942935618600292913 2 216321146-9-9-9
4464 00 0-9 -9-9-9 -9-9-9-9-9-9-9-9-9-9-9-9-9-9-9-9-9-9-9-9-9-9-9-9-9    -915840854682962510292913 3 766221127-9-9-9
4465 00 0-9 -9-9-9 -9-9-9-9-9-9-9-9-9-9-9-9-9-9-9-9-9-9-9-9-9-9-9-9-9    -922921885871237210292913 4 616916145-9-9-9
4466 00 0-9 -9-9-9 -9-9-9-9-9-9-9-9-9-9-9-9-9-9-9-9-9-9-9-9-9-9-9-9-9    -911460942935618600292913 2 217821125-9-9-9
4467 00 0-9 -9-9-9 -9-9-9-9-9-9-9-9-9-9-9-9-9-9-9-9-9-9-9-9-9-9-9-9-9    -910560569788641670292913 2 464821171 6 611
4468 00 0-9 -9-9-9 -9-9-9-9-9-9-9-9-9-9-9-9-9-9-9-9-9-9-9-9-9-9-9-9-9    -921121139577283350292913 4 561716144-9-9-9
4469 00 0-9 -9-9-9 -9-9-9-9-9-9-9-9-9-9-9-9-9-9-9-9-9-9-9-9-9-9-9-9-9    -9 5280284894320830292913 1 268816125-9-9-9
4470 00 0-9 -9-9-9 -9-9-9-9-9-9-9-9-9-9-9-9-9-9-9-9-9-9-9-9-9-9-9-9-9    -9 5280284894320830292913 1 264446231 712 3
4471 00 0-9 -9-9-9 -9-9-9-9-9-9-9-9-9-9-9-9-9-9-9-9-9-9-9-9-9-9-9-9-9    -910560569788641670292913 2 167846135-9-9-9
4472 00 0-9 -9-9-9 -9-9-9-9-9-9-9-9-9-9-9-9-9-9-9-9-9-9-9-9-9-9-9-9-9    -915840854682962510292913 3 467936136-9-9-9
4473 20 0 1 682929 -1-1-1 4 320-9 1 1 6 6 6 6 6 6 6 6 6 6 6 6 1 1 8-9    -1 5730471467809300292913 1 314316151 7 7 9
4474 00 0-9 -9-9-9 -9-9-9-9-9-9-9-9-9-9-9-9-9-9-9-9-9-9-9-9-9-9-9-9-9    -9 5280284894320830292913 1 168436115-9-9-9
4475 00 0-9 -9-9-9 -9-9-9-9-9-9-9-9-9-9-9-9-9-9-9-9-9-9-9-9-9-9-9-9-9    -911460942935618600292913 2 217836125-9-9-9
4476 00 0-9 -9-9-9 -9-9-9-9-9-9-9-9-9-9-9-9-9-9-9-9-9-9-9-9-9-9-9-9-9    -922921885871237210292913 4 618436155-9-9-9
4477 00 0-9 -9-9-9 -9-9-9-9-9-9-9-9-9-9-9-9-9-9-9-9-9-9-9-9-9-9-9-9-9    -911460942935618600292913 2 316921185-9-9-9
4478 00 0-9 -9-9-9 -9-9-9-9-9-9-9-9-9-9-9-9-9-9-9-9-9-9-9-9-9-9-9-9-9    -9 5280284894320830292913 1 268336116-9-9-9
4479 00 0-9 -9-9-9 -9-9-9-9-9-9-9-9-9-9-9-9-9-9-9-9-9-9-9-9-9-9-9-9-9    -928652357339046510292913 5 212816143-9-9-9
4480 00 0-9 -9-9-9 -9-9-9-9-9-9-9-9-9-9-9-9-9-9-9-9-9-9-9-9-9-9-9-9-9    -911460942935618600292913 2 414921141 61519
4481 00 0-9 -9-9-9 -9-9-9-9-9-9-9-9-9-9-9-9-9-9-9-9-9-9-9-9-9-9-9-9-9    -9 5280284894320830292913 1 267936126-9-9-9
4482 00 0-9 -9-9-9 -9-9-9-9-9-9-9-9-9-9-9-9-9-9-9-9-9-9-9-9-9-9-9-9-9    -911460942935618600292913 2 614421161 6 817
4483 00 0-9 -9-9-9 -9-9-9-9-9-9-9-9-9-9-9-9-9-9-9-9-9-9-9-9-9-9-9-9-9    -910560569788641670292913 2 268721127-9-9-9
4484 00 0-9 -9-9-9 -9-9-9-9-9-9-9-9-9-9-9-9-9-9-9-9-9-9-9-9-9-9-9-9-9    -910560569788641670292913 2 266731135-9-9-9
4485 00 0-9 -9-9-9 -9-9-9-9-9-9-9-9-9-9-9-9-9-9-9-9-9-9-9-9-9-9-9-9-9    -915840854682962510292913 3 261616134-9-9-9
4486 00 0-9 -9-9-9 -9-9-9-9-9-9-9-9-9-9-9-9-9-9-9-9-9-9-9-9-9-9-9-9-9    -921121139577283350292913 4 263511173-9-9-9
4487 00 0-9 -9-9-9 -9-9-9-9-9-9-9-9-9-9-9-9-9-9-9-9-9-9-9-9-9-9-9-9-9    -9 5730471467809300292913 1 414916181 6 515
4488 00 0-9 -9-9-9 -9-9-9-9-9-9-9-9-9-9-9-9-9-9-9-9-9-9-9-9-9-9-9-9-9    -9 5280284894320830292913 1 268036125-9-9-9
4489 00 0-9 -9-9-9 -9-9-9-9-9-9-9-9-9-9-9-9-9-9-9-9-9-9-9-9-9-9-9-9-9    -9 5280284894320830292913 1 168416146-9-9-9
4490 00 0-9 -9-9-9 -9-9-9-9-9-9-9-9-9-9-9-9-9-9-9-9-9-9-9-9-9-9-9-9-9    -917191414403427910292913 3 515421161 6 4 3
4491 00 0-9 -9-9-9 -9-9-9-9-9-9-9-9-9-9-9-9-9-9-9-9-9-9-9-9-9-9-9-9-9    -9 5280284894320830292913 1 263116151 6 513
4492 00 0-9 -9-9-9 -9-9-9-9-9-9-9-9-9-9-9-9-9-9-9-9-9-9-9-9-9-9-9-9-9    -9 5730471467809300292913 19814516141 6 515
4493 00 0-9 -9-9-9 -9-9-9-9-9-9-9-9-9-9-9-9-9-9-9-9-9-9-9-9-9-9-9-9-9    -910560569788641670292913 2 269821136-9-9-9
4494 00 0-9 -9-9-9 -9-9-9-9-9-9-9-9-9-9-9-9-9-9-9-9-9-9-9-9-9-9-9-9-9    -9 5280284894320830292913 1 266446122 41514
4495 00 0-9 -9-9-9 -9-9-9-9-9-9-9-9-9-9-9-9-9-9-9-9-9-9-9-9-9-9-9-9-9    -922921885871237210292913 59712016133-9-9-9
4496 10 0 1 682929 68-918 1 120 3 1 1 6 6 6 6 6 6 6 6 6 6 6 6 6 611-9 1241311460942935618600292913 3 413721141 4 1 7
4497 00 0-9 -9-9-9 -9-9-9-9-9-9-9-9-9-9-9-9-9-9-9-9-9-9-9-9-9-9-9-9-9    -921121139577283350292913 49864641137-9-9-9
4498 00 1 1 682929154-9-9 6 2 0-9 2 6 6 6 6 6 6 6 6 6 1 6 6 6 1 1-912 5627610560569788641670292913 2 261816158-9-9-9
4499 01 0 1 682929 68-9 8 4 210-9 2 6 6 6 6 6 6 6 6 6 1 6 6 6 6 1-912 78716 5730471467809300292913 1 514246191 6 216
4500 00 0-9 -9-9-9 -9-9-9-9-9-9-9-9-9-9-9-9-9-9-9-9-9-9-9-9-9-9-9-9-9    -922921885871237210292913 4 616521125-9-9-9
4501 00 0-9 -9-9-9 -9-9-9-9-9-9-9-9-9-9-9-9-9-9-9-9-9-9-9-9-9-9-9-9-9    -911460942935618600292913 2 316521156-9-9-9
4502 00 0-9 -9-9-9 -9-9-9-9-9-9-9-9-9-9-9-9-9-9-9-9-9-9-9-9-9-9-9-9-9    -917191414403427910292913 3 216021133-9-9-9
4503 00 0-9 -9-9-9 -9-9-9-9-9-9-9-9-9-9-9-9-9-9-9-9-9-9-9-9-9-9-9-9-9    -911460942935618600292913 2 317721125-9-9-9
4504 00 0-9 -9-9-9 -9-9-9-9-9-9-9-9-9-9-9-9-9-9-9-9-9-9-9-9-9-9-9-9-9    -911460942935618600292913 3 513621141 61614
4505 10 0 1 682929 68414110 230-9 2 1 6 6 6 6 6 6 6 6 6 6 6 6 1 1 8-9 15525 5730471467809300292913 19816336123-9-9-9
4506 00 0-9 -9-9-9 -9-9-9-9-9-9-9-9-9-9-9-9-9-9-9-9-9-9-9-9-9-9-9-9-9    -910560569788641670292913 3 363821353-9-9-9
4507 10 0 1 682929 681111 6 2 0-9 1 6 1 6 6 6 6 6 6 6 6 6 6 6 1 1 3-9 1652315840854682962510292913 3 562516181 7 317
4508 00 0-9 -9-9-9 -9-9-9-9-9-9-9-9-9-9-9-9-9-9-9-9-9-9-9-9-9-9-9-9-9    -910560569788641670292913 49764021151 4 7 7
4509 00 0-9 -9-9-9 -9-9-9-9-9-9-9-9-9-9-9-9-9-9-9-9-9-9-9-9-9-9-9-9-9    -917191414403427910292913 3 512316134-9-9-9
4510 00 0-9 -9-9-9 -9-9-9-9-9-9-9-9-9-9-9-9-9-9-9-9-9-9-9-9-9-9-9-9-9    -9 5280284894320830292913 1 267236135-9-9-9
4511 00 0-9 -9-9-9 -9-9-9-9-9-9-9-9-9-9-9-9-9-9-9-9-9-9-9-9-9-9-9-9-9    -915840854682962510292913 3 666521147-9-9-9
4512 00 0-9 -9-9-9 -9-9-9-9-9-9-9-9-9-9-9-9-9-9-9-9-9-9-9-9-9-9-9-9-9    -921121139577283350292913 4 165821147-9-9-9
4513 00 0-9 -9-9-9 -9-9-9-9-9-9-9-9-9-9-9-9-9-9-9-9-9-9-9-9-9-9-9-9-9    -910560569788641670292913 29766321147-9-9-9
4514 00 0-9 -9-9-9 -9-9-9-9-9-9-9-9-9-9-9-9-9-9-9-9-9-9-9-9-9-9-9-9-9    -910560569788641670292913 2 266746145-9-9-9
4515 00 0-9 -9-9-9 -9-9-9-9-9-9-9-9-9-9-9-9-9-9-9-9-9-9-9-9-9-9-9-9-9    -915840854682962510292913 3 365621122 61514
4516 00 0-9 -9-9-9 -9-9-9-9-9-9-9-9-9-9-9-9-9-9-9-9-9-9-9-9-9-9-9-9-9    -915840854682962510292913 3 362016164-9-9-9
4517 00 0-9 -9-9-9 -9-9-9-9-9-9-9-9-9-9-9-9-9-9-9-9-9-9-9-9-9-9-9-9-9    -917191414403427910292913 4 514921141 1 114
4518 11 0 1 682929 68-9 6 6 9 0-9 1 6 6 1 6 6 6 6 6 6 6 6 6 6 6 111-9 2686417191414403427910292913 4 514111151 6 7 9
4519 10 0 1 682929 681111 4 130-9 2 6 1 6 6 6 6 6 6 6 6 6 6 6 1 1 8-9 1653310560569788641670292913 39763521193-9-9-9
4520 00 0-9 -9-9-9 -9-9-9-9-9-9-9-9-9-9-9-9-9-9-9-9-9-9-9-9-9-9-9-9-9    -911460942935618600292913 2 313221151 1 1 6
4521 00 0-9 -9-9-9 -9-9-9-9-9-9-9-9-9-9-9-9-9-9-9-9-9-9-9-9-9-9-9-9-9    -921121139577283350292913 4 461916144-9-9-9
4522 00 0-9 -9-9-9 -9-9-9-9-9-9-9-9-9-9-9-9-9-9-9-9-9-9-9-9-9-9-9-9-9    -9 5280284894320830292913 1 167636125-9-9-9
4523 00 0-9 -9-9-9 -9-9-9-9-9-9-9-9-9-9-9-9-9-9-9-9-9-9-9-9-9-9-9-9-9    -9 5730471467809300292913 1 217336135-9-9-9
4524 00 0-9 -9-9-9 -9-9-9-9-9-9-9-9-9-9-9-9-9-9-9-9-9-9-9-9-9-9-9-9-9    -917191414403427910292913 3 514416171 613 3
4525 00 0-9 -9-9-9 -9-9-9-9-9-9-9-9-9-9-9-9-9-9-9-9-9-9-9-9-9-9-9-9-9    -9 5280284894320830292913 1 167736135-9-9-9
4526 00 0-9 -9-9-9 -9-9-9-9-9-9-9-9-9-9-9-9-9-9-9-9-9-9-9-9-9-9-9-9-9    -915840854682962510292913 4 563821141 6 7 7
4527 00 0-9 -9-9-9 -9-9-9-9-9-9-9-9-9-9-9-9-9-9-9-9-9-9-9-9-9-9-9-9-9    -922921885871237210292913 4 612316143-9-9-9
4528 00 0-9 -9-9-9 -9-9-9-9-9-9-9-9-9-9-9-9-9-9-9-9-9-9-9-9-9-9-9-9-9    -911460942935618600292913 2 213516143-9-9-9
4529 00 0-9 -9-9-9 -9-9-9-9-9-9-9-9-9-9-9-9-9-9-9-9-9-9-9-9-9-9-9-9-9    -934382828806855830292913 7 312016133-9-9-9
4530 10 0 1 682929 681111 4 130-9 1 6 1 6 6 6 6 6 6 6 6 6 6 6 1 6 8-9 1651115840854682962510292913 3 365221141 615 9
4531 00 0-9 -9-9-9 -9-9-9-9-9-9-9-9-9-9-9-9-9-9-9-9-9-9-9-9-9-9-9-9-9    -917191414403427910292913 3 215421133-9-9-9
4532 00 0-9 -9-9-9 -9-9-9-9-9-9-9-9-9-9-9-9-9-9-9-9-9-9-9-9-9-9-9-9-9    -915840854682962510292913 39761816133-9-9-9
4533 00 0-9 -9-9-9 -9-9-9-9-9-9-9-9-9-9-9-9-9-9-9-9-9-9-9-9-9-9-9-9-9    -917191414403427910292913 4 215921141 7 9 6
4534 00 0-9 -9-9-9 -9-9-9-9-9-9-9-9-9-9-9-9-9-9-9-9-9-9-9-9-9-9-9-9-9    -910560569788641670292913 2 165936136-9-9-9
4535 00 0-9 -9-9-9 -9-9-9-9-9-9-9-9-9-9-9-9-9-9-9-9-9-9-9-9-9-9-9-9-9    -910394339189106580292912 3 263721181 4 7 7
4536 20 0 1 682929 68-911 6 3 0-9 2 6 1 6 6 6 6 6 6 6 6 6 6 6 1 1 8-9 1181410394339189106580292912 2 664641173-9-9-9
4537 00 0-9 -9-9-9 -9-9-9-9-9-9-9-9-9-9-9-9-9-9-9-9-9-9-9-9-9-9-9-9-9    -910394339189106580292912 3 564421191 6 216
4538 00 0-9 -9-9-9 -9-9-9-9-9-9-9-9-9-9-9-9-9-9-9-9-9-9-9-9-9-9-9-9-9    -916920809769366250292912 3 211916144-9-9-9
4539 22 0 1 682929 68-916 1 430 3 2 1 6 6 6 6 6 6 6 6 6 6 6 6 6 1 8-9 4073711280539846244160292912 4 713621181 6 217
4540 10 0 1 682929 68 4 4 6 230-9 2 6 1 6 6 6 6 6 6 6 6 6 6 6 1 1 8-9 1797710394339189106580292912 3 763721152 7 817
4541 10 0 1 682929 682121 4 3 0-9 1 1 6 6 6 6 6 6 6 6 6 6 6 6 1 1 8-9 23077 5197169594553290292912 2 564146191 6 216
4542 00 0-9 -9-9-9 -9-9-9-9-9-9-9-9-9-9-9-9-9-9-9-9-9-9-9-9-9-9-9-9-9    -910394339189106580292912 2 462811231 91520
4543 00 0-9 -9-9-9 -9-9-9-9-9-9-9-9-9-9-9-9-9-9-9-9-9-9-9-9-9-9-9-9-9    -911280539846244160292912 5 513921391 6 3 7
4544 00 0-9 -9-9-9 -9-9-9-9-9-9-9-9-9-9-9-9-9-9-9-9-9-9-9-9-9-9-9-9-9    -910394339189106580292912 2 564421192 7 416
4545 00 0-9 -9-9-9 -9-9-9-9-9-9-9-9-9-9-9-9-9-9-9-9-9-9-9-9-9-9-9-9-9    -911460942935618600292913 39714721141 6 7 4
4546 00 0-9 -9-9-9 -9-9-9-9-9-9-9-9-9-9-9-9-9-9-9-9-9-9-9-9-9-9-9-9-9    -911460942935618600292913 29813021148-9-9-9
4547 00 0-9 -9-9-9 -9-9-9-9-9-9-9-9-9-9-9-9-9-9-9-9-9-9-9-9-9-9-9-9-9    -915840854682962510292913 3 168736127-9-9-9
4548 00 0-9 -9-9-9 -9-9-9-9-9-9-9-9-9-9-9-9-9-9-9-9-9-9-9-9-9-9-9-9-9    -910560569788641670292913 49863821136-9-9-9
4549 00 0-9 -9-9-9 -9-9-9-9-9-9-9-9-9-9-9-9-9-9-9-9-9-9-9-9-9-9-9-9-9    -915840854682962510292913 5 363121162 6 816
4550 00 0-9 -9-9-9 -9-9-9-9-9-9-9-9-9-9-9-9-9-9-9-9-9-9-9-9-9-9-9-9-9    -911460942935618600292913 2 814421171 6 915
4551 00 0-9 -9-9-9 -9-9-9-9-9-9-9-9-9-9-9-9-9-9-9-9-9-9-9-9-9-9-9-9-9    -911460942935618600292913 2 514111161 6 4 8
4552 00 0-9 -9-9-9 -9-9-9-9-9-9-9-9-9-9-9-9-9-9-9-9-9-9-9-9-9-9-9-9-9    -915840854682962510292913 3 466321137-9-9-9
4553 00 0-9 -9-9-9 -9-9-9-9-9-9-9-9-9-9-9-9-9-9-9-9-9-9-9-9-9-9-9-9-9    -915840854682962510292913 3 268136136-9-9-9
4554 00 0-9 -9-9-9 -9-9-9-9-9-9-9-9-9-9-9-9-9-9-9-9-9-9-9-9-9-9-9-9-9    -910560569788641670292913 4 564021147-9-9-9
4555 00 0-9 -9-9-9 -9-9-9-9-9-9-9-9-9-9-9-9-9-9-9-9-9-9-9-9-9-9-9-9-9    -911460942935618600292913 2 213311151 1 118
4556 00 0-9 -9-9-9 -9-9-9-9-9-9-9-9-9-9-9-9-9-9-9-9-9-9-9-9-9-9-9-9-9    -910560569788641670292913 3 663111151 6 7 9
4557 01 0 1 682929 68-950 6 4 0-9 1 6 6 6 6 6 6 6 1 6 6 6 6 6 1 1-9 1 6249321121139577283350292913 4 466821137-9-9-9
4558 20 0 1 682929 68-918 4 110-9 1 1 6 6 6 6 6 6 6 6 6 6 6 6 1 111-9 1308821121139577283350292913 4 862216182 6 217
4559 00 0-9 -9-9-9 -9-9-9-9-9-9-9-9-9-9-9-9-9-9-9-9-9-9-9-9-9-9-9-9-9    -911460942935618600292913 4 613621151 6 4 5
4560 00 0-9 -9-9-9 -9-9-9-9-9-9-9-9-9-9-9-9-9-9-9-9-9-9-9-9-9-9-9-9-9    -910560569788641670292913 2 563121141 6 7 7
4561 00 0-9 -9-9-9 -9-9-9-9-9-9-9-9-9-9-9-9-9-9-9-9-9-9-9-9-9-9-9-9-9    -910560569788641670292913 2 466521185-9-9-9
4562 00 0-9 -9-9-9 -9-9-9-9-9-9-9-9-9-9-9-9-9-9-9-9-9-9-9-9-9-9-9-9-9    -911460942935618600292913 2 613811161 612 9
4563 00 0-9 -9-9-9 -9-9-9-9-9-9-9-9-9-9-9-9-9-9-9-9-9-9-9-9-9-9-9-9-9    -911460942935618600292913 29714721161 1 1 6
4564 00 0-9 -9-9-9 -9-9-9-9-9-9-9-9-9-9-9-9-9-9-9-9-9-9-9-9-9-9-9-9-9    -910560569788641670292913 4 364421163-9-9-9
4565 00 0-9 -9-9-9 -9-9-9-9-9-9-9-9-9-9-9-9-9-9-9-9-9-9-9-9-9-9-9-9-9    -9 6353188802951260292951 1 313516141 711 6
4566 00 1 1 682929190-9-9 4 4 0-9 2 6 6 6 6 6 6 6 6 6 1 6 6 6 1 1-9 119872311708162951491450292951 2 665921247-9-9-9
4567 20 0 1 682929 68-911 3 245-9 1 6 1 6 6 6 6 6 6 6 6 6 6 6 1 6 6-9  520811708162951491450292951 2 765321283-9-9-9
4568 00 0-9 -9-9-9 -9-9-9-9-9-9-9-9-9-9-9-9-9-9-9-9-9-9-9-9-9-9-9-9-9    -911708162951491450292951 2 267736135-9-9-9
4569 30 0 1 682929 68-911 6 215-9 1 1 6 6 6 6 6 6 6 6 6 6 6 6 6 6 4-9  529412706377605902530292951 2 317021295-9-9-9
4570 00 0-9 -9-9-9 -9-9-9-9-9-9-9-9-9-9-9-9-9-9-9-9-9-9-9-9-9-9-9-9-9    -9 5854081475745720292951 19866816245-9-9-9
4571200 0 1 682929 681211 1 040 1 1 1 6 6 6 6 6 6 6 6 6 6 6 6 6 6 9-9  286711708162951491450292951 3 663111191 1 219
4572 10 0 1 682929 681211 4 030-9 1 1 6 6 6 6 6 6 6 6 6 6 6 6 1 6 3-9  222412706377605902530292951 4 214721271 4 114
4573 00 0-9 -9-9-9 -9-9-9-9-9-9-9-9-9-9-9-9-9-9-9-9-9-9-9-9-9-9-9-9-9    -9 5280284894320830292923 1 166616125-9-9-9
4574 00 0-9 -9-9-9 -9-9-9-9-9-9-9-9-9-9-9-9-9-9-9-9-9-9-9-9-9-9-9-9-9    -915840854682962510292923 4 365621148-9-9-9
4575 00 0-9 -9-9-9 -9-9-9-9-9-9-9-9-9-9-9-9-9-9-9-9-9-9-9-9-9-9-9-9-9    -915840854682962510292923 3 463746141 6 7 9
4576 00 0-9 -9-9-9 -9-9-9-9-9-9-9-9-9-9-9-9-9-9-9-9-9-9-9-9-9-9-9-9-9    -9 5280284894320830292923 1 566436175-9-9-9
4577 00 0-9 -9-9-9 -9-9-9-9-9-9-9-9-9-9-9-9-9-9-9-9-9-9-9-9-9-9-9-9-9    -910560569788641670292923 4 464021187-9-9-9
4578 00 0-9 -9-9-9 -9-9-9-9-9-9-9-9-9-9-9-9-9-9-9-9-9-9-9-9-9-9-9-9-9    -9 5280284894320830292923 1 267736127-9-9-9
4579 00 0-9 -9-9-9 -9-9-9-9-9-9-9-9-9-9-9-9-9-9-9-9-9-9-9-9-9-9-9-9-9    -911460942935618600292923 2 216721135-9-9-9
4580 00 0-9 -9-9-9 -9-9-9-9-9-9-9-9-9-9-9-9-9-9-9-9-9-9-9-9-9-9-9-9-9    -9 5280284894320830292923 1 266336136-9-9-9
4581 00 0-9 -9-9-9 -9-9-9-9-9-9-9-9-9-9-9-9-9-9-9-9-9-9-9-9-9-9-9-9-9    -9 5280284894320830292923 1 267636127-9-9-9
4582 00 0-9 -9-9-9 -9-9-9-9-9-9-9-9-9-9-9-9-9-9-9-9-9-9-9-9-9-9-9-9-9    -917191414403427910292923 3 318036125-9-9-9
4583 00 0-9 -9-9-9 -9-9-9-9-9-9-9-9-9-9-9-9-9-9-9-9-9-9-9-9-9-9-9-9-9    -928652357339046510292923 59712921262 71014
4584 10 0 1 682929 68-941 4 230-9 2 6 1 6 6 6 6 6 6 6 6 6 6 6 1 1 4-9 1249811460942935618600292923 2 318321125-9-9-9
4585 00 0-9 -9-9-9 -9-9-9-9-9-9-9-9-9-9-9-9-9-9-9-9-9-9-9-9-9-9-9-9-9    -917191414403427910292923 4 415221131 61215
4586 10 0 1 682929 682121 4 330-9 2 6 6 6 6 6 1 6 6 6 6 6 6 6 1 1-9 3 2019417191414403427910292923 3 616821135-9-9-9
4587 00 0-9 -9-9-9 -9-9-9-9-9-9-9-9-9-9-9-9-9-9-9-9-9-9-9-9-9-9-9-9-9    -922921885871237210292923 4 413016192 6 7 7
4588 00 0-9 -9-9-9 -9-9-9-9-9-9-9-9-9-9-9-9-9-9-9-9-9-9-9-9-9-9-9-9-9    -917191414403427910292923 3 612916174-9-9-9
4589 00 0-9 -9-9-9 -9-9-9-9-9-9-9-9-9-9-9-9-9-9-9-9-9-9-9-9-9-9-9-9-9    -911460942935618600292923 3 413521281 615 9
4590 00 0-9 -9-9-9 -9-9-9-9-9-9-9-9-9-9-9-9-9-9-9-9-9-9-9-9-9-9-9-9-9    -915840854682962510292923 3 466146132 61515
4591 00 0-9 -9-9-9 -9-9-9-9-9-9-9-9-9-9-9-9-9-9-9-9-9-9-9-9-9-9-9-9-9    -910560569788641670292923 2 663611181 6 6 9
4592 10 0 1 682929 682323 4 3 0-9 2 1 6 6 6 6 6 6 6 6 6 6 6 6 1 1 8-9 1700011460942935618600292923 2 316221135-9-9-9
4593 00 0-9 -9-9-9 -9-9-9-9-9-9-9-9-9-9-9-9-9-9-9-9-9-9-9-9-9-9-9-9-9    -910560569788641670292923 2 366821126-9-9-9
4594 00 0-9 -9-9-9 -9-9-9-9-9-9-9-9-9-9-9-9-9-9-9-9-9-9-9-9-9-9-9-9-9    -910560569788641670292923 2 266821135-9-9-9
4595 00 0-9 -9-9-9 -9-9-9-9-9-9-9-9-9-9-9-9-9-9-9-9-9-9-9-9-9-9-9-9-9    -915840854682962510292923 3 365546126-9-9-9
4596 00 0-9 -9-9-9 -9-9-9-9-9-9-9-9-9-9-9-9-9-9-9-9-9-9-9-9-9-9-9-9-9    -921121139577283350292923 4 468436136-9-9-9
4597 00 0-9 -9-9-9 -9-9-9-9-9-9-9-9-9-9-9-9-9-9-9-9-9-9-9-9-9-9-9-9-9    -9 5730471467809300292923 1 217536125-9-9-9
4598 10 0 1 682929 681111 4 2 0-9 2 6 1 6 6 6 6 6 6 6 6 6 6 6 1 1 4-9 1160110560569788641670292923 3 264021147-9-9-9
4599 00 0-9 -9-9-9 -9-9-9-9-9-9-9-9-9-9-9-9-9-9-9-9-9-9-9-9-9-9-9-9-9    -910560569788641670292923 2 268321127-9-9-9
4600 00 0-9 -9-9-9 -9-9-9-9-9-9-9-9-9-9-9-9-9-9-9-9-9-9-9-9-9-9-9-9-9    -9 5280284894320830292923 1 268536125-9-9-9
4601 00 0-9 -9-9-9 -9-9-9-9-9-9-9-9-9-9-9-9-9-9-9-9-9-9-9-9-9-9-9-9-9    -922921885871237210292923 5 416821125-9-9-9
4602 00 0-9 -9-9-9 -9-9-9-9-9-9-9-9-9-9-9-9-9-9-9-9-9-9-9-9-9-9-9-9-9    -911460942935618600292923 2 216111143-9-9-9
4603 00 0-9 -9-9-9 -9-9-9-9-9-9-9-9-9-9-9-9-9-9-9-9-9-9-9-9-9-9-9-9-9    -9 5280284894320830292923 1 165646153-9-9-9
4604 00 0-9 -9-9-9 -9-9-9-9-9-9-9-9-9-9-9-9-9-9-9-9-9-9-9-9-9-9-9-9-9    -915840854682962510292923 3 665611241 61520
4605 00 0-9 -9-9-9 -9-9-9-9-9-9-9-9-9-9-9-9-9-9-9-9-9-9-9-9-9-9-9-9-9    -926401424471604190292923 5 264526242 91520
4606 00 0-9 -9-9-9 -9-9-9-9-9-9-9-9-9-9-9-9-9-9-9-9-9-9-9-9-9-9-9-9-9    -911460942935618600292923 2 216621135-9-9-9
4607 00 0-9 -9-9-9 -9-9-9-9-9-9-9-9-9-9-9-9-9-9-9-9-9-9-9-9-9-9-9-9-9    -911460942935618600292923 2 615046141 6 618
4608 10 0 1 682929 68-921 6 430-9 2 1 1 6 6 6 6 6 6 6 6 6 6 6 1 1 8-9 2091810560569788641670292923 2 265421167-9-9-9
4609 00 0-9 -9-9-9 -9-9-9-9-9-9-9-9-9-9-9-9-9-9-9-9-9-9-9-9-9-9-9-9-9    -922921885871237210292923 6 413921242 7 7 9
4610 00 0-9 -9-9-9 -9-9-9-9-9-9-9-9-9-9-9-9-9-9-9-9-9-9-9-9-9-9-9-9-9    -9 5280284894320830292923 1 368336135-9-9-9
4611 00 0-9 -9-9-9 -9-9-9-9-9-9-9-9-9-9-9-9-9-9-9-9-9-9-9-9-9-9-9-9-9    -910560569788641670292923 4 263441253-9-9-9
4612 00 0-9 -9-9-9 -9-9-9-9-9-9-9-9-9-9-9-9-9-9-9-9-9-9-9-9-9-9-9-9-9    -910560569788641670292923 2 262716163-9-9-9
4613 00 0-9 -9-9-9 -9-9-9-9-9-9-9-9-9-9-9-9-9-9-9-9-9-9-9-9-9-9-9-9-9    -922921885871237210292923 59815421151 6 7 9
4614 00 0-9 -9-9-9 -9-9-9-9-9-9-9-9-9-9-9-9-9-9-9-9-9-9-9-9-9-9-9-9-9    -915840854682962510292923 3 367921136-9-9-9
4615 00 0-9 -9-9-9 -9-9-9-9-9-9-9-9-9-9-9-9-9-9-9-9-9-9-9-9-9-9-9-9-9    -921121139577283350292923 4 266846125-9-9-9
4616 00 0-9 -9-9-9 -9-9-9-9-9-9-9-9-9-9-9-9-9-9-9-9-9-9-9-9-9-9-9-9-9    -911460942935618600292923 4 313521143-9-9-9
4617 00 0-9 -9-9-9 -9-9-9-9-9-9-9-9-9-9-9-9-9-9-9-9-9-9-9-9-9-9-9-9-9    -910560569788641670292923 2 363716193-9-9-9
4618 01 0 1 682929 68-928 6 6 0-9 2 6 1 6 6 6 6 6 6 6 6 6 6 6 1 1 4-9 4536810560569788641670292923 3 764521131 6 612
4619 00 0-9 -9-9-9 -9-9-9-9-9-9-9-9-9-9-9-9-9-9-9-9-9-9-9-9-9-9-9-9-9    -9 5280284894320830292923 1 167346135-9-9-9
4620 00 0-9 -9-9-9 -9-9-9-9-9-9-9-9-9-9-9-9-9-9-9-9-9-9-9-9-9-9-9-9-9    -911460942935618600292923 2 214021153-9-9-9
4621 10 0 1 682929 681818 1 145 4 1 1 6 6 6 6 6 6 6 6 6 6 6 6 1 6 4-9 1371410560569788641670292923 29862721191 613 3
4622 00 0-9 -9-9-9 -9-9-9-9-9-9-9-9-9-9-9-9-9-9-9-9-9-9-9-9-9-9-9-9-9    -9 5730471467809300292923 1 215746158-9-9-9
4623 00 0-9 -9-9-9 -9-9-9-9-9-9-9-9-9-9-9-9-9-9-9-9-9-9-9-9-9-9-9-9-9    -910560569788641670292923 4 463841253-9-9-9
4624 00 0-9 -9-9-9 -9-9-9-9-9-9-9-9-9-9-9-9-9-9-9-9-9-9-9-9-9-9-9-9-9    -911460942935618600292923 2 217311125-9-9-9
4625 00 0-9 -9-9-9 -9-9-9-9-9-9-9-9-9-9-9-9-9-9-9-9-9-9-9-9-9-9-9-9-9    -910560569788641670292923 2 567921197-9-9-9
4626 00 0-9 -9-9-9 -9-9-9-9-9-9-9-9-9-9-9-9-9-9-9-9-9-9-9-9-9-9-9-9-9    -9 5280284894320830292923 1 267636125-9-9-9
4627 10 0 1 682929 684141 4 3 0-9 1 6 1 6 6 6 6 6 6 6 6 6 6 6 1 6 8-9 1367115840854682962510292923 3 665021181 6 5 9
4628 00 0-9 -9-9-9 -9-9-9-9-9-9-9-9-9-9-9-9-9-9-9-9-9-9-9-9-9-9-9-9-9    -9 5730471467809300292923 1 212916253-9-9-9
4629 00 0-9 -9-9-9 -9-9-9-9-9-9-9-9-9-9-9-9-9-9-9-9-9-9-9-9-9-9-9-9-9    -911460942935618600292923 2 218321235-9-9-9
4630 00 0-9 -9-9-9 -9-9-9-9-9-9-9-9-9-9-9-9-9-9-9-9-9-9-9-9-9-9-9-9-9    -911708162951491450292921 3 464546151 6 611
4631 00 0-9 -9-9-9 -9-9-9-9-9-9-9-9-9-9-9-9-9-9-9-9-9-9-9-9-9-9-9-9-9    -912706377605902530292921 2 814521171 6 915
4632 00 0-9 -9-9-9 -9-9-9-9-9-9-9-9-9-9-9-9-9-9-9-9-9-9-9-9-9-9-9-9-9    -912706377605902530292921 4 814921151 2 113
4633 00 0-9 -9-9-9 -9-9-9-9-9-9-9-9-9-9-9-9-9-9-9-9-9-9-9-9-9-9-9-9-9    -912706377605902530292921 2 614921151 6 1 7
4634 00 0-9 -9-9-9 -9-9-9-9-9-9-9-9-9-9-9-9-9-9-9-9-9-9-9-9-9-9-9-9-9    -911708162951491450292921 5 663721182 6 217
4635 10 0 1 682929 681111 1 115 5 2 6 1 6 6 6 6 6 6 6 6 6 6 6 1 1 8-9 1238612706377605902530292921 2 816821191 1 313
4636 00 0-9 -9-9-9 -9-9-9-9-9-9-9-9-9-9-9-9-9-9-9-9-9-9-9-9-9-9-9-9-9    -917562244427237170292921 3 565546141 915 9
4637 00 0-9 -9-9-9 -9-9-9-9-9-9-9-9-9-9-9-9-9-9-9-9-9-9-9-9-9-9-9-9-9    -922921885871237210292923 4 211916233-9-9-9
4638 10 0 1 682929 684141 6 2 0-9 2 1 6 6 6 6 6 6 6 6 6 6 6 6 1 1 8-9 1362611460942935618600292923 4 813921183-9-9-9
4639 00 0-9 -9-9-9 -9-9-9-9-9-9-9-9-9-9-9-9-9-9-9-9-9-9-9-9-9-9-9-9-9    -917191414403427910292923 3 517221155-9-9-9
4640 00 0-9 -9-9-9 -9-9-9-9-9-9-9-9-9-9-9-9-9-9-9-9-9-9-9-9-9-9-9-9-9    -921121139577283350292923 5 268436125-9-9-9
4641 00 0-9 -9-9-9 -9-9-9-9-9-9-9-9-9-9-9-9-9-9-9-9-9-9-9-9-9-9-9-9-9    -9 5280284894320830292923 1 264516171 7 5 6
4642 00 0-9 -9-9-9 -9-9-9-9-9-9-9-9-9-9-9-9-9-9-9-9-9-9-9-9-9-9-9-9-9    -910560569788641670292923 3 564621197-9-9-9
4643 00 0-9 -9-9-9 -9-9-9-9-9-9-9-9-9-9-9-9-9-9-9-9-9-9-9-9-9-9-9-9-9    -915840854682962510292923 59762116184-9-9-9
4644 00 0-9 -9-9-9 -9-9-9-9-9-9-9-9-9-9-9-9-9-9-9-9-9-9-9-9-9-9-9-9-9    -911460942935618600292923 4 614121171 6 7 7
4645 00 0-9 -9-9-9 -9-9-9-9-9-9-9-9-9-9-9-9-9-9-9-9-9-9-9-9-9-9-9-9-9    -9 5280284894320830292923 1 267736127-9-9-9
4646 00 0-9 -9-9-9 -9-9-9-9-9-9-9-9-9-9-9-9-9-9-9-9-9-9-9-9-9-9-9-9-9    -911460942935618600292923 2 216721145-9-9-9
4647 00 0-9 -9-9-9 -9-9-9-9-9-9-9-9-9-9-9-9-9-9-9-9-9-9-9-9-9-9-9-9-9    -925412755211805060292921 4 412316133-9-9-9
4648 00 0-9 -9-9-9 -9-9-9-9-9-9-9-9-9-9-9-9-9-9-9-9-9-9-9-9-9-9-9-9-9    -9 5854081475745720292921 1 268536246-9-9-9
4649 00 0-9 -9-9-9 -9-9-9-9-9-9-9-9-9-9-9-9-9-9-9-9-9-9-9-9-9-9-9-9-9    -911708162951491450292921 3 262316133-9-9-9
4650 00 0-9 -9-9-9 -9-9-9-9-9-9-9-9-9-9-9-9-9-9-9-9-9-9-9-9-9-9-9-9-9    -912706377605902530292921 2 616621295-9-9-9
4651 00 0-9 -9-9-9 -9-9-9-9-9-9-9-9-9-9-9-9-9-9-9-9-9-9-9-9-9-9-9-9-9    -912706377605902530292921 4 314221121 61014
4652 00 0-9 -9-9-9 -9-9-9-9-9-9-9-9-9-9-9-9-9-9-9-9-9-9-9-9-9-9-9-9-9    -9 6353188802951260292921 1 815446292 1 314
4653 00 0-9 -9-9-9 -9-9-9-9-9-9-9-9-9-9-9-9-9-9-9-9-9-9-9-9-9-9-9-9-9    -919059566408853800292921 3 612516184-9-9-9
4654 00 0-9 -9-9-9 -9-9-9-9-9-9-9-9-9-9-9-9-9-9-9-9-9-9-9-9-9-9-9-9-9    -931765944014756330292921 5 312416144-9-9-9
4655 00 0-9 -9-9-9 -9-9-9-9-9-9-9-9-9-9-9-9-9-9-9-9-9-9-9-9-9-9-9-9-9    -9 5854081475745720292921 1 266836175-9-9-9
4656 00 0-9 -9-9-9 -9-9-9-9-9-9-9-9-9-9-9-9-9-9-9-9-9-9-9-9-9-9-9-9-9    -912706377605902530292921 2 818321295-9-9-9
4657 00 0-9 -9-9-9 -9-9-9-9-9-9-9-9-9-9-9-9-9-9-9-9-9-9-9-9-9-9-9-9-9    -910560569788641670292923 3 463741171 6 513
4658 00 0-9 -9-9-9 -9-9-9-9-9-9-9-9-9-9-9-9-9-9-9-9-9-9-9-9-9-9-9-9-9    -915840854682962510292923 4 263121343-9-9-9
4659 00 0-9 -9-9-9 -9-9-9-9-9-9-9-9-9-9-9-9-9-9-9-9-9-9-9-9-9-9-9-9-9    -9 5730471467809300292923 1 515246181 1 312
4660 00 0-9 -9-9-9 -9-9-9-9-9-9-9-9-9-9-9-9-9-9-9-9-9-9-9-9-9-9-9-9-9    -911460942935618600292923 4 514421141 1 1 7
4661 10 0 1 682929 684141 4 145-9 2 1 6 6 6 6 6 6 6 6 6 6 6 6 1 1 8-9 1332111460942935618600292923 2 317221125-9-9-9
4662 00 0-9 -9-9-9 -9-9-9-9-9-9-9-9-9-9-9-9-9-9-9-9-9-9-9-9-9-9-9-9-9    -910560569788641670292923 2 365921137-9-9-9
4663 00 0-9 -9-9-9 -9-9-9-9-9-9-9-9-9-9-9-9-9-9-9-9-9-9-9-9-9-9-9-9-9    -911460942935618600292923 2 416221125-9-9-9
4664 00 0-9 -9-9-9 -9-9-9-9-9-9-9-9-9-9-9-9-9-9-9-9-9-9-9-9-9-9-9-9-9    -915840854682962510292923 3 365621127-9-9-9
4665 00 0-9 -9-9-9 -9-9-9-9-9-9-9-9-9-9-9-9-9-9-9-9-9-9-9-9-9-9-9-9-9    -922921885871237210292923 4 812416141 6 7 9
4666 00 0-9 -9-9-9 -9-9-9-9-9-9-9-9-9-9-9-9-9-9-9-9-9-9-9-9-9-9-9-9-9    -911460942935618600292923 2 416221145-9-9-9
4667 00 0-9 -9-9-9 -9-9-9-9-9-9-9-9-9-9-9-9-9-9-9-9-9-9-9-9-9-9-9-9-9    -9 5197169594553290292922 1 267346145-9-9-9
4668 00 0-9 -9-9-9 -9-9-9-9-9-9-9-9-9-9-9-9-9-9-9-9-9-9-9-9-9-9-9-9-9    -916920809769366250292922 3 815221191 1 113
4669 00 0-9 -9-9-9 -9-9-9-9-9-9-9-9-9-9-9-9-9-9-9-9-9-9-9-9-9-9-9-9-9    -910394339189106580292922 4 764421192 6 1 9
4670 00 0-9 -9-9-9 -9-9-9-9-9-9-9-9-9-9-9-9-9-9-9-9-9-9-9-9-9-9-9-9-9    -910394339189106580292922 29865321151 6 615
4671 00 0-9 -9-9-9 -9-9-9-9-9-9-9-9-9-9-9-9-9-9-9-9-9-9-9-9-9-9-9-9-9    -910394339189106580292922 2 263411257-9-9-9
4672 00 0-9 -9-9-9 -9-9-9-9-9-9-9-9-9-9-9-9-9-9-9-9-9-9-9-9-9-9-9-9-9    -910394339189106580292922 2 265021163-9-9-9
4673 00 0-9 -9-9-9 -9-9-9-9-9-9-9-9-9-9-9-9-9-9-9-9-9-9-9-9-9-9-9-9-9    -922561079692488330292922 4 711816134-9-9-9
4674 00 0-9 -9-9-9 -9-9-9-9-9-9-9-9-9-9-9-9-9-9-9-9-9-9-9-9-9-9-9-9-9    -916920809769366250292922 3 415921151 6 513
4675 00 0-9 -9-9-9 -9-9-9-9-9-9-9-9-9-9-9-9-9-9-9-9-9-9-9-9-9-9-9-9-9    -925412755211805060292921 5 515921131 1 1 9
4676 00 0-9 -9-9-9 -9-9-9-9-9-9-9-9-9-9-9-9-9-9-9-9-9-9-9-9-9-9-9-9-9    -925412755211805060292921 4 815121151 611 6
4677 00 0-9 -9-9-9 -9-9-9-9-9-9-9-9-9-9-9-9-9-9-9-9-9-9-9-9-9-9-9-9-9    -931765944014756330292921 7 814821242 716 6
4678 00 0-9 -9-9-9 -9-9-9-9-9-9-9-9-9-9-9-9-9-9-9-9-9-9-9-9-9-9-9-9-9    -911708162951491450292921 2 367121137-9-9-9
4679 00 0-9 -9-9-9 -9-9-9-9-9-9-9-9-9-9-9-9-9-9-9-9-9-9-9-9-9-9-9-9-9    -925412755211805060292921 4 213416141 7 7 9
4680 00 0-9 -9-9-9 -9-9-9-9-9-9-9-9-9-9-9-9-9-9-9-9-9-9-9-9-9-9-9-9-9    -911708162951491450292921 2 662711186-9-9-9
4681 00 0-9 -9-9-9 -9-9-9-9-9-9-9-9-9-9-9-9-9-9-9-9-9-9-9-9-9-9-9-9-9    -911708162951491450292921 2 265046141 6 7 7
4682 01 0 1 682929 68-928 1 230 5 2 6 6 6 6 6 6 6 1 6 6 6 6 6 6 1-9 6 4525112706377605902530292921 4 814121281 1 7 4
4683 10 1 1 682929 681111 1 2 0 3 1 6 6 6 6 6 1 6 6 1 6 6 6 6 6 1-9 7 1443012706377605902530292931 49813721371 712 6
4684 00 0-9 -9-9-9 -9-9-9-9-9-9-9-9-9-9-9-9-9-9-9-9-9-9-9-9-9-9-9-9-9    -911708162951491450292931 4 263921353-9-9-9
4685 10 0 1 682929 68 4 4 4 245-9 2 6 1 6 6 6 6 6 6 6 6 6 6 6 1 1 8-9 2011311708162951491450292931 4 463141143-9-9-9
4686 00 0-9 -9-9-9 -9-9-9-9-9-9-9-9-9-9-9-9-9-9-9-9-9-9-9-9-9-9-9-9-9    -911708162951491450292931 2 266436135-9-9-9
4687 00 0-9 -9-9-9 -9-9-9-9-9-9-9-9-9-9-9-9-9-9-9-9-9-9-9-9-9-9-9-9-9    -925412755211805060292931 69713116253-9-9-9
4688 11 0 1 682929 68-949 4 7 0-9 2 1 6 6 6 6 6 6 6 6 6 6 6 6 6 111-9 58539 6353188802951260292931 1 313816161 612 3
4689 00 0-9 -9-9-9 -9-9-9-9-9-9-9-9-9-9-9-9-9-9-9-9-9-9-9-9-9-9-9-9-9    -925412755211805060292961 6 415021141 612 7
4690 00 0-9 -9-9-9 -9-9-9-9-9-9-9-9-9-9-9-9-9-9-9-9-9-9-9-9-9-9-9-9-9    -911708162951491450292961 2 367336127-9-9-9
4691 00 0-9 -9-9-9 -9-9-9-9-9-9-9-9-9-9-9-9-9-9-9-9-9-9-9-9-9-9-9-9-9    -9 5854081475745720292961 1 268736127-9-9-9
4692 00 0-9 -9-9-9 -9-9-9-9-9-9-9-9-9-9-9-9-9-9-9-9-9-9-9-9-9-9-9-9-9    -912706377605902530292961 4 613721151 6 915
4693 00 0-9 -9-9-9 -9-9-9-9-9-9-9-9-9-9-9-9-9-9-9-9-9-9-9-9-9-9-9-9-9    -9 5854081475745720292961 1 168336126-9-9-9
4694 00 0-9 -9-9-9 -9-9-9-9-9-9-9-9-9-9-9-9-9-9-9-9-9-9-9-9-9-9-9-9-9    -922561079692488330292962 4 512516182 6 614
4695 00 0-9 -9-9-9 -9-9-9-9-9-9-9-9-9-9-9-9-9-9-9-9-9-9-9-9-9-9-9-9-9    -9 5197169594553290292962 1 165636147-9-9-9
4696 00 0-9 -9-9-9 -9-9-9-9-9-9-9-9-9-9-9-9-9-9-9-9-9-9-9-9-9-9-9-9-9    -910394339189106580292962 4 364421141 2 1 3
4697 10 0 1 682929 68-92110 330-9 1 6 1 6 6 6 6 6 6 6 6 6 6 6 1 6 7-9 2087710394339189106580292962 2 266521135-9-9-9
4698 00 0-9 -9-9-9 -9-9-9-9-9-9-9-9-9-9-9-9-9-9-9-9-9-9-9-9-9-9-9-9-9    -916920809769366250292962 3 313216161 716 1
4699 00 0-9 -9-9-9 -9-9-9-9-9-9-9-9-9-9-9-9-9-9-9-9-9-9-9-9-9-9-9-9-9    -9 5197169594553290292962 1 167036125-9-9-9
4700 00 0-9 -9-9-9 -9-9-9-9-9-9-9-9-9-9-9-9-9-9-9-9-9-9-9-9-9-9-9-9-9    -910394339189106580292962 2 566821137-9-9-9
4701 00 0-9 -9-9-9 -9-9-9-9-9-9-9-9-9-9-9-9-9-9-9-9-9-9-9-9-9-9-9-9-9    -920788678378213170292962 4 461816244-9-9-9
4702 00 0-9 -9-9-9 -9-9-9-9-9-9-9-9-9-9-9-9-9-9-9-9-9-9-9-9-9-9-9-9-9    -915591508783659880292962 4 464421157-9-9-9
4703 00 0-9 -9-9-9 -9-9-9-9-9-9-9-9-9-9-9-9-9-9-9-9-9-9-9-9-9-9-9-9-9    -915591508783659880292962 4 464221142 6 817
4704 00 0-9 -9-9-9 -9-9-9-9-9-9-9-9-9-9-9-9-9-9-9-9-9-9-9-9-9-9-9-9-9    -911708162951491450292941 2 362611131 6 7 7
4705 00 0-9 -9-9-9 -9-9-9-9-9-9-9-9-9-9-9-9-9-9-9-9-9-9-9-9-9-9-9-9-9    -923416325902982900292941 4 261916144-9-9-9
4706 00 0-9 -9-9-9 -9-9-9-9-9-9-9-9-9-9-9-9-9-9-9-9-9-9-9-9-9-9-9-9-9    -911708162951491450292941 2 565921141 61514
4707 00 0-9 -9-9-9 -9-9-9-9-9-9-9-9-9-9-9-9-9-9-9-9-9-9-9-9-9-9-9-9-9    -911708162951491450292941 3 263921163-9-9-9
4708 00 0-9 -9-9-9 -9-9-9-9-9-9-9-9-9-9-9-9-9-9-9-9-9-9-9-9-9-9-9-9-9    -912706377605902530292941 2 513721161 414 7
4709 00 0-9 -9-9-9 -9-9-9-9-9-9-9-9-9-9-9-9-9-9-9-9-9-9-9-9-9-9-9-9-9    -925412755211805060292941 7 613811141 6 7 9
4710 00 0-9 -9-9-9 -9-9-9-9-9-9-9-9-9-9-9-9-9-9-9-9-9-9-9-9-9-9-9-9-9    -911708162951491450292941 4 364021173-9-9-9
4711 00 0-9 -9-9-9 -9-9-9-9-9-9-9-9-9-9-9-9-9-9-9-9-9-9-9-9-9-9-9-9-9    -929270407378728630292941 7 266721127-9-9-9
4712 00 0-9 -9-9-9 -9-9-9-9-9-9-9-9-9-9-9-9-9-9-9-9-9-9-9-9-9-9-9-9-9    -9 6353188802951260292941 2 314746175-9-9-9
4713 01 0 1 682929 68-928 6 8 0-9 2 6 6 6 6 6 6 1 6 6 6 1 6 6 1 1-9 1 4209311708162951491450292941 2 267921147-9-9-9
4714 11 0 1 682929 68-918 1 130 3 1 1 6 6 6 6 6 6 6 6 6 6 6 6 6 6 8-9 1135611460942935618600292943 4 714021161 4 1 7
4715 00 0-9 -9-9-9 -9-9-9-9-9-9-9-9-9-9-9-9-9-9-9-9-9-9-9-9-9-9-9-9-9    -911460942935618600292943 5 213611131 6 8 1
4716 30 0 1 682929 681211 7 2 0-9 1 1 6 6 6 6 6 6 6 6 6 6 6 6 6 6 8-9 11118 5730471467809300292943 1 713816181 6 217
4717 00 0-9 -9-9-9 -9-9-9-9-9-9-9-9-9-9-9-9-9-9-9-9-9-9-9-9-9-9-9-9-9    -915840854682962510292943 4 864521151 6 315
4718 00 0-9 -9-9-9 -9-9-9-9-9-9-9-9-9-9-9-9-9-9-9-9-9-9-9-9-9-9-9-9-9    -915840854682962510292943 39864921157-9-9-9
4719 00 0-9 -9-9-9 -9-9-9-9-9-9-9-9-9-9-9-9-9-9-9-9-9-9-9-9-9-9-9-9-9    -917191414403427910292943 4 615821136-9-9-9
4720 00 0-9 -9-9-9 -9-9-9-9-9-9-9-9-9-9-9-9-9-9-9-9-9-9-9-9-9-9-9-9-9    -910560569788641670292943 4 563446171 4 1 7
4721 00 0-9 -9-9-9 -9-9-9-9-9-9-9-9-9-9-9-9-9-9-9-9-9-9-9-9-9-9-9-9-9    -915840854682962510292943 4 562616191 7 413
4722 00 0-9 -9-9-9 -9-9-9-9-9-9-9-9-9-9-9-9-9-9-9-9-9-9-9-9-9-9-9-9-9    -922921885871237210292943 49713616153-9-9-9
4723 00 0-9 -9-9-9 -9-9-9-9-9-9-9-9-9-9-9-9-9-9-9-9-9-9-9-9-9-9-9-9-9    -910560569788641670292943 2 565421181 6 217
4724 00 0-9 -9-9-9 -9-9-9-9-9-9-9-9-9-9-9-9-9-9-9-9-9-9-9-9-9-9-9-9-9    -921121139577283350292943 4 661816154-9-9-9
4725 00 0-9 -9-9-9 -9-9-9-9-9-9-9-9-9-9-9-9-9-9-9-9-9-9-9-9-9-9-9-9-9    -915840854682962510292943 3 765321157-9-9-9
4726 00 0-9 -9-9-9 -9-9-9-9-9-9-9-9-9-9-9-9-9-9-9-9-9-9-9-9-9-9-9-9-9    -915840854682962510292943 3 861816154-9-9-9
4727 00 0-9 -9-9-9 -9-9-9-9-9-9-9-9-9-9-9-9-9-9-9-9-9-9-9-9-9-9-9-9-9    -910560569788641670292943 2 465921157-9-9-9
4728 00 0-9 -9-9-9 -9-9-9-9-9-9-9-9-9-9-9-9-9-9-9-9-9-9-9-9-9-9-9-9-9    -910560569788641670292943 2 666521295-9-9-9
4729 00 0-9 -9-9-9 -9-9-9-9-9-9-9-9-9-9-9-9-9-9-9-9-9-9-9-9-9-9-9-9-9    -917191414403427910292943 3 213216143-9-9-9
4730 00 0-9 -9-9-9 -9-9-9-9-9-9-9-9-9-9-9-9-9-9-9-9-9-9-9-9-9-9-9-9-9    -910560569788641670292943 2 266421145-9-9-9
4731 00 0-9 -9-9-9 -9-9-9-9-9-9-9-9-9-9-9-9-9-9-9-9-9-9-9-9-9-9-9-9-9    -917191414403427910292943 3 315421151 6 415
4732 00 0-9 -9-9-9 -9-9-9-9-9-9-9-9-9-9-9-9-9-9-9-9-9-9-9-9-9-9-9-9-9    -922921885871237210292943 4 112216173-9-9-9
4733 00 0-9 -9-9-9 -9-9-9-9-9-9-9-9-9-9-9-9-9-9-9-9-9-9-9-9-9-9-9-9-9    -910560569788641670292943 2 566221141 6 617
4734 00 0-9 -9-9-9 -9-9-9-9-9-9-9-9-9-9-9-9-9-9-9-9-9-9-9-9-9-9-9-9-9    -911708162951491450292941 4 264121153-9-9-9
4735 00 0-9 -9-9-9 -9-9-9-9-9-9-9-9-9-9-9-9-9-9-9-9-9-9-9-9-9-9-9-9-9    -912706377605902530292941 2 514721151 1 1 7
4736 00 1 1 682929 81-981 6 210-9 1 6 1 6 6 6 6 6 6 6 6 6 6 6 1 6 8-9 1187011708162951491450292941 3 464121183-9-9-9
4737 00 0-9 -9-9-9 -9-9-9-9-9-9-9-9-9-9-9-9-9-9-9-9-9-9-9-9-9-9-9-9-9    -9 6353188802951260292941 1 314846191 1 1 7
4738 00 0-9 -9-9-9 -9-9-9-9-9-9-9-9-9-9-9-9-9-9-9-9-9-9-9-9-9-9-9-9-9    -919059566408853800292941 3 216421153-9-9-9
4739 01 0 1 682929 68-928 1 530 5 2 1 6 6 6 6 6 6 6 6 6 6 6 6 6 1 9-9 4203612706377605902530292941 3 414321352 7 7 9
4740 00 0-9 -9-9-9 -9-9-9-9-9-9-9-9-9-9-9-9-9-9-9-9-9-9-9-9-9-9-9-9-9    -912706377605902530292941 5 713821181 6 216
4741 00 0-9 -9-9-9 -9-9-9-9-9-9-9-9-9-9-9-9-9-9-9-9-9-9-9-9-9-9-9-9-9    -911708162951491450292941 3 863521191 6 217
4742 60 0 1 682929 68-941 1 130 2 1 1 6 6 6 6 6 6 6 6 6 6 6 6 1 1 9-9  765811708162951491450292941 2 363421181 7 7 7
4743 00 0-9 -9-9-9 -9-9-9-9-9-9-9-9-9-9-9-9-9-9-9-9-9-9-9-9-9-9-9-9-9    -9 5280284894320830292963 1 264026127-9-9-9
4744 00 0-9 -9-9-9 -9-9-9-9-9-9-9-9-9-9-9-9-9-9-9-9-9-9-9-9-9-9-9-9-9    -9 5280284894320830292963 19868136125-9-9-9
4745 00 0-9 -9-9-9 -9-9-9-9-9-9-9-9-9-9-9-9-9-9-9-9-9-9-9-9-9-9-9-9-9    -9 5280284894320830292963 19765236143-9-9-9
4746 00 0-9 -9-9-9 -9-9-9-9-9-9-9-9-9-9-9-9-9-9-9-9-9-9-9-9-9-9-9-9-9    -917191414403427910292963 39711816144-9-9-9
4747 00 0-9 -9-9-9 -9-9-9-9-9-9-9-9-9-9-9-9-9-9-9-9-9-9-9-9-9-9-9-9-9    -911460942935618600292963 2 213011112 716 1
4748 00 0-9 -9-9-9 -9-9-9-9-9-9-9-9-9-9-9-9-9-9-9-9-9-9-9-9-9-9-9-9-9    -9 5730471467809300292963 1 218136125-9-9-9
4749 00 0-9 -9-9-9 -9-9-9-9-9-9-9-9-9-9-9-9-9-9-9-9-9-9-9-9-9-9-9-9-9    -915840854682962510292963 3 368021127-9-9-9
4750 00 0-9 -9-9-9 -9-9-9-9-9-9-9-9-9-9-9-9-9-9-9-9-9-9-9-9-9-9-9-9-9    -915840854682962510292963 39863616174-9-9-9
4751 00 0-9 -9-9-9 -9-9-9-9-9-9-9-9-9-9-9-9-9-9-9-9-9-9-9-9-9-9-9-9-9    -9 5280284894320830292963 1 264816147-9-9-9
4752 00 0-9 -9-9-9 -9-9-9-9-9-9-9-9-9-9-9-9-9-9-9-9-9-9-9-9-9-9-9-9-9    -9 5280284894320830292963 2 263116141 4 7 7
4753 00 0-9 -9-9-9 -9-9-9-9-9-9-9-9-9-9-9-9-9-9-9-9-9-9-9-9-9-9-9-9-9    -911460942935618600292933 2 516021185-9-9-9
4754 10 0 1 682929 68-9 4 4 4 0-9 2 1 6 6 6 6 6 6 6 6 6 6 6 6 1 111-9 2022610560569788641670292933 29767121255-9-9-9
4755 00 0-9 -9-9-9 -9-9-9-9-9-9-9-9-9-9-9-9-9-9-9-9-9-9-9-9-9-9-9-9-9    -9 5280284894320830292933 19864816172 4 216
4756 00 0-9 -9-9-9 -9-9-9-9-9-9-9-9-9-9-9-9-9-9-9-9-9-9-9-9-9-9-9-9-9    -9 5730471467809300292933 19714346143-9-9-9
4757 00 0-9 -9-9-9 -9-9-9-9-9-9-9-9-9-9-9-9-9-9-9-9-9-9-9-9-9-9-9-9-9    -917191414403427910292933 3 419021145-9-9-9
4758 10 0 1 682929 681111 4 230-9 1 6 1 6 6 6 6 6 6 6 6 6 6 6 1 1 7-9 1536311460942935618600292933 2 313111153-9-9-9
4759 00 0-9 -9-9-9 -9-9-9-9-9-9-9-9-9-9-9-9-9-9-9-9-9-9-9-9-9-9-9-9-9    -9 5730471467809300292933 1 217036155-9-9-9
4760 00 0-9 -9-9-9 -9-9-9-9-9-9-9-9-9-9-9-9-9-9-9-9-9-9-9-9-9-9-9-9-9    -9 5730471467809300292933 1 218016155-9-9-9
4761 00 0-9 -9-9-9 -9-9-9-9-9-9-9-9-9-9-9-9-9-9-9-9-9-9-9-9-9-9-9-9-9    -9 5280284894320830292933 1 266316141 6 7 9
4762 00 0-9 -9-9-9 -9-9-9-9-9-9-9-9-9-9-9-9-9-9-9-9-9-9-9-9-9-9-9-9-9    -910560569788641670292933 4 363421147-9-9-9
4763 00 0-9 -9-9-9 -9-9-9-9-9-9-9-9-9-9-9-9-9-9-9-9-9-9-9-9-9-9-9-9-9    -911460942935618600292933 4 813621181 6 216
4764 00 0-9 -9-9-9 -9-9-9-9-9-9-9-9-9-9-9-9-9-9-9-9-9-9-9-9-9-9-9-9-9    -910560569788641670292933 29867421285-9-9-9
4765 00 0-9 -9-9-9 -9-9-9-9-9-9-9-9-9-9-9-9-9-9-9-9-9-9-9-9-9-9-9-9-9    -917191414403427910292933 5 711616144-9-9-9
4766 00 0-9 -9-9-9 -9-9-9-9-9-9-9-9-9-9-9-9-9-9-9-9-9-9-9-9-9-9-9-9-9    -911460942935618600292933 3 514111151 610 1
4767 01 0 1 682929 68-928 6 6 0-9 2 1 1 6 6 6 6 6 6 6 6 6 6 6 1 111-9 43703 5730471467809300292933 1 216916155-9-9-9
4768 00 0-9 -9-9-9 -9-9-9-9-9-9-9-9-9-9-9-9-9-9-9-9-9-9-9-9-9-9-9-9-9    -910560569788641670292933 29864711161 61619
4769 00 0-9 -9-9-9 -9-9-9-9-9-9-9-9-9-9-9-9-9-9-9-9-9-9-9-9-9-9-9-9-9    -911460942935618600292933 3 314521171 6 4 9
4770 10 0 1 682929 681818 4 130-9 1 1 6 6 6 6 6 6 6 6 6 6 6 6 1 6 8-9 1034211460942935618600292933 39813621181 6 915
4771 10 0 1 682929 681414 6 130-9 1 1 6 6 6 6 6 6 6 6 6 6 6 6 1 6 8-9 1444211460942935618600292933 4 514121161 6 4 7
4772 00 0-9 -9-9-9 -9-9-9-9-9-9-9-9-9-9-9-9-9-9-9-9-9-9-9-9-9-9-9-9-9    -910860848847401090414163 3 263721143-9-9-9
4773 00 0-9 -9-9-9 -9-9-9-9-9-9-9-9-9-9-9-9-9-9-9-9-9-9-9-9-9-9-9-9-9    -910860848847401090414163 3 263421171 7 216
4774 00 0-9 -9-9-9 -9-9-9-9-9-9-9-9-9-9-9-9-9-9-9-9-9-9-9-9-9-9-9-9-9    -932582546542203280414163 6 662616194-9-9-9
4775 01 0 1 684141 68-9 8 1 7 0 3 2 6 6 6 6 6 6 6 1 6 1 6 6 6 6 1-912 8475111374596963608490414163 2 413821171 612 3
4776 00 0-9 -9-9-9 -9-9-9-9-9-9-9-9-9-9-9-9-9-9-9-9-9-9-9-9-9-9-9-9-9    -911374596963608490414163 2 216021143-9-9-9
4777 00 0-9 -9-9-9 -9-9-9-9-9-9-9-9-9-9-9-9-9-9-9-9-9-9-9-9-9-9-9-9-9    -910860848847401090414163 4 362921133-9-9-9
4778 00 0-9 -9-9-9 -9-9-9-9-9-9-9-9-9-9-9-9-9-9-9-9-9-9-9-9-9-9-9-9-9    -916291273271101640414163 3 267121135-9-9-9
4779 00 0-9 -9-9-9 -9-9-9-9-9-9-9-9-9-9-9-9-9-9-9-9-9-9-9-9-9-9-9-9-9    -917061895445412740414163 3 212016133-9-9-9
4780 10 0 2 684141 682121 1 115 3 1 6 6 6 6 6 6 6 6 6 6 6 1 6 6 6 9-9  908411374596963608490414163 2 513421161 614 8
4781 00 0-9 -9-9-9 -9-9-9-9-9-9-9-9-9-9-9-9-9-9-9-9-9-9-9-9-9-9-9-9-9    -911374596963608490414163 3 314841141 613 3
4782 00 0-9 -9-9-9 -9-9-9-9-9-9-9-9-9-9-9-9-9-9-9-9-9-9-9-9-9-9-9-9-9    -910860848847401090414133 7 162711133-9-9-9
4783 00 0-9 -9-9-9 -9-9-9-9-9-9-9-9-9-9-9-9-9-9-9-9-9-9-9-9-9-9-9-9-9    -917061895445412740414133 3 712816191 7 3 4
4784 00 0-9 -9-9-9 -9-9-9-9-9-9-9-9-9-9-9-9-9-9-9-9-9-9-9-9-9-9-9-9-9    -911374596963608490414133 2 413421141 612 3
4785 00 0-9 -9-9-9 -9-9-9-9-9-9-9-9-9-9-9-9-9-9-9-9-9-9-9-9-9-9-9-9-9    -928436492409021240414133 59816221135-9-9-9
4786 00 0-9 -9-9-9 -9-9-9-9-9-9-9-9-9-9-9-9-9-9-9-9-9-9-9-9-9-9-9-9-9    -910860848847401090414133 2 366821127-9-9-9
4787 00 0-9 -9-9-9 -9-9-9-9-9-9-9-9-9-9-9-9-9-9-9-9-9-9-9-9-9-9-9-9-9    -917061895445412740414133 3 415916141 6 4 5
4788 10 0 1 684141 681111 6 120-9 2 6 1 6 6 6 6 6 6 6 6 6 6 6 1 110-9  926710860848847401090414133 4 363611147-9-9-9
4789 10 0 1 684141 -1-1-1 6 115-9 1 6 1 6 6 6 6 6 6 6 6 6 6 6 1 611-9    -121721697694802180414133 4 362416174-9-9-9
4790 00 0-9 -9-9-9 -9-9-9-9-9-9-9-9-9-9-9-9-9-9-9-9-9-9-9-9-9-9-9-9-9    -9 5430424423700540414133 19767936115-9-9-9
4791 00 0-9 -9-9-9 -9-9-9-9-9-9-9-9-9-9-9-9-9-9-9-9-9-9-9-9-9-9-9-9-9    -9 5430424423700540414133 1 268936165-9-9-9
4792 00 0-9 -9-9-9 -9-9-9-9-9-9-9-9-9-9-9-9-9-9-9-9-9-9-9-9-9-9-9-9-9    -911374596963608490414133 2 316721145-9-9-9
4793 00 0-9 -9-9-9 -9-9-9-9-9-9-9-9-9-9-9-9-9-9-9-9-9-9-9-9-9-9-9-9-9    -921721697694802180414133 4 362316192 7 217
4794 00 0-9 -9-9-9 -9-9-9-9-9-9-9-9-9-9-9-9-9-9-9-9-9-9-9-9-9-9-9-9-9    -911374596963608490414133 2 317521125-9-9-9
4795 00 0-9 -9-9-9 -9-9-9-9-9-9-9-9-9-9-9-9-9-9-9-9-9-9-9-9-9-9-9-9-9    -916291273271101640414133 3 364321132 71514
4796 00 0-9 -9-9-9 -9-9-9-9-9-9-9-9-9-9-9-9-9-9-9-9-9-9-9-9-9-9-9-9-9    -934123790890825490414133 6 613116141 61715
4797 00 0-9 -9-9-9 -9-9-9-9-9-9-9-9-9-9-9-9-9-9-9-9-9-9-9-9-9-9-9-9-9    -916291273271101640414133 3 565321147-9-9-9
4798 00 0-9 -9-9-9 -9-9-9-9-9-9-9-9-9-9-9-9-9-9-9-9-9-9-9-9-9-9-9-9-9    -911374596963608490414133 4 314421141 614 3
4799 00 0-9 -9-9-9 -9-9-9-9-9-9-9-9-9-9-9-9-9-9-9-9-9-9-9-9-9-9-9-9-9    -911374596963608490414133 3 213721142 716 7
4800 00 0-9 -9-9-9 -9-9-9-9-9-9-9-9-9-9-9-9-9-9-9-9-9-9-9-9-9-9-9-9-9    -916291273271101640414133 3 366721145-9-9-9
4801 00 0-9 -9-9-9 -9-9-9-9-9-9-9-9-9-9-9-9-9-9-9-9-9-9-9-9-9-9-9-9-9    -910860848847401090414133 29866441117-9-9-9
4802 00 0-9 -9-9-9 -9-9-9-9-9-9-9-9-9-9-9-9-9-9-9-9-9-9-9-9-9-9-9-9-9    -9 5430424423700540414133 1 267736125-9-9-9
4803 00 0-9 -9-9-9 -9-9-9-9-9-9-9-9-9-9-9-9-9-9-9-9-9-9-9-9-9-9-9-9-9    -910860848847401090414133 2 562911171 6 4 3
4804 10 0 1 684141 68-921 8 145-9 2 6 1 6 6 6 6 6 6 6 6 6 6 6 1 1 1-9  715816291273271101640414133 4 561716144-9-9-9
4805 00 0-9 -9-9-9 -9-9-9-9-9-9-9-9-9-9-9-9-9-9-9-9-9-9-9-9-9-9-9-9-9    -9 5687298481804240414133 1 116336125-9-9-9
4806 00 0-9 -9-9-9 -9-9-9-9-9-9-9-9-9-9-9-9-9-9-9-9-9-9-9-9-9-9-9-9-9    -910860848847401090414133 3 865321156-9-9-9
4807 00 0-9 -9-9-9 -9-9-9-9-9-9-9-9-9-9-9-9-9-9-9-9-9-9-9-9-9-9-9-9-9    -917061895445412740414133 3 214511146-9-9-9
4808 00 0-9 -9-9-9 -9-9-9-9-9-9-9-9-9-9-9-9-9-9-9-9-9-9-9-9-9-9-9-9-9    -911374596963608490414133 39813321148-9-9-9
4809 10 0 1 684141 681111 6 120-9 1 1 6 6 6 6 6 6 6 6 6 6 6 6 1 6 8-9  892911374596963608490414133 2 614016141 1 7 9
4810 00 0-9 -9-9-9 -9-9-9-9-9-9-9-9-9-9-9-9-9-9-9-9-9-9-9-9-9-9-9-9-9    -910860848847401090414133 2 465921146-9-9-9
4811 00 0-9 -9-9-9 -9-9-9-9-9-9-9-9-9-9-9-9-9-9-9-9-9-9-9-9-9-9-9-9-9    -927152122118502730414133 5 262916182 7 7 7
4812 00 0-9 -9-9-9 -9-9-9-9-9-9-9-9-9-9-9-9-9-9-9-9-9-9-9-9-9-9-9-9-9    -911374596963608490414163 39812921161 112 7
4813 00 0-9 -9-9-9 -9-9-9-9-9-9-9-9-9-9-9-9-9-9-9-9-9-9-9-9-9-9-9-9-9    -911374596963608490414163 4 413621171 71715
4814 00 0-9 -9-9-9 -9-9-9-9-9-9-9-9-9-9-9-9-9-9-9-9-9-9-9-9-9-9-9-9-9    -921721697694802180414163 49762416184-9-9-9
4815 00 0-9 -9-9-9 -9-9-9-9-9-9-9-9-9-9-9-9-9-9-9-9-9-9-9-9-9-9-9-9-9    -911374596963608490414163 4 314021141 61115
4816 10 0 1 684141 681111 4 145-9 1 1 6 6 6 6 6 6 6 6 6 6 6 6 1 1 9-9  882511374596963608490414163 3 613721171 7 4 3
4817 00 0-9 -9-9-9 -9-9-9-9-9-9-9-9-9-9-9-9-9-9-9-9-9-9-9-9-9-9-9-9-9    -910860848847401090414163 3 363421172 712 7
4818 00 0-9 -9-9-9 -9-9-9-9-9-9-9-9-9-9-9-9-9-9-9-9-9-9-9-9-9-9-9-9-9    -910860848847401090414163 49764021187-9-9-9
4819 00 0-9 -9-9-9 -9-9-9-9-9-9-9-9-9-9-9-9-9-9-9-9-9-9-9-9-9-9-9-9-9    -911374596963608490414163 3 513921171 61013
4820 00 0-9 -9-9-9 -9-9-9-9-9-9-9-9-9-9-9-9-9-9-9-9-9-9-9-9-9-9-9-9-9    -910860848847401090414163 3 363121152 7 7 7
4821 00 0-9 -9-9-9 -9-9-9-9-9-9-9-9-9-9-9-9-9-9-9-9-9-9-9-9-9-9-9-9-9    -9 5687298481804240414163 19815516141 61015
4822 60 0 1 684141 681111 6 130-9 1 1 6 6 6 6 6 6 6 6 6 6 6 6 1 6 8-9  959917061895445412740414153 4 614421151 6 4 4
4823 01 0 1 684141 68-9 6 4 1 0-9 2 6 1 6 6 6 6 6 6 6 6 6 6 6 1 1 8-9 1495116291273271101640414153 4 264521143-9-9-9
4824 01 0 1 684141 68-9 5 1 6 0 5 2 1 6 6 6 6 6 6 6 6 6 6 6 6 1 1 9-9 3683811374596963608490414153 4 414121151 6 4 7
4825 00 0-9 -9-9-9 -9-9-9-9-9-9-9-9-9-9-9-9-9-9-9-9-9-9-9-9-9-9-9-9-9    -910860848847401090414153 49764221147-9-9-9
4826 00 0-9 -9-9-9 -9-9-9-9-9-9-9-9-9-9-9-9-9-9-9-9-9-9-9-9-9-9-9-9-9    -916291273271101640414153 4 464321151 9 5 4
4827100 0 1 684141 682121 1 1 0 1 1 1 6 6 6 6 6 6 6 6 6 6 6 6 6 6 9-9  778311374596963608490414153 4 414321151 6 413
4828 00 0-9 -9-9-9 -9-9-9-9-9-9-9-9-9-9-9-9-9-9-9-9-9-9-9-9-9-9-9-9-9    -928436492409021240414153 5 815121151 612 7
4829 00 0-9 -9-9-9 -9-9-9-9-9-9-9-9-9-9-9-9-9-9-9-9-9-9-9-9-9-9-9-9-9    -910860848847401090414153 5 563921187-9-9-9
4830 00 0-9 -9-9-9 -9-9-9-9-9-9-9-9-9-9-9-9-9-9-9-9-9-9-9-9-9-9-9-9-9    -9 5430424423700540414153 3 263646162 6 815
4831 10 0 1 684141 682121 6 050-9 2 6 1 6 6 6 6 6 6 6 6 6 6 6 1 1 8-9  446116291273271101640414153 3 261816134-9-9-9
4832 00 0-9 -9-9-9 -9-9-9-9-9-9-9-9-9-9-9-9-9-9-9-9-9-9-9-9-9-9-9-9-9    -911374596963608490414153 2 115621125-9-9-9
4833 10 0 1 684141 681414 5 130-9 1 1 6 6 6 6 6 6 6 6 6 6 6 6 1 1 4-9 1020611374596963608490414153 3 413321161 612 7
4834 00 0-9 -9-9-9 -9-9-9-9-9-9-9-9-9-9-9-9-9-9-9-9-9-9-9-9-9-9-9-9-9    -910860848847401090414153 4 563421171 716 7
4835 00 0-9 -9-9-9 -9-9-9-9-9-9-9-9-9-9-9-9-9-9-9-9-9-9-9-9-9-9-9-9-9    -910860848847401090414153 3 462616181 7 6 7
4836 00 0-9 -9-9-9 -9-9-9-9-9-9-9-9-9-9-9-9-9-9-9-9-9-9-9-9-9-9-9-9-9    -916291273271101640414153 49761616134-9-9-9
4837 00 0-9 -9-9-9 -9-9-9-9-9-9-9-9-9-9-9-9-9-9-9-9-9-9-9-9-9-9-9-9-9    -916291273271101640414153 3 265936127-9-9-9
4838 00 0-9 -9-9-9 -9-9-9-9-9-9-9-9-9-9-9-9-9-9-9-9-9-9-9-9-9-9-9-9-9    -9 5687298481804240414153 1 112816133-9-9-9
4839 00 0-9 -9-9-9 -9-9-9-9-9-9-9-9-9-9-9-9-9-9-9-9-9-9-9-9-9-9-9-9-9    -911374596963608490414153 2 216821125-9-9-9
4840 00 0-9 -9-9-9 -9-9-9-9-9-9-9-9-9-9-9-9-9-9-9-9-9-9-9-9-9-9-9-9-9    -910860848847401090414153 3 363621157-9-9-9
4841 00 0-9 -9-9-9 -9-9-9-9-9-9-9-9-9-9-9-9-9-9-9-9-9-9-9-9-9-9-9-9-9    -911374596963608490414153 2 316621125-9-9-9
4842 00 0-9 -9-9-9 -9-9-9-9-9-9-9-9-9-9-9-9-9-9-9-9-9-9-9-9-9-9-9-9-9    -910587472481947680414161 29763021147-9-9-9
4843 00 0-9 -9-9-9 -9-9-9-9-9-9-9-9-9-9-9-9-9-9-9-9-9-9-9-9-9-9-9-9-9    -916632433712711330414161 3 211916143-9-9-9
4844 00 0-9 -9-9-9 -9-9-9-9-9-9-9-9-9-9-9-9-9-9-9-9-9-9-9-9-9-9-9-9-9    -910587472481947680414161 2 265821125-9-9-9
4845 00 0-9 -9-9-9 -9-9-9-9-9-9-9-9-9-9-9-9-9-9-9-9-9-9-9-9-9-9-9-9-9    -910587472481947680414161 2 366146125-9-9-9
4846 00 0-9 -9-9-9 -9-9-9-9-9-9-9-9-9-9-9-9-9-9-9-9-9-9-9-9-9-9-9-9-9    -910587472481947680414161 5 263721143-9-9-9
4847 10 0 1 684141 68-929 1 230 2 2 1 6 6 6 6 6 6 6 6 6 6 6 6 6 1 1-9 1391211088289141807550414161 4 414121141 6 4 6
4848 00 0-9 -9-9-9 -9-9-9-9-9-9-9-9-9-9-9-9-9-9-9-9-9-9-9-9-9-9-9-9-9    -910587472481947680414161 4 263121147-9-9-9
4849 00 0-9 -9-9-9 -9-9-9-9-9-9-9-9-9-9-9-9-9-9-9-9-9-9-9-9-9-9-9-9-9    -911088289141807550414161 4 113321143-9-9-9
4850 00 0-9 -9-9-9 -9-9-9-9-9-9-9-9-9-9-9-9-9-9-9-9-9-9-9-9-9-9-9-9-9    -910587472481947680414161 4 163221233-9-9-9
4851 00 0-9 -9-9-9 -9-9-9-9-9-9-9-9-9-9-9-9-9-9-9-9-9-9-9-9-9-9-9-9-9    -9 5544144570903770414161 1 218536125-9-9-9
4852 20 0 1 684141 681414 4 2 0-9 1 1 6 6 6 6 6 6 6 6 6 6 6 6 1 6 8-9 1230511306182098793990414142 39815041141 611 6
4853 00 0-9 -9-9-9 -9-9-9-9-9-9-9-9-9-9-9-9-9-9-9-9-9-9-9-9-9-9-9-9-9    -910795524026834440414142 4 564621152 6 5 7
4854 00 0-9 -9-9-9 -9-9-9-9-9-9-9-9-9-9-9-9-9-9-9-9-9-9-9-9-9-9-9-9-9    -911306182098793990414142 29713721141 616 6
4855 00 0-9 -9-9-9 -9-9-9-9-9-9-9-9-9-9-9-9-9-9-9-9-9-9-9-9-9-9-9-9-9    -911306182098793990414142 2 216321143-9-9-9
4856 10 0 1 684141 682121 6 115-9 2 6 1 6 6 6 6 6 6 6 6 6 6 6 1 1 5-9  620810795524026834440414142 4 764121191 6 216
4857 00 0-9 -9-9-9 -9-9-9-9-9-9-9-9-9-9-9-9-9-9-9-9-9-9-9-9-9-9-9-9-9    -911306182098793990414142 2 115821143-9-9-9
4858 00 0-9 -9-9-9 -9-9-9-9-9-9-9-9-9-9-9-9-9-9-9-9-9-9-9-9-9-9-9-9-9    -928265455246984980414142 6 112116144-9-9-9
4859 00 0-9 -9-9-9 -9-9-9-9-9-9-9-9-9-9-9-9-9-9-9-9-9-9-9-9-9-9-9-9-9    -910795524026834440414142 3 564321171 6 915
4860 00 0-9 -9-9-9 -9-9-9-9-9-9-9-9-9-9-9-9-9-9-9-9-9-9-9-9-9-9-9-9-9    -910795524026834440414142 2 263121192 7 610
4861 10 0 1 684141 682121 4 1 0-9 2 1 6 6 6 6 6 6 6 6 6 6 6 6 6 1 8-9  8181 5397762013417220414142 1 262916191 7 6 9
4862 00 0-9 -9-9-9 -9-9-9-9-9-9-9-9-9-9-9-9-9-9-9-9-9-9-9-9-9-9-9-9-9    -917061895445412740414143 3 213416121 71517
4863 00 0-9 -9-9-9 -9-9-9-9-9-9-9-9-9-9-9-9-9-9-9-9-9-9-9-9-9-9-9-9-9    -9 5430424423700540414143 1 267536125-9-9-9
4864 00 0-9 -9-9-9 -9-9-9-9-9-9-9-9-9-9-9-9-9-9-9-9-9-9-9-9-9-9-9-9-9    -9 5430424423700540414143 1 268536125-9-9-9
4865 00 0-9 -9-9-9 -9-9-9-9-9-9-9-9-9-9-9-9-9-9-9-9-9-9-9-9-9-9-9-9-9    -910860848847401090414143 49764121143-9-9-9
4866 00 0-9 -9-9-9 -9-9-9-9-9-9-9-9-9-9-9-9-9-9-9-9-9-9-9-9-9-9-9-9-9    -910860848847401090414143 2 166121123-9-9-9
4867 00 0-9 -9-9-9 -9-9-9-9-9-9-9-9-9-9-9-9-9-9-9-9-9-9-9-9-9-9-9-9-9    -9 5430424423700540414143 1 267036125-9-9-9
4868 00 0-9 -9-9-9 -9-9-9-9-9-9-9-9-9-9-9-9-9-9-9-9-9-9-9-9-9-9-9-9-9    -910860848847401090414143 2 265421127-9-9-9
4869 00 0-9 -9-9-9 -9-9-9-9-9-9-9-9-9-9-9-9-9-9-9-9-9-9-9-9-9-9-9-9-9    -9 5687298481804240414143 1 114416143-9-9-9
4870 00 0-9 -9-9-9 -9-9-9-9-9-9-9-9-9-9-9-9-9-9-9-9-9-9-9-9-9-9-9-9-9    -910860848847401090414143 2 165416123-9-9-9
4871 00 0-9 -9-9-9 -9-9-9-9-9-9-9-9-9-9-9-9-9-9-9-9-9-9-9-9-9-9-9-9-9    -916291273271101640414143 3 265221125-9-9-9
4872 00 0-9 -9-9-9 -9-9-9-9-9-9-9-9-9-9-9-9-9-9-9-9-9-9-9-9-9-9-9-9-9    -910860848847401090414163 2 165736123-9-9-9
4873 80 0 1 684141 68 4 4 1 445 2 1 1 6 6 6 6 6 6 6 6 6 6 6 6 1 6 9-9 3271222749193927216990414163 49715321141 61415
4874 00 0-9 -9-9-9 -9-9-9-9-9-9-9-9-9-9-9-9-9-9-9-9-9-9-9-9-9-9-9-9-9    -916291273271101640414163 4 364921181 6 216
4875 00 0-9 -9-9-9 -9-9-9-9-9-9-9-9-9-9-9-9-9-9-9-9-9-9-9-9-9-9-9-9-9    -9 5430424423700540414163 19768036125-9-9-9
4876 10 0 1 684141 68-921 1 130 5 1 6 1 6 6 6 6 6 6 6 6 6 6 6 1 6 8-9  748617061895445412740414163 3 112916142 716 3
4877 00 0-9 -9-9-9 -9-9-9-9-9-9-9-9-9-9-9-9-9-9-9-9-9-9-9-9-9-9-9-9-9    -921721697694802180414163 49761616134-9-9-9
4878 00 0-9 -9-9-9 -9-9-9-9-9-9-9-9-9-9-9-9-9-9-9-9-9-9-9-9-9-9-9-9-9    -911374596963608490414163 39714521131 614 6
4879 10 0 1 684141 68-923 6 6 0-9 2 6 6 6 6 6 6 1 6 6 6 6 6 6 1 1-912 2644016291273271101640414163 3 564721141 71015
4880 00 0-9 -9-9-9 -9-9-9-9-9-9-9-9-9-9-9-9-9-9-9-9-9-9-9-9-9-9-9-9-9    -922749193927216990414163 49711916131 810 1
4881 00 0-9 -9-9-9 -9-9-9-9-9-9-9-9-9-9-9-9-9-9-9-9-9-9-9-9-9-9-9-9-9    -910860848847401090414163 2 262411141 7 7 7
4882 00 0-9 -9-9-9 -9-9-9-9-9-9-9-9-9-9-9-9-9-9-9-9-9-9-9-9-9-9-9-9-9    -9 5430424423700540414153 2 265236143-9-9-9
4883 00 0-9 -9-9-9 -9-9-9-9-9-9-9-9-9-9-9-9-9-9-9-9-9-9-9-9-9-9-9-9-9    -916291273271101640414153 39765421142 4 7 7
4884 10 0 1 684141 68-921 6 155-9 1 1 6 6 6 6 6 6 6 6 6 6 6 6 1 6 4-9  721811374596963608490414153 4 514021171 6 513
4885 00 0-9 -9-9-9 -9-9-9-9-9-9-9-9-9-9-9-9-9-9-9-9-9-9-9-9-9-9-9-9-9    -916291273271101640414153 3 365521147-9-9-9
4886 80 0 1 684141 681414 1 2 0 2 1 6 6 6 6 6 6 6 6 6 6 6 1 6 6 611-9 1260011374596963608490414153 3 413621161 614 8
4887 00 0-9 -9-9-9 -9-9-9-9-9-9-9-9-9-9-9-9-9-9-9-9-9-9-9-9-9-9-9-9-9    -911374596963608490414153 3 114021141 615 3
4888 00 0-9 -9-9-9 -9-9-9-9-9-9-9-9-9-9-9-9-9-9-9-9-9-9-9-9-9-9-9-9-9    -910860848847401090414153 3 162821142 91516
4889 00 0-9 -9-9-9 -9-9-9-9-9-9-9-9-9-9-9-9-9-9-9-9-9-9-9-9-9-9-9-9-9    -911374596963608490414153 4 213921143-9-9-9
4890 00 0-9 -9-9-9 -9-9-9-9-9-9-9-9-9-9-9-9-9-9-9-9-9-9-9-9-9-9-9-9-9    -916291273271101640414153 3 562416181 6 217
4891 00 0-9 -9-9-9 -9-9-9-9-9-9-9-9-9-9-9-9-9-9-9-9-9-9-9-9-9-9-9-9-9    -917061895445412740414153 3 212316154-9-9-9
4892 00 0-9 -9-9-9 -9-9-9-9-9-9-9-9-9-9-9-9-9-9-9-9-9-9-9-9-9-9-9-9-9    -922176578283615100414141 4 216321135-9-9-9
4893 00 0-9 -9-9-9 -9-9-9-9-9-9-9-9-9-9-9-9-9-9-9-9-9-9-9-9-9-9-9-9-9    -911088289141807550414141 2 513811152 112 7
4894 00 0-9 -9-9-9 -9-9-9-9-9-9-9-9-9-9-9-9-9-9-9-9-9-9-9-9-9-9-9-9-9    -922176578283615100414141 5 415521133-9-9-9
4895 10 0 1 684141 681111 6 145-9 1 6 6 6 6 6 1 6 6 6 6 6 6 6 1 6-9 3  6613 5293736240973840414141 1 265816136-9-9-9
4896 00 0-9 -9-9-9 -9-9-9-9-9-9-9-9-9-9-9-9-9-9-9-9-9-9-9-9-9-9-9-9-9    -926468681204869200414141 5 665921137-9-9-9
4897 00 0-9 -9-9-9 -9-9-9-9-9-9-9-9-9-9-9-9-9-9-9-9-9-9-9-9-9-9-9-9-9    -911088289141807550414141 2 216421145-9-9-9
4898 10 0 1 684141 682121 9 130-9 1 1 6 6 6 6 6 6 6 6 6 6 6 6 1 6 1-9  547216632433712711330414141 3 716621155-9-9-9
4899 00 0-9 -9-9-9 -9-9-9-9-9-9-9-9-9-9-9-9-9-9-9-9-9-9-9-9-9-9-9-9-9    -9 5293736240973840414141 1 267936145-9-9-9
4900 22 1 1 684141  3-9-9 1 230 4 2 6 6 6 6 6 6 6 6 6 1 6 6 6 1 1-9 720106311088289141807550414141 4 713521181 6 4 7
4901 00 0-9 -9-9-9 -9-9-9-9-9-9-9-9-9-9-9-9-9-9-9-9-9-9-9-9-9-9-9-9-9    -9 5430424423700540414123 1 266336115-9-9-9
4902 00 0-9 -9-9-9 -9-9-9-9-9-9-9-9-9-9-9-9-9-9-9-9-9-9-9-9-9-9-9-9-9    -9 5430424423700540414123 2 262216132 7 216
4903 00 0-9 -9-9-9 -9-9-9-9-9-9-9-9-9-9-9-9-9-9-9-9-9-9-9-9-9-9-9-9-9    -910860848847401090414123 69863541137-9-9-9
4904 00 0-9 -9-9-9 -9-9-9-9-9-9-9-9-9-9-9-9-9-9-9-9-9-9-9-9-9-9-9-9-9    -911374596963608490414123 7 214821113-9-9-9
4905 00 0-9 -9-9-9 -9-9-9-9-9-9-9-9-9-9-9-9-9-9-9-9-9-9-9-9-9-9-9-9-9    -9 5687298481804240414123 19817326115-9-9-9
4906 00 0-9 -9-9-9 -9-9-9-9-9-9-9-9-9-9-9-9-9-9-9-9-9-9-9-9-9-9-9-9-9    -910860848847401090414123 2 367721125-9-9-9
4907 00 0-9 -9-9-9 -9-9-9-9-9-9-9-9-9-9-9-9-9-9-9-9-9-9-9-9-9-9-9-9-9    -910860848847401090414123 4 162321127-9-9-9
4908 00 0-9 -9-9-9 -9-9-9-9-9-9-9-9-9-9-9-9-9-9-9-9-9-9-9-9-9-9-9-9-9    -928436492409021240414123 5 214646133-9-9-9
4909 00 0-9 -9-9-9 -9-9-9-9-9-9-9-9-9-9-9-9-9-9-9-9-9-9-9-9-9-9-9-9-9    -916291273271101640414123 4 365521117-9-9-9
4910 00 0-9 -9-9-9 -9-9-9-9-9-9-9-9-9-9-9-9-9-9-9-9-9-9-9-9-9-9-9-9-9    -911374596963608490414123 2 315621121 71514
4911 00 0-9 -9-9-9 -9-9-9-9-9-9-9-9-9-9-9-9-9-9-9-9-9-9-9-9-9-9-9-9-9    -910860848847401090414123 3 763926193-9-9-9
4912 00 0-9 -9-9-9 -9-9-9-9-9-9-9-9-9-9-9-9-9-9-9-9-9-9-9-9-9-9-9-9-9    -916291273271101640414123 4 464546142 615 9
4913 00 0-9 -9-9-9 -9-9-9-9-9-9-9-9-9-9-9-9-9-9-9-9-9-9-9-9-9-9-9-9-9    -910860848847401090414123 2 267136125-9-9-9
4914 00 0-9 -9-9-9 -9-9-9-9-9-9-9-9-9-9-9-9-9-9-9-9-9-9-9-9-9-9-9-9-9    -910860848847401090414123 2 267921125-9-9-9
4915 00 0-9 -9-9-9 -9-9-9-9-9-9-9-9-9-9-9-9-9-9-9-9-9-9-9-9-9-9-9-9-9    -910860848847401090414123 4 764621146-9-9-9
4916 00 0-9 -9-9-9 -9-9-9-9-9-9-9-9-9-9-9-9-9-9-9-9-9-9-9-9-9-9-9-9-9    -916291273271101640414123 5 463726173-9-9-9
4917 00 0-9 -9-9-9 -9-9-9-9-9-9-9-9-9-9-9-9-9-9-9-9-9-9-9-9-9-9-9-9-9    -910860848847401090414123 4 463621147-9-9-9
4918 20 0 1 684141 681211 1 130 3 2 1 6 6 6 6 6 6 6 6 6 6 6 6 1 1 1-9 1332011374596963608490414123 2 413721191 6 216
4919 00 0-9 -9-9-9 -9-9-9-9-9-9-9-9-9-9-9-9-9-9-9-9-9-9-9-9-9-9-9-9-9    -916291273271101640414123 4 564521143-9-9-9
4920 00 0-9 -9-9-9 -9-9-9-9-9-9-9-9-9-9-9-9-9-9-9-9-9-9-9-9-9-9-9-9-9    -922749193927216990414123 4 515521161 1 1 7
4921 00 0-9 -9-9-9 -9-9-9-9-9-9-9-9-9-9-9-9-9-9-9-9-9-9-9-9-9-9-9-9-9    -910860848847401090414123 2 366621135-9-9-9
4922 00 0-9 -9-9-9 -9-9-9-9-9-9-9-9-9-9-9-9-9-9-9-9-9-9-9-9-9-9-9-9-9    -922749193927216990414123 5 515021141 6 4 5
4923 00 0-9 -9-9-9 -9-9-9-9-9-9-9-9-9-9-9-9-9-9-9-9-9-9-9-9-9-9-9-9-9    -910860848847401090414123 4 663821143-9-9-9
4924 00 0-9 -9-9-9 -9-9-9-9-9-9-9-9-9-9-9-9-9-9-9-9-9-9-9-9-9-9-9-9-9    -917061895445412740414123 3 611916144-9-9-9
4925 00 0-9 -9-9-9 -9-9-9-9-9-9-9-9-9-9-9-9-9-9-9-9-9-9-9-9-9-9-9-9-9    -910860848847401090414123 4 164021142 61520
4926 10 0 1 684141 681111 9 045-9 1 6 1 6 6 6 6 6 6 6 6 6 6 6 1 6 8-9  672610860848847401090414123 4 663821161 5 5 8
4927 00 0-9 -9-9-9 -9-9-9-9-9-9-9-9-9-9-9-9-9-9-9-9-9-9-9-9-9-9-9-9-9    -911374596963608490414123 4 513921151 1 1 7
4928 00 0-9 -9-9-9 -9-9-9-9-9-9-9-9-9-9-9-9-9-9-9-9-9-9-9-9-9-9-9-9-9    -9 5430424423700540414123 19768036125-9-9-9
4929 00 0-9 -9-9-9 -9-9-9-9-9-9-9-9-9-9-9-9-9-9-9-9-9-9-9-9-9-9-9-9-9    -910860848847401090414123 3 363221153-9-9-9
4930 00 0-9 -9-9-9 -9-9-9-9-9-9-9-9-9-9-9-9-9-9-9-9-9-9-9-9-9-9-9-9-9    -921721697694802180414123 49762616182 7 5 7
4931 20 0 1 684141 681111 4 110-9 2 1 6 6 6 6 6 6 6 6 6 6 6 6 1 1 7-9  802211374596963608490414123 2 513921191 6 515
4932 00 0-9 -9-9-9 -9-9-9-9-9-9-9-9-9-9-9-9-9-9-9-9-9-9-9-9-9-9-9-9-9    -911374596963608490414123 29815616133-9-9-9
4933 00 0-9 -9-9-9 -9-9-9-9-9-9-9-9-9-9-9-9-9-9-9-9-9-9-9-9-9-9-9-9-9    -917061895445412740414123 39711616134-9-9-9
4934 00 0-9 -9-9-9 -9-9-9-9-9-9-9-9-9-9-9-9-9-9-9-9-9-9-9-9-9-9-9-9-9    -928436492409021240414123 5 212016142 7 7 9
4935 00 0-9 -9-9-9 -9-9-9-9-9-9-9-9-9-9-9-9-9-9-9-9-9-9-9-9-9-9-9-9-9    -910860848847401090414123 49864721147-9-9-9
4936 00 0-9 -9-9-9 -9-9-9-9-9-9-9-9-9-9-9-9-9-9-9-9-9-9-9-9-9-9-9-9-9    -9 5430424423700540414123 2 564446191 6 315
4937 00 0-9 -9-9-9 -9-9-9-9-9-9-9-9-9-9-9-9-9-9-9-9-9-9-9-9-9-9-9-9-9    -911374596963608490414123 39813621163-9-9-9
4938 00 0-9 -9-9-9 -9-9-9-9-9-9-9-9-9-9-9-9-9-9-9-9-9-9-9-9-9-9-9-9-9    -910860848847401090414123 3 263321171 4 7 7
4939 00 0-9 -9-9-9 -9-9-9-9-9-9-9-9-9-9-9-9-9-9-9-9-9-9-9-9-9-9-9-9-9    -921721697694802180414123 49762416143-9-9-9
4940 10 0 1 684141 682121 6 130-9 2 1 6 6 6 6 6 6 6 6 6 6 6 6 1 1 9-9  809311374596963608490414123 39813421141 711 6
4941 00 0-9 -9-9-9 -9-9-9-9-9-9-9-9-9-9-9-9-9-9-9-9-9-9-9-9-9-9-9-9-9    -911374596963608490414123 2 112416193-9-9-9
4942 00 0-9 -9-9-9 -9-9-9-9-9-9-9-9-9-9-9-9-9-9-9-9-9-9-9-9-9-9-9-9-9    -9 5430424423700540414123 3 162616133-9-9-9
4943 00 0-9 -9-9-9 -9-9-9-9-9-9-9-9-9-9-9-9-9-9-9-9-9-9-9-9-9-9-9-9-9    -911374596963608490414123 2 213121183-9-9-9
4944 00 0-9 -9-9-9 -9-9-9-9-9-9-9-9-9-9-9-9-9-9-9-9-9-9-9-9-9-9-9-9-9    -922749193927216990414123 7 113421133-9-9-9
4945 00 0-9 -9-9-9 -9-9-9-9-9-9-9-9-9-9-9-9-9-9-9-9-9-9-9-9-9-9-9-9-9    -910860848847401090414123 2 266021127-9-9-9
4946 00 0-9 -9-9-9 -9-9-9-9-9-9-9-9-9-9-9-9-9-9-9-9-9-9-9-9-9-9-9-9-9    -921721697694802180414123 69861716134-9-9-9
4947 00 0-9 -9-9-9 -9-9-9-9-9-9-9-9-9-9-9-9-9-9-9-9-9-9-9-9-9-9-9-9-9    -911374596963608490414123 5 113411132 4 7 7
4948 00 0-9 -9-9-9 -9-9-9-9-9-9-9-9-9-9-9-9-9-9-9-9-9-9-9-9-9-9-9-9-9    -9 5430424423700540414123 1 166736115-9-9-9
4949 00 0-9 -9-9-9 -9-9-9-9-9-9-9-9-9-9-9-9-9-9-9-9-9-9-9-9-9-9-9-9-9    -9 5430424423700540414123 3 163126133-9-9-9
4950 00 0-9 -9-9-9 -9-9-9-9-9-9-9-9-9-9-9-9-9-9-9-9-9-9-9-9-9-9-9-9-9    -9 5430424423700540414123 2 264416121 71515
4951 00 0-9 -9-9-9 -9-9-9-9-9-9-9-9-9-9-9-9-9-9-9-9-9-9-9-9-9-9-9-9-9    -910860848847401090414123 29864821147-9-9-9
4952 00 0-9 -9-9-9 -9-9-9-9-9-9-9-9-9-9-9-9-9-9-9-9-9-9-9-9-9-9-9-9-9    -910860848847401090414123 2 263921257-9-9-9
4953 00 0-9 -9-9-9 -9-9-9-9-9-9-9-9-9-9-9-9-9-9-9-9-9-9-9-9-9-9-9-9-9    -911374596963608490414123 4 214021141 6 4 3
4954 10 0 1 684141 68-91410 330-9 1 6 6 6 6 6 6 6 6 6 6 6 6 1 1 6-9-1 12702 5430424423700540414123 3 163446143-9-9-9
4955 00 0-9 -9-9-9 -9-9-9-9-9-9-9-9-9-9-9-9-9-9-9-9-9-9-9-9-9-9-9-9-9    -916291273271101640414123 4 362416171 7 6 7
4956 00 0-9 -9-9-9 -9-9-9-9-9-9-9-9-9-9-9-9-9-9-9-9-9-9-9-9-9-9-9-9-9    -9 5430424423700540414123 1 167536127-9-9-9
4957 00 0-9 -9-9-9 -9-9-9-9-9-9-9-9-9-9-9-9-9-9-9-9-9-9-9-9-9-9-9-9-9    -910860848847401090414123 2 363416171 6 5 7
4958 00 0-9 -9-9-9 -9-9-9-9-9-9-9-9-9-9-9-9-9-9-9-9-9-9-9-9-9-9-9-9-9    -9 5687298481804240414123 19813216143-9-9-9
4959 00 0-9 -9-9-9 -9-9-9-9-9-9-9-9-9-9-9-9-9-9-9-9-9-9-9-9-9-9-9-9-9    -910860848847401090414123 39863341168-9-9-9
4960 00 0-9 -9-9-9 -9-9-9-9-9-9-9-9-9-9-9-9-9-9-9-9-9-9-9-9-9-9-9-9-9    -917061895445412740414123 4 314421141 712 7
4961 00 0-9 -9-9-9 -9-9-9-9-9-9-9-9-9-9-9-9-9-9-9-9-9-9-9-9-9-9-9-9-9    -910860848847401090414123 3 265036127-9-9-9
4962 00 0-9 -9-9-9 -9-9-9-9-9-9-9-9-9-9-9-9-9-9-9-9-9-9-9-9-9-9-9-9-9    -9 5430424423700540414123 1 168936128-9-9-9
4963 00 0-9 -9-9-9 -9-9-9-9-9-9-9-9-9-9-9-9-9-9-9-9-9-9-9-9-9-9-9-9-9    -911374596963608490414123 3 213721141 1 7 7
4964 10 0 1 684141 681111 1 1 0 5 2 6 1 6 6 6 6 6 6 6 6 6 6 6 1 1 9-9  676211374596963608490414123 3 613611151 6 915
4965 00 0-9 -9-9-9 -9-9-9-9-9-9-9-9-9-9-9-9-9-9-9-9-9-9-9-9-9-9-9-9-9    -916291273271101640414123 3 466016165-9-9-9
4966 00 0-9 -9-9-9 -9-9-9-9-9-9-9-9-9-9-9-9-9-9-9-9-9-9-9-9-9-9-9-9-9    -921721697694802180414123 4 265121121 616 3
4967 00 0-9 -9-9-9 -9-9-9-9-9-9-9-9-9-9-9-9-9-9-9-9-9-9-9-9-9-9-9-9-9    -9 5430424423700540414123 1 463016191 7 3 6
4968 00 0-9 -9-9-9 -9-9-9-9-9-9-9-9-9-9-9-9-9-9-9-9-9-9-9-9-9-9-9-9-9    -9 5430424423700540414123 19768036125-9-9-9
4969 00 0-9 -9-9-9 -9-9-9-9-9-9-9-9-9-9-9-9-9-9-9-9-9-9-9-9-9-9-9-9-9    -922749193927216990414123 4 515021161 61519
4970 01 0 1 684141 68-928 8 8 0-9 2 1 6 6 6 6 6 6 6 6 6 6 6 6 1 1 8-9 4048411374596963608490414123 2 713621191 6 3 7
4971 00 0-9 -9-9-9 -9-9-9-9-9-9-9-9-9-9-9-9-9-9-9-9-9-9-9-9-9-9-9-9-9    -910860848847401090414123 2 462621138-9-9-9
4972 10 0 1 684141 682121 4 130-9 1 6 1 6 6 6 6 6 6 6 6 6 6 6 1 6 8-9  956117061895445412740414123 3 417521125-9-9-9
4973 00 0-9 -9-9-9 -9-9-9-9-9-9-9-9-9-9-9-9-9-9-9-9-9-9-9-9-9-9-9-9-9    -916291273271101640414123 4 465221148-9-9-9
4974 10 0 1 684141 68-911 6 120-9 1 1 6 6 6 6 6 6 6 6 6 6 6 6 1 6 8-9  830217061895445412740414123 3 315521133-9-9-9
4975 00 0-9 -9-9-9 -9-9-9-9-9-9-9-9-9-9-9-9-9-9-9-9-9-9-9-9-9-9-9-9-9    -910860848847401090414123 2 565221141 61514
4976 00 0-9 -9-9-9 -9-9-9-9-9-9-9-9-9-9-9-9-9-9-9-9-9-9-9-9-9-9-9-9-9    -911374596963608490414123 3 112921342 112 7
4977 00 0-9 -9-9-9 -9-9-9-9-9-9-9-9-9-9-9-9-9-9-9-9-9-9-9-9-9-9-9-9-9    -9 5430424423700540414123 1 266836135-9-9-9
4978 00 0-9 -9-9-9 -9-9-9-9-9-9-9-9-9-9-9-9-9-9-9-9-9-9-9-9-9-9-9-9-9    -922749193927216990414123 4 514916156-9-9-9
4979 00 0-9 -9-9-9 -9-9-9-9-9-9-9-9-9-9-9-9-9-9-9-9-9-9-9-9-9-9-9-9-9    -922749193927216990414123 4 316621145-9-9-9
4980 00 0-9 -9-9-9 -9-9-9-9-9-9-9-9-9-9-9-9-9-9-9-9-9-9-9-9-9-9-9-9-9    -917061895445412740414123 4 314821161 614 8
4981 10 0 1 684141 682121 8 230-9 2 6 1 6 6 6 6 6 6 6 6 6 6 6 1 1 8-9  810610860848847401090414123 2 364721147-9-9-9
4982 00 0-9 -9-9-9 -9-9-9-9-9-9-9-9-9-9-9-9-9-9-9-9-9-9-9-9-9-9-9-9-9    -917061895445412740414123 4 814621171 4 7 9
4983 10 0 1 684141 681111 4 1 0-9 2 1 6 6 6 6 6 6 6 6 6 6 6 6 1 1 1-9  672616291273271101640414123 4 161816144-9-9-9
4984 00 0-9 -9-9-9 -9-9-9-9-9-9-9-9-9-9-9-9-9-9-9-9-9-9-9-9-9-9-9-9-9    -934123790890825490414123 6 816221142 41314
4985 00 0-9 -9-9-9 -9-9-9-9-9-9-9-9-9-9-9-9-9-9-9-9-9-9-9-9-9-9-9-9-9    -9 5687298481804240414123 1 213426143-9-9-9
4986 00 0-9 -9-9-9 -9-9-9-9-9-9-9-9-9-9-9-9-9-9-9-9-9-9-9-9-9-9-9-9-9    -9 5430424423700540414123 1 364116151 6 817
4987 40 0 1 684141 682121 6 2 0-9 1 6 1 6 6 6 6 6 6 6 6 6 6 6 1 6 1-9  898611374596963608490414123 2 415021123-9-9-9
4988 00 0-9 -9-9-9 -9-9-9-9-9-9-9-9-9-9-9-9-9-9-9-9-9-9-9-9-9-9-9-9-9    -910860848847401090414123 4 563121241 4 7 9
4989 21 0 1 684141 682121 1 230 2 1 1 6 6 6 6 6 6 6 6 6 6 6 6 6 611-9  898211374596963608490414123 4 813721181 6 7 7
4990 00 0-9 -9-9-9 -9-9-9-9-9-9-9-9-9-9-9-9-9-9-9-9-9-9-9-9-9-9-9-9-9    -910860848847401090414123 4 663421172 7 514
4991 00 0-9 -9-9-9 -9-9-9-9-9-9-9-9-9-9-9-9-9-9-9-9-9-9-9-9-9-9-9-9-9    -911088289141807550414121 2 213716183-9-9-9
4992 10 0 1 684141 682121 8 130-9 2 1 6 6 6 6 6 6 6 6 6 6 6 6 1 1 1-9 1188311088289141807550414121 3 213821143-9-9-9
4993 00 0-9 -9-9-9 -9-9-9-9-9-9-9-9-9-9-9-9-9-9-9-9-9-9-9-9-9-9-9-9-9    -915881208722921520414121 4 363921147-9-9-9
4994 00 0-9 -9-9-9 -9-9-9-9-9-9-9-9-9-9-9-9-9-9-9-9-9-9-9-9-9-9-9-9-9    -910587472481947680414121 29865916165-9-9-9
4995 00 0-9 -9-9-9 -9-9-9-9-9-9-9-9-9-9-9-9-9-9-9-9-9-9-9-9-9-9-9-9-9    -911088289141807550414121 2 413821141 614 8
4996 00 0-9 -9-9-9 -9-9-9-9-9-9-9-9-9-9-9-9-9-9-9-9-9-9-9-9-9-9-9-9-9    -911088289141807550414121 5 213921163-9-9-9
4997 00 0-9 -9-9-9 -9-9-9-9-9-9-9-9-9-9-9-9-9-9-9-9-9-9-9-9-9-9-9-9-9    -910587472481947680414121 3 463111142 71514
4998 10 0 1 684141 681111 6 130-9 1 1 6 6 6 6 6 6 6 6 6 6 6 6 1 1 8-9  770311088289141807550414121 3 313221161 616 8
4999 00 0-9 -9-9-9 -9-9-9-9-9-9-9-9-9-9-9-9-9-9-9-9-9-9-9-9-9-9-9-9-9    -910587472481947680414121 4 563711168-9-9-9
5000 00 0-9 -9-9-9 -9-9-9-9-9-9-9-9-9-9-9-9-9-9-9-9-9-9-9-9-9-9-9-9-9    -911088289141807550414121 2 413611171 6 513
5001 00 0-9 -9-9-9 -9-9-9-9-9-9-9-9-9-9-9-9-9-9-9-9-9-9-9-9-9-9-9-9-9    -910860848847401090414123 4 464021137-9-9-9
5002 00 0-9 -9-9-9 -9-9-9-9-9-9-9-9-9-9-9-9-9-9-9-9-9-9-9-9-9-9-9-9-9    -916291273271101640414123 4 464521151 6 718
5003 00 0-9 -9-9-9 -9-9-9-9-9-9-9-9-9-9-9-9-9-9-9-9-9-9-9-9-9-9-9-9-9    -921721697694802180414123 4 864421171 6 4 8
5004 00 0-9 -9-9-9 -9-9-9-9-9-9-9-9-9-9-9-9-9-9-9-9-9-9-9-9-9-9-9-9-9    -922749193927216990414123 49815121151 6 4 4
5005 00 0-9 -9-9-9 -9-9-9-9-9-9-9-9-9-9-9-9-9-9-9-9-9-9-9-9-9-9-9-9-9    -9 5430424423700540414123 1 266736117-9-9-9
5006 00 0-9 -9-9-9 -9-9-9-9-9-9-9-9-9-9-9-9-9-9-9-9-9-9-9-9-9-9-9-9-9    -921721697694802180414123 49766146141 612 3
5007 00 0-9 -9-9-9 -9-9-9-9-9-9-9-9-9-9-9-9-9-9-9-9-9-9-9-9-9-9-9-9-9    -9 5430424423700540414123 2 263816147-9-9-9
5008 00 0-9 -9-9-9 -9-9-9-9-9-9-9-9-9-9-9-9-9-9-9-9-9-9-9-9-9-9-9-9-9    -917061895445412740414123 3 416721125-9-9-9
5009 00 0-9 -9-9-9 -9-9-9-9-9-9-9-9-9-9-9-9-9-9-9-9-9-9-9-9-9-9-9-9-9    -922749193927216990414123 4 811716144-9-9-9
5010 00 0-9 -9-9-9 -9-9-9-9-9-9-9-9-9-9-9-9-9-9-9-9-9-9-9-9-9-9-9-9-9    -916291273271101640414123 3 565721147-9-9-9
5011 00 0-9 -9-9-9 -9-9-9-9-9-9-9-9-9-9-9-9-9-9-9-9-9-9-9-9-9-9-9-9-9    -911306182098793990414122 4 413921151 6 4 3
5012 01 0 1 684141 68-942 4 7 0-9 2 1 6 6 6 6 6 6 6 6 6 6 6 6 1 1 8-9 5563411306182098793990414122 2 516621195-9-9-9
5013 00 0-9 -9-9-9 -9-9-9-9-9-9-9-9-9-9-9-9-9-9-9-9-9-9-9-9-9-9-9-9-9    -916959273148190990414122 49711816154-9-9-9
5014 00 0-9 -9-9-9 -9-9-9-9-9-9-9-9-9-9-9-9-9-9-9-9-9-9-9-9-9-9-9-9-9    -916193286040251660414122 3 462116142 1 719
5015 10 0 1 684141 68-921 6 130-9 2 6 1 6 6 6 6 6 6 6 6 6 6 6 1 1 8-9 1014911306182098793990414122 2 616121155-9-9-9
5016 00 0-9 -9-9-9 -9-9-9-9-9-9-9-9-9-9-9-9-9-9-9-9-9-9-9-9-9-9-9-9-9    -911306182098793990414122 3 514821191 6 216
5017 10 0 1 684141 68-911 6 130-9 1 6 1 6 6 6 6 6 6 6 6 6 6 6 1 6 4-9 1328022612364197587990414122 4 815821151 6 611
5018 00 0-9 -9-9-9 -9-9-9-9-9-9-9-9-9-9-9-9-9-9-9-9-9-9-9-9-9-9-9-9-9    -910795524026834440414122 29864521157-9-9-9
5019 10 0 1 684141 682121 1 1 0 5 1 1 6 6 6 6 6 6 6 6 6 6 6 6 1 6 1-9  893911306182098793990414122 39814421171 6 5 7
5020 00 0-9 -9-9-9 -9-9-9-9-9-9-9-9-9-9-9-9-9-9-9-9-9-9-9-9-9-9-9-9-9    -916959273148190990414122 3 516721135-9-9-9
5021 10 0 1 684141 68-921 6 115-9 2 6 1 6 6 6 6 6 6 6 6 6 6 6 1 1 4-9  839616291273271101640414123 4 664221177-9-9-9
5022 00 0-9 -9-9-9 -9-9-9-9-9-9-9-9-9-9-9-9-9-9-9-9-9-9-9-9-9-9-9-9-9    -917061895445412740414123 4 214621151 6 7 8
5023 00 0-9 -9-9-9 -9-9-9-9-9-9-9-9-9-9-9-9-9-9-9-9-9-9-9-9-9-9-9-9-9    -917061895445412740414123 4 511716144-9-9-9
5024 10 0 1 684141 681111 6 130-9 1 1 6 6 6 6 6 6 6 6 6 6 6 6 1 6 7-9  810717061895445412740414123 4 414421172 612 7
5025 00 0-9 -9-9-9 -9-9-9-9-9-9-9-9-9-9-9-9-9-9-9-9-9-9-9-9-9-9-9-9-9    -910860848847401090414123 2 467936127-9-9-9
5026 00 0-9 -9-9-9 -9-9-9-9-9-9-9-9-9-9-9-9-9-9-9-9-9-9-9-9-9-9-9-9-9    -911374596963608490414123 4 614211191 61514
5027 00 0-9 -9-9-9 -9-9-9-9-9-9-9-9-9-9-9-9-9-9-9-9-9-9-9-9-9-9-9-9-9    -911374596963608490414123 3 414121141 616 6
5028 10 0 1 684141 68-921 6 045-9 2 1 6 6 6 6 6 6 6 6 6 6 6 6 1 1 8-9  489210860848847401090414123 3 463821143-9-9-9
5029 00 0-9 -9-9-9 -9-9-9-9-9-9-9-9-9-9-9-9-9-9-9-9-9-9-9-9-9-9-9-9-9    -910860848847401090414123 4 463921143-9-9-9
5030 00 0-9 -9-9-9 -9-9-9-9-9-9-9-9-9-9-9-9-9-9-9-9-9-9-9-9-9-9-9-9-9    -9 5430424423700540414123 2 263646143-9-9-9
5031 20 0 1 684141 682929 1 2 0 3 2 1 6 6 6 6 6 6 6 6 6 6 6 6 1 1 9-9 1568311374596963608490414163 2 412216141 6 410
5032 00 0-9 -9-9-9 -9-9-9-9-9-9-9-9-9-9-9-9-9-9-9-9-9-9-9-9-9-9-9-9-9    -910860848847401090414163 29865721147-9-9-9
5033 00 0-9 -9-9-9 -9-9-9-9-9-9-9-9-9-9-9-9-9-9-9-9-9-9-9-9-9-9-9-9-9    -910860848847401090414163 3 464541141 6 817
5034 00 0-9 -9-9-9 -9-9-9-9-9-9-9-9-9-9-9-9-9-9-9-9-9-9-9-9-9-9-9-9-9    -910860848847401090414163 4 262311142 91520
5035 00 0-9 -9-9-9 -9-9-9-9-9-9-9-9-9-9-9-9-9-9-9-9-9-9-9-9-9-9-9-9-9    -9 5687298481804240414163 1 113016143-9-9-9
5036 00 0-9 -9-9-9 -9-9-9-9-9-9-9-9-9-9-9-9-9-9-9-9-9-9-9-9-9-9-9-9-9    -9 5687298481804240414163 1 117716135-9-9-9
5037 00 0-9 -9-9-9 -9-9-9-9-9-9-9-9-9-9-9-9-9-9-9-9-9-9-9-9-9-9-9-9-9    -9 5430424423700540414163 1 266636147-9-9-9
5038 00 0-9 -9-9-9 -9-9-9-9-9-9-9-9-9-9-9-9-9-9-9-9-9-9-9-9-9-9-9-9-9    -910860848847401090414163 2 165221147-9-9-9
5039 00 0-9 -9-9-9 -9-9-9-9-9-9-9-9-9-9-9-9-9-9-9-9-9-9-9-9-9-9-9-9-9    -910860848847401090414163 4 364221147-9-9-9
5040 00 0-9 -9-9-9 -9-9-9-9-9-9-9-9-9-9-9-9-9-9-9-9-9-9-9-9-9-9-9-9-9    -917061895445412740414163 3 314821173-9-9-9
5041 10 0 1 684141 682929 7 430-9 1 1 6 6 6 6 6 6 1 6 6 6 6 6 1 6-9-9 17858 5687298481804240414163 2 216446196-9-9-9
5042 00 0-9 -9-9-9 -9-9-9-9-9-9-9-9-9-9-9-9-9-9-9-9-9-9-9-9-9-9-9-9-9    -910860848847401090414163 3 763221173-9-9-9
5043 10 0 1 684141 681818 6 3 0-9 1 6 1 6 6 6 6 6 6 6 6 6 6 6 1 6 9-9 2297828436492409021240414163 5 412526131 411 6
5044 00 0-9 -9-9-9 -9-9-9-9-9-9-9-9-9-9-9-9-9-9-9-9-9-9-9-9-9-9-9-9-9    -910860848847401090414163 2 166721127-9-9-9
5045 00 0-9 -9-9-9 -9-9-9-9-9-9-9-9-9-9-9-9-9-9-9-9-9-9-9-9-9-9-9-9-9    -911374596963608490414163 2 213116163-9-9-9
5046 00 0-9 -9-9-9 -9-9-9-9-9-9-9-9-9-9-9-9-9-9-9-9-9-9-9-9-9-9-9-9-9    -9 5687298481804240414163 19718736125-9-9-9
5047 00 0-9 -9-9-9 -9-9-9-9-9-9-9-9-9-9-9-9-9-9-9-9-9-9-9-9-9-9-9-9-9    -911374596963608490414163 3 214221143-9-9-9
5048 00 0-9 -9-9-9 -9-9-9-9-9-9-9-9-9-9-9-9-9-9-9-9-9-9-9-9-9-9-9-9-9    -910860848847401090414163 3 563521172 6 7 7
5049103 0 1 684141 68-911 1 2 0 2 1 1 6 6 6 6 6 6 6 6 6 6 6 6 1 6 9-9 1140311374596963608490414163 5 813821181 6 413
5050 20 0 1 684141 682121 6 120-9 1 6 1 6 6 6 6 6 6 6 6 6 6 6 1 6 8-9  754617061895445412740414163 3 314721141 414 8
5051 00 0-9 -9-9-9 -9-9-9-9-9-9-9-9-9-9-9-9-9-9-9-9-9-9-9-9-9-9-9-9-9    -911374596963608490414153 4 313826192 6 412
5052 00 0-9 -9-9-9 -9-9-9-9-9-9-9-9-9-9-9-9-9-9-9-9-9-9-9-9-9-9-9-9-9    -916291273271101640414153 49764221161 4 119
5053 00 0-9 -9-9-9 -9-9-9-9-9-9-9-9-9-9-9-9-9-9-9-9-9-9-9-9-9-9-9-9-9    -922749193927216990414153 6 214321132 714 8
5054 00 0-9 -9-9-9 -9-9-9-9-9-9-9-9-9-9-9-9-9-9-9-9-9-9-9-9-9-9-9-9-9    -910860848847401090414153 2 263521173-9-9-9
5055 00 0-9 -9-9-9 -9-9-9-9-9-9-9-9-9-9-9-9-9-9-9-9-9-9-9-9-9-9-9-9-9    -910860848847401090414153 3 363221181 7 216
5056 00 0-9 -9-9-9 -9-9-9-9-9-9-9-9-9-9-9-9-9-9-9-9-9-9-9-9-9-9-9-9-9    -921721697694802180414153 4 263616163-9-9-9
5057 40 0 1 684141 681211 1 230 3 2 1 6 6 6 6 6 6 6 6 6 6 6 6 6 1 9-9 1492717061895445412740414153 4 514921151 7 316
5058 00 0-9 -9-9-9 -9-9-9-9-9-9-9-9-9-9-9-9-9-9-9-9-9-9-9-9-9-9-9-9-9    -921721697694802180414153 5 161916132 9 820
5059 10 0 1 684141 682121 6 130-9 2 6 1 6 6 6 6 6 6 6 6 6 6 6 1 1 8-9  898010860848847401090414153 4 463921177-9-9-9
5060 00 0-9 -9-9-9 -9-9-9-9-9-9-9-9-9-9-9-9-9-9-9-9-9-9-9-9-9-9-9-9-9    -9 5430424423700540414153 1 267236125-9-9-9
5061 00 0-9 -9-9-9 -9-9-9-9-9-9-9-9-9-9-9-9-9-9-9-9-9-9-9-9-9-9-9-9-9    -917061895445412740414153 39719836135-9-9-9
5062 00 0-9 -9-9-9 -9-9-9-9-9-9-9-9-9-9-9-9-9-9-9-9-9-9-9-9-9-9-9-9-9    -911374596963608490414153 2 118921125-9-9-9
5063 00 0-9 -9-9-9 -9-9-9-9-9-9-9-9-9-9-9-9-9-9-9-9-9-9-9-9-9-9-9-9-9    -910860848847401090414153 5 463321143-9-9-9
5064 00 0-9 -9-9-9 -9-9-9-9-9-9-9-9-9-9-9-9-9-9-9-9-9-9-9-9-9-9-9-9-9    -910860848847401090414153 3 863121147-9-9-9
5065 00 0-9 -9-9-9 -9-9-9-9-9-9-9-9-9-9-9-9-9-9-9-9-9-9-9-9-9-9-9-9-9    -9 5430424423700540414153 1 268036125-9-9-9
5066 00 0-9 -9-9-9 -9-9-9-9-9-9-9-9-9-9-9-9-9-9-9-9-9-9-9-9-9-9-9-9-9    -9 5430424423700540414153 1 166316143-9-9-9
5067 10 0 1 684141 682121 1 130 5 1 1 6 6 6 6 6 6 6 6 6 6 6 6 1 6 8-9  821917061895445412740414153 3 814216161 5 7 7
5068 10 0 1 684141 681414 1 130 1 1 1 6 6 6 6 6 6 6 6 6 6 6 6 1 6 4-9 1050128436492409021240414153 5 512516131 711 6
5069 00 0-9 -9-9-9 -9-9-9-9-9-9-9-9-9-9-9-9-9-9-9-9-9-9-9-9-9-9-9-9-9    -922749193927216990414153 4 212016153-9-9-9
5070 00 0-9 -9-9-9 -9-9-9-9-9-9-9-9-9-9-9-9-9-9-9-9-9-9-9-9-9-9-9-9-9    -921721697694802180414153 4 869836125-9-9-9
5071 00 0-9 -9-9-9 -9-9-9-9-9-9-9-9-9-9-9-9-9-9-9-9-9-9-9-9-9-9-9-9-9    -917061895445412740414153 39816521135-9-9-9
5072 00 0-9 -9-9-9 -9-9-9-9-9-9-9-9-9-9-9-9-9-9-9-9-9-9-9-9-9-9-9-9-9    -910860848847401090414153 2 366621125-9-9-9
5073 00 0-9 -9-9-9 -9-9-9-9-9-9-9-9-9-9-9-9-9-9-9-9-9-9-9-9-9-9-9-9-9    -910860848847401090414153 3 563021181 1 216
5074 00 0-9 -9-9-9 -9-9-9-9-9-9-9-9-9-9-9-9-9-9-9-9-9-9-9-9-9-9-9-9-9    -910860848847401090414153 2 461916161 7 6 1
5075 00 0-9 -9-9-9 -9-9-9-9-9-9-9-9-9-9-9-9-9-9-9-9-9-9-9-9-9-9-9-9-9    -921721697694802180414153 59762316184-9-9-9
5076 00 0-9 -9-9-9 -9-9-9-9-9-9-9-9-9-9-9-9-9-9-9-9-9-9-9-9-9-9-9-9-9    -917061895445412740414153 39718421125-9-9-9
5077 00 0-9 -9-9-9 -9-9-9-9-9-9-9-9-9-9-9-9-9-9-9-9-9-9-9-9-9-9-9-9-9    -910860848847401090414153 2 366621125-9-9-9
5078 00 0-9 -9-9-9 -9-9-9-9-9-9-9-9-9-9-9-9-9-9-9-9-9-9-9-9-9-9-9-9-9    -911374596963608490414153 2 118421125-9-9-9
5079 00 0-9 -9-9-9 -9-9-9-9-9-9-9-9-9-9-9-9-9-9-9-9-9-9-9-9-9-9-9-9-9    -9 5430424423700540414153 1 267016125-9-9-9
5080 00 0-9 -9-9-9 -9-9-9-9-9-9-9-9-9-9-9-9-9-9-9-9-9-9-9-9-9-9-9-9-9    -917061895445412740414153 3 415421141 114 8
5081 10 0 1 684141 68-929 6 2 0-9 2 1 6 6 6 6 6 6 6 6 6 6 6 6 1 1 8-9 10980 5687298481804240414153 19713016151 7 4 6
5082 00 0-9 -9-9-9 -9-9-9-9-9-9-9-9-9-9-9-9-9-9-9-9-9-9-9-9-9-9-9-9-9    -9 5430424423700540414153 19867836127-9-9-9
5083 00 0-9 -9-9-9 -9-9-9-9-9-9-9-9-9-9-9-9-9-9-9-9-9-9-9-9-9-9-9-9-9    -910860848847401090414153 4 363821141 71520
5084 00 0-9 -9-9-9 -9-9-9-9-9-9-9-9-9-9-9-9-9-9-9-9-9-9-9-9-9-9-9-9-9    -911374596963608490414153 2 217121155-9-9-9
5085 00 0-9 -9-9-9 -9-9-9-9-9-9-9-9-9-9-9-9-9-9-9-9-9-9-9-9-9-9-9-9-9    -917061895445412740414153 3 516721185-9-9-9
5086 00 0-9 -9-9-9 -9-9-9-9-9-9-9-9-9-9-9-9-9-9-9-9-9-9-9-9-9-9-9-9-9    -911374596963608490414153 4 513321151 616 5
5087 00 0-9 -9-9-9 -9-9-9-9-9-9-9-9-9-9-9-9-9-9-9-9-9-9-9-9-9-9-9-9-9    -928436492409021240414153 5 311716144-9-9-9
5088 00 0-9 -9-9-9 -9-9-9-9-9-9-9-9-9-9-9-9-9-9-9-9-9-9-9-9-9-9-9-9-9    -9 5687298481804240414153 1 215216138-9-9-9
5089 00 0-9 -9-9-9 -9-9-9-9-9-9-9-9-9-9-9-9-9-9-9-9-9-9-9-9-9-9-9-9-9    -910860848847401090414153 2 266521125-9-9-9
5090 01 0 1 684141 68-945 6 5 0-9 2 6 6 6 6 6 1 6 6 6 6 6 6 6 1 1-912 3032211374596963608490414153 2 316521126-9-9-9
5091 00 0-9 -9-9-9 -9-9-9-9-9-9-9-9-9-9-9-9-9-9-9-9-9-9-9-9-9-9-9-9-9    -911374596963608490414153 2 217321135-9-9-9
5092 00 0-9 -9-9-9 -9-9-9-9-9-9-9-9-9-9-9-9-9-9-9-9-9-9-9-9-9-9-9-9-9    -910860848847401090414153 4 464121198-9-9-9
5093 00 0-9 -9-9-9 -9-9-9-9-9-9-9-9-9-9-9-9-9-9-9-9-9-9-9-9-9-9-9-9-9    -9 5430424423700540414153 1 267136135-9-9-9
5094 00 0-9 -9-9-9 -9-9-9-9-9-9-9-9-9-9-9-9-9-9-9-9-9-9-9-9-9-9-9-9-9    -9 5430424423700540414153 1 264216141 6 7 9
5095 00 0-9 -9-9-9 -9-9-9-9-9-9-9-9-9-9-9-9-9-9-9-9-9-9-9-9-9-9-9-9-9    -916291273271101640414153 4 361716144-9-9-9
5096 00 0-9 -9-9-9 -9-9-9-9-9-9-9-9-9-9-9-9-9-9-9-9-9-9-9-9-9-9-9-9-9    -911374596963608490414153 3 414121181 6 310
5097 00 0-9 -9-9-9 -9-9-9-9-9-9-9-9-9-9-9-9-9-9-9-9-9-9-9-9-9-9-9-9-9    -911374596963608490414153 5 413721141 4 1 6
5098 00 0-9 -9-9-9 -9-9-9-9-9-9-9-9-9-9-9-9-9-9-9-9-9-9-9-9-9-9-9-9-9    -910860848847401090414153 2 763121198-9-9-9
5099 00 0-9 -9-9-9 -9-9-9-9-9-9-9-9-9-9-9-9-9-9-9-9-9-9-9-9-9-9-9-9-9    -916291273271101640414153 4 362416183-9-9-9
5100 10 0 1 684141 681111 6 115-9 1 1 6 6 6 6 6 6 6 6 6 6 6 6 1 1 1-9 1124717061895445412740414153 5 814721181 6 310
5101 00 0-9 -9-9-9 -9-9-9-9-9-9-9-9-9-9-9-9-9-9-9-9-9-9-9-9-9-9-9-9-9    -910860848847401090414143 4 163611143-9-9-9
5102 10 0 1 684141 68-921 4 045-9 1 1 6 6 6 6 6 6 6 6 6 6 6 6 1 6 1-9  389611374596963608490414143 2 216021125-9-9-9
5103 00 0-9 -9-9-9 -9-9-9-9-9-9-9-9-9-9-9-9-9-9-9-9-9-9-9-9-9-9-9-9-9    -911374596963608490414143 2 317121135-9-9-9
5104 00 0-9 -9-9-9 -9-9-9-9-9-9-9-9-9-9-9-9-9-9-9-9-9-9-9-9-9-9-9-9-9    -911374596963608490414143 4 514021171 612 3
5105 00 0-9 -9-9-9 -9-9-9-9-9-9-9-9-9-9-9-9-9-9-9-9-9-9-9-9-9-9-9-9-9    -927152122118502730414143 5 464721142 7 7 7
5106 00 0-9 -9-9-9 -9-9-9-9-9-9-9-9-9-9-9-9-9-9-9-9-9-9-9-9-9-9-9-9-9    -910860848847401090414143 4 563311143-9-9-9
5107 00 0-9 -9-9-9 -9-9-9-9-9-9-9-9-9-9-9-9-9-9-9-9-9-9-9-9-9-9-9-9-9    -911374596963608490414143 4 413621151 6 913
5108 00 0-9 -9-9-9 -9-9-9-9-9-9-9-9-9-9-9-9-9-9-9-9-9-9-9-9-9-9-9-9-9    -910860848847401090414143 3 462821142 71514
5109 00 0-9 -9-9-9 -9-9-9-9-9-9-9-9-9-9-9-9-9-9-9-9-9-9-9-9-9-9-9-9-9    -911374596963608490414163 4 414921141 41118
5110 00 0-9 -9-9-9 -9-9-9-9-9-9-9-9-9-9-9-9-9-9-9-9-9-9-9-9-9-9-9-9-9    -9 5430424423700540414163 2 563236191 6 216
5111 10 0 1 684141 682121 6 030-9 1 1 6 6 6 6 6 6 6 6 6 6 6 6 1 6 1-9  349111374596963608490414163 4 214521131 6 914
5112 00 0-9 -9-9-9 -9-9-9-9-9-9-9-9-9-9-9-9-9-9-9-9-9-9-9-9-9-9-9-9-9    -922749193927216990414163 4 612516151 712 7
5113 00 0-9 -9-9-9 -9-9-9-9-9-9-9-9-9-9-9-9-9-9-9-9-9-9-9-9-9-9-9-9-9    -922749193927216990414163 4 413916141 711 3
5114 10 0 2 -1-1-1 68-918 6 150-9 1 6 1 6 6 6 6 6 6 6 6 6 6 6 1 1 1-9    -122749193927216990414163 4 812816191 1 1 3
5115 00 0-9 -9-9-9 -9-9-9-9-9-9-9-9-9-9-9-9-9-9-9-9-9-9-9-9-9-9-9-9-9    -9 5430424423700540414163 1 167536135-9-9-9
5116 00 0-9 -9-9-9 -9-9-9-9-9-9-9-9-9-9-9-9-9-9-9-9-9-9-9-9-9-9-9-9-9    -910860848847401090414163 4 564121152 61517
5117 20 0 2 684141 681111 1 115 5 1 6 1 6 6 6 6 6 6 6 6 6 6 6 1 611-9  960910860848847401090414163 3 763121191 6 313
5118 00 0-9 -9-9-9 -9-9-9-9-9-9-9-9-9-9-9-9-9-9-9-9-9-9-9-9-9-9-9-9-9    -910860848847401090414163 3 364221182 6 217
5119 00 0-9 -9-9-9 -9-9-9-9-9-9-9-9-9-9-9-9-9-9-9-9-9-9-9-9-9-9-9-9-9    -910860848847401090414143 4 463821171 7 817
5120 00 0-9 -9-9-9 -9-9-9-9-9-9-9-9-9-9-9-9-9-9-9-9-9-9-9-9-9-9-9-9-9    -911374596963608490414143 3 413221141 712 6
5121 00 0-9 -9-9-9 -9-9-9-9-9-9-9-9-9-9-9-9-9-9-9-9-9-9-9-9-9-9-9-9-9    -911374596963608490414143 2 214016143-9-9-9
5122 00 0-9 -9-9-9 -9-9-9-9-9-9-9-9-9-9-9-9-9-9-9-9-9-9-9-9-9-9-9-9-9    -917061895445412740414143 3 316721145-9-9-9
5123 00 0-9 -9-9-9 -9-9-9-9-9-9-9-9-9-9-9-9-9-9-9-9-9-9-9-9-9-9-9-9-9    -921721697694802180414143 49864421143-9-9-9
5124 10 0 1 684141 682121 7 1 0-9 2 6 1 6 6 6 6 6 6 6 6 6 6 6 1 1 9-9  912910860848847401090414143 49763921147-9-9-9
5125 00 0-9 -9-9-9 -9-9-9-9-9-9-9-9-9-9-9-9-9-9-9-9-9-9-9-9-9-9-9-9-9    -911374596963608490414143 29813121131 711 3
5126 00 0-9 -9-9-9 -9-9-9-9-9-9-9-9-9-9-9-9-9-9-9-9-9-9-9-9-9-9-9-9-9    -911374596963608490414143 2 411716144-9-9-9
5127 00 0-9 -9-9-9 -9-9-9-9-9-9-9-9-9-9-9-9-9-9-9-9-9-9-9-9-9-9-9-9-9    -910860848847401090414143 49863521198-9-9-9
5128 00 0-9 -9-9-9 -9-9-9-9-9-9-9-9-9-9-9-9-9-9-9-9-9-9-9-9-9-9-9-9-9    -916291273271101640414143 3 167636125-9-9-9
5129 00 0-9 -9-9-9 -9-9-9-9-9-9-9-9-9-9-9-9-9-9-9-9-9-9-9-9-9-9-9-9-9    -9 5544144570903770414161 1 117636155-9-9-9
5130 00 0-9 -9-9-9 -9-9-9-9-9-9-9-9-9-9-9-9-9-9-9-9-9-9-9-9-9-9-9-9-9    -911088289141807550414161 4 514121181 4 110
5131 11 0 1 684141 681211 4 150-9 2 1 6 6 6 6 6 6 6 6 6 6 6 6 1 1 8-9 1419611088289141807550414161 4 514221151 6 411
5132 00 0-9 -9-9-9 -9-9-9-9-9-9-9-9-9-9-9-9-9-9-9-9-9-9-9-9-9-9-9-9-9    -910587472481947680414161 3 363721173-9-9-9
5133 00 0-9 -9-9-9 -9-9-9-9-9-9-9-9-9-9-9-9-9-9-9-9-9-9-9-9-9-9-9-9-9    -910587472481947680414161 2 465716195-9-9-9
5134 10 0 1 684141 68-911 6 130-9 2 1 6 6 6 6 6 6 6 6 6 6 6 6 1 1 8-9  887911088289141807550414161 4 514821181 6 313
5135 10 0 1 684141 681111 6 150-9 2 1 6 6 6 6 6 6 6 6 6 6 6 6 1 1 8-9  899911088289141807550414161 3 714821191 6 313
5136 00 0-9 -9-9-9 -9-9-9-9-9-9-9-9-9-9-9-9-9-9-9-9-9-9-9-9-9-9-9-9-9    -9 5293736240973840414161 1 564016181 9 217
5137 31 0 1 684141 68-9 6 6 145-9 2 1 6 6 6 6 6 6 6 6 6 6 6 6 1 1 8-9 15459 5544144570903770414161 1 816146141 6 4 7
5138 00 0-9 -9-9-9 -9-9-9-9-9-9-9-9-9-9-9-9-9-9-9-9-9-9-9-9-9-9-9-9-9    -910587472481947680414161 4 163221143-9-9-9
5139 00 0-9 -9-9-9 -9-9-9-9-9-9-9-9-9-9-9-9-9-9-9-9-9-9-9-9-9-9-9-9-9    -910860848847401090414153 3 264321143-9-9-9
5140 10 0 1 684141 682121 6 055-9 1 6 1 6 6 6 6 6 6 6 6 6 6 6 1 6 3-9  4053 5430424423700540414153 1 265736145-9-9-9
5141 00 0-9 -9-9-9 -9-9-9-9-9-9-9-9-9-9-9-9-9-9-9-9-9-9-9-9-9-9-9-9-9    -910860848847401090414153 3 263321148-9-9-9
5142 00 0-9 -9-9-9 -9-9-9-9-9-9-9-9-9-9-9-9-9-9-9-9-9-9-9-9-9-9-9-9-9    -927152122118502730414153 6 462016164-9-9-9
5143 00 0-9 -9-9-9 -9-9-9-9-9-9-9-9-9-9-9-9-9-9-9-9-9-9-9-9-9-9-9-9-9    -922749193927216990414153 4 216421128-9-9-9
5144 00 0-9 -9-9-9 -9-9-9-9-9-9-9-9-9-9-9-9-9-9-9-9-9-9-9-9-9-9-9-9-9    -911374596963608490414153 29717321125-9-9-9
5145 10 0 1 684141 68212110 050-9 1 1 6 6 6 6 6 6 6 6 6 6 6 6 1 611-9  407617061895445412740414153 59814421141 61415
5146 00 0-9 -9-9-9 -9-9-9-9-9-9-9-9-9-9-9-9-9-9-9-9-9-9-9-9-9-9-9-9-9    -9 5430424423700540414153 2 164336133-9-9-9
5147 00 0-9 -9-9-9 -9-9-9-9-9-9-9-9-9-9-9-9-9-9-9-9-9-9-9-9-9-9-9-9-9    -910860848847401090414153 4 163321143-9-9-9
5148 00 0-9 -9-9-9 -9-9-9-9-9-9-9-9-9-9-9-9-9-9-9-9-9-9-9-9-9-9-9-9-9    -9 5430424423700540414153 1 262216162 7 5 7
5149 00 0-9 -9-9-9 -9-9-9-9-9-9-9-9-9-9-9-9-9-9-9-9-9-9-9-9-9-9-9-9-9    -910860848847401090414143 2 162716133-9-9-9
5150 00 0-9 -9-9-9 -9-9-9-9-9-9-9-9-9-9-9-9-9-9-9-9-9-9-9-9-9-9-9-9-9    -910860848847401090414143 3 363621167-9-9-9
5151 00 0-9 -9-9-9 -9-9-9-9-9-9-9-9-9-9-9-9-9-9-9-9-9-9-9-9-9-9-9-9-9    -910860848847401090414143 3 563421182 6 6 7
5152 00 0-9 -9-9-9 -9-9-9-9-9-9-9-9-9-9-9-9-9-9-9-9-9-9-9-9-9-9-9-9-9    -922749193927216990414143 4 214621141 615 8
5153 00 0-9 -9-9-9 -9-9-9-9-9-9-9-9-9-9-9-9-9-9-9-9-9-9-9-9-9-9-9-9-9    -910860848847401090414143 3 363921127-9-9-9
5154 00 0-9 -9-9-9 -9-9-9-9-9-9-9-9-9-9-9-9-9-9-9-9-9-9-9-9-9-9-9-9-9    -911374596963608490414143 2 216321125-9-9-9
5155 00 0-9 -9-9-9 -9-9-9-9-9-9-9-9-9-9-9-9-9-9-9-9-9-9-9-9-9-9-9-9-9    -9 5687298481804240414143 1 113046123-9-9-9
5156 00 0-9 -9-9-9 -9-9-9-9-9-9-9-9-9-9-9-9-9-9-9-9-9-9-9-9-9-9-9-9-9    -916291273271101640414143 4 864121151 6 7 7
5157 10 1 1 684141 681211 6 240-9 1 1 6 6 6 6 6 6 6 6 6 6 6 6 1 1 8-9 1671711374596963608490414143 2 412216141 714 7
5158 00 0-9 -9-9-9 -9-9-9-9-9-9-9-9-9-9-9-9-9-9-9-9-9-9-9-9-9-9-9-9-9    -910860848847401090414143 49762711123-9-9-9
5159 01 0 1 684141 68-951 4 315-9 2 6 1 6 6 6 6 6 6 1 6 6 6 6 1 1-9-9 1848610860848847401090414143 2 365421127-9-9-9
5160 00 0-9 -9-9-9 -9-9-9-9-9-9-9-9-9-9-9-9-9-9-9-9-9-9-9-9-9-9-9-9-9    -916291273271101640414143 3 262516173-9-9-9
5161 00 0-9 -9-9-9 -9-9-9-9-9-9-9-9-9-9-9-9-9-9-9-9-9-9-9-9-9-9-9-9-9    -916291273271101640414143 3 265821123-9-9-9
5162 00 1 1 684141187-9-9 6 130-9 2 6 1 6 6 6 6 6 6 6 6 6 6 6 1 1 1-9 3270410860848847401090414143 3 465121142 6 7 7
5163 10 0 1 684141 681111 6 130-9 2 6 1 6 6 6 6 6 6 6 6 6 6 6 1 1 8-9  985010860848847401090414143 49864521191 6 315
5164 00 0-9 -9-9-9 -9-9-9-9-9-9-9-9-9-9-9-9-9-9-9-9-9-9-9-9-9-9-9-9-9    -910860848847401090414143 2 366021137-9-9-9
5165 00 0-9 -9-9-9 -9-9-9-9-9-9-9-9-9-9-9-9-9-9-9-9-9-9-9-9-9-9-9-9-9    -910860848847401090414143 4 563521167-9-9-9
5166 00 0-9 -9-9-9 -9-9-9-9-9-9-9-9-9-9-9-9-9-9-9-9-9-9-9-9-9-9-9-9-9    -916291273271101640414143 5 263621143-9-9-9
5167 00 0-9 -9-9-9 -9-9-9-9-9-9-9-9-9-9-9-9-9-9-9-9-9-9-9-9-9-9-9-9-9    -917061895445412740414143 39711616134-9-9-9
5168 00 0-9 -9-9-9 -9-9-9-9-9-9-9-9-9-9-9-9-9-9-9-9-9-9-9-9-9-9-9-9-9    -917061895445412740414143 4 514421131 610 1
5169 00 0-9 -9-9-9 -9-9-9-9-9-9-9-9-9-9-9-9-9-9-9-9-9-9-9-9-9-9-9-9-9    -910860848847401090414153 2 266921147-9-9-9
5170 00 0-9 -9-9-9 -9-9-9-9-9-9-9-9-9-9-9-9-9-9-9-9-9-9-9-9-9-9-9-9-9    -9 5430424423700540414153 1 267936127-9-9-9
5171 00 0-9 -9-9-9 -9-9-9-9-9-9-9-9-9-9-9-9-9-9-9-9-9-9-9-9-9-9-9-9-9    -911374596963608490414153 2 216221165-9-9-9
5172 00 0-9 -9-9-9 -9-9-9-9-9-9-9-9-9-9-9-9-9-9-9-9-9-9-9-9-9-9-9-9-9    -9 5430424423700540414153 2 363616181 6 6 9
5173 00 1 1 684141187-9-9 6 2 0-9 1 6 6 6 6 6 6 1 6 6 6 6 6 6 1 6-9-1 3328310860848847401090414153 2 166021138-9-9-9
5174 00 0-9 -9-9-9 -9-9-9-9-9-9-9-9-9-9-9-9-9-9-9-9-9-9-9-9-9-9-9-9-9    -910860848847401090414153 2 164946143-9-9-9
5175 00 0-9 -9-9-9 -9-9-9-9-9-9-9-9-9-9-9-9-9-9-9-9-9-9-9-9-9-9-9-9-9    -917061895445412740414153 39713516151 61715
5176 00 0-9 -9-9-9 -9-9-9-9-9-9-9-9-9-9-9-9-9-9-9-9-9-9-9-9-9-9-9-9-9    -916291273271101640414153 3 466721137-9-9-9
5177 00 0-9 -9-9-9 -9-9-9-9-9-9-9-9-9-9-9-9-9-9-9-9-9-9-9-9-9-9-9-9-9    -911374596963608490414153 2 516121165-9-9-9
5178 00 0-9 -9-9-9 -9-9-9-9-9-9-9-9-9-9-9-9-9-9-9-9-9-9-9-9-9-9-9-9-9    -910860848847401090414153 3 463921172 6 5 7
5179 10 0 1 684141 682121 6 130-9 1 6 1 6 6 6 6 6 6 6 6 6 6 6 1 611-9  900711306182098793990414152 3 312721143-9-9-9
5180 00 0-9 -9-9-9 -9-9-9-9-9-9-9-9-9-9-9-9-9-9-9-9-9-9-9-9-9-9-9-9-9    -910795524026834440414152 3 463421147-9-9-9
5181 00 0-9 -9-9-9 -9-9-9-9-9-9-9-9-9-9-9-9-9-9-9-9-9-9-9-9-9-9-9-9-9    -911306182098793990414152 2 314416143-9-9-9
5182 00 0-9 -9-9-9 -9-9-9-9-9-9-9-9-9-9-9-9-9-9-9-9-9-9-9-9-9-9-9-9-9    -922612364197587990414152 4 515921181 6 215
5183 00 0-9 -9-9-9 -9-9-9-9-9-9-9-9-9-9-9-9-9-9-9-9-9-9-9-9-9-9-9-9-9    -916193286040251660414152 49864621157-9-9-9
5184 10 0 1 684141 68-921 4 020-9 1 1 6 6 6 6 6 6 6 6 6 6 6 6 6 6 1-9  311328265455246984980414152 5 412716171 6 419
5185 00 0-9 -9-9-9 -9-9-9-9-9-9-9-9-9-9-9-9-9-9-9-9-9-9-9-9-9-9-9-9-9    -926988810067086100414152 59862316131 7 7 7
5186 00 0-9 -9-9-9 -9-9-9-9-9-9-9-9-9-9-9-9-9-9-9-9-9-9-9-9-9-9-9-9-9    -911306182098793990414152 3 513621151 6 3 6
5187 00 0-9 -9-9-9 -9-9-9-9-9-9-9-9-9-9-9-9-9-9-9-9-9-9-9-9-9-9-9-9-9    -910795524026834440414152 29867721145-9-9-9
5188 00 0-9 -9-9-9 -9-9-9-9-9-9-9-9-9-9-9-9-9-9-9-9-9-9-9-9-9-9-9-9-9    -928265455246984980414152 59715116125-9-9-9
5189 00 0-9 -9-9-9 -9-9-9-9-9-9-9-9-9-9-9-9-9-9-9-9-9-9-9-9-9-9-9-9-9    -915881208722921520414161 3 263616141 612 7
5190 00 0-9 -9-9-9 -9-9-9-9-9-9-9-9-9-9-9-9-9-9-9-9-9-9-9-9-9-9-9-9-9    -916632433712711330414161 3 518421125-9-9-9
5191 00 0-9 -9-9-9 -9-9-9-9-9-9-9-9-9-9-9-9-9-9-9-9-9-9-9-9-9-9-9-9-9    -922176578283615100414161 4 416321145-9-9-9
5192 00 0-9 -9-9-9 -9-9-9-9-9-9-9-9-9-9-9-9-9-9-9-9-9-9-9-9-9-9-9-9-9    -911088289141807550414161 4 614421161 614 8
5193 00 0-9 -9-9-9 -9-9-9-9-9-9-9-9-9-9-9-9-9-9-9-9-9-9-9-9-9-9-9-9-9    -9 5293736240973840414161 1 267436135-9-9-9
5194 00 0-9 -9-9-9 -9-9-9-9-9-9-9-9-9-9-9-9-9-9-9-9-9-9-9-9-9-9-9-9-9    -9 5293736240973840414161 1 267536125-9-9-9
5195 00 0-9 -9-9-9 -9-9-9-9-9-9-9-9-9-9-9-9-9-9-9-9-9-9-9-9-9-9-9-9-9    -9 5293736240973840414161 1 267346125-9-9-9
5196 20 0 1 684141 682121 6 130-9 1 6 1 6 6 6 6 6 6 6 6 6 6 6 1 6 1-9  819510587472481947680414161 4 263621141 71115
5197 00 0-9 -9-9-9 -9-9-9-9-9-9-9-9-9-9-9-9-9-9-9-9-9-9-9-9-9-9-9-9-9    -910587472481947680414161 2 168236125-9-9-9
5198 00 0-9 -9-9-9 -9-9-9-9-9-9-9-9-9-9-9-9-9-9-9-9-9-9-9-9-9-9-9-9-9    -916632433712711330414161 5 614021181 4 411
5199 00 0-9 -9-9-9 -9-9-9-9-9-9-9-9-9-9-9-9-9-9-9-9-9-9-9-9-9-9-9-9-9    -910860848847401090414113 2 466721137-9-9-9
5200 00 0-9 -9-9-9 -9-9-9-9-9-9-9-9-9-9-9-9-9-9-9-9-9-9-9-9-9-9-9-9-9    -9 5430424423700540414113 1 268336155-9-9-9
5201 01 0 1 684141 68-928 1 630 4 2 6 6 6 6 6 1 6 6 6 6 6 6 6 6 1-9 4 3958217061895445412740414113 39812716193-9-9-9
5202 10 0 1 684141 682121 4 120-9 2 1 6 6 6 6 6 6 6 6 6 6 6 6 1 1 8-9  906816291273271101640414113 3 365836196-9-9-9
5203100 0 1 684141 682121 1 045 1 1 1 6 6 6 6 6 6 6 6 6 6 6 6 6 6 1-9  495111374596963608490414113 2 814121181 6 215
5204 10 0 1 684141 68-911 6 2 0-9 2 6 1 6 6 6 6 6 6 6 6 6 6 6 1 1 8-9 1408321721697694802180414113 49761816144-9-9-9
5205 10 0 1 684141 68-921 9 130-9 2 6 1 6 6 6 6 6 6 6 6 6 6 6 1 1 8-9  872216291273271101640414113 3 864821161 6 915
5206 20 0 1 684141 682121 6 145-9 2 1 6 6 6 6 6 6 6 6 6 6 6 6 1 1 8-9  496111374596963608490414113 2 616321155-9-9-9
5207 00 0-9 -9-9-9 -9-9-9-9-9-9-9-9-9-9-9-9-9-9-9-9-9-9-9-9-9-9-9-9-9    -916291273271101640414113 3 566021165-9-9-9
5208 00 0-9 -9-9-9 -9-9-9-9-9-9-9-9-9-9-9-9-9-9-9-9-9-9-9-9-9-9-9-9-9    -916291273271101640414113 3 366121141 61317
5209 00 0-9 -9-9-9 -9-9-9-9-9-9-9-9-9-9-9-9-9-9-9-9-9-9-9-9-9-9-9-9-9    -910860848847401090414113 2 564716191 6 216
5210 00 0-9 -9-9-9 -9-9-9-9-9-9-9-9-9-9-9-9-9-9-9-9-9-9-9-9-9-9-9-9-9    -9 5430424423700540414113 1 364346171 6 817
5211 01 0 1 684141 68-928 6 4 0-9 2 6 6 6 6 6 6 6 1 6 6 6 6 6 6 1-9 1 39588 5687298481804240414113 1 313916171 6 4 7
5212 20 0 1 684141 681818 1 230 3 1 1 6 6 6 6 6 6 6 6 6 6 6 6 6 6 9-9 2128411374596963608490414113 2 815621191 1 313
5213 20 0 1 684141 682121 4 045-9 2 1 6 6 6 6 6 6 6 6 6 6 6 6 6 1 8-9  855311374596963608490414113 29713616193-9-9-9
5214 00 0-9 -9-9-9 -9-9-9-9-9-9-9-9-9-9-9-9-9-9-9-9-9-9-9-9-9-9-9-9-9    -9 5687298481804240414113 1 513216191 6 319
5215 00 0-9 -9-9-9 -9-9-9-9-9-9-9-9-9-9-9-9-9-9-9-9-9-9-9-9-9-9-9-9-9    -911374596963608490414113 2 615136161 6 515
5216 10 0 1 684141 681818 4 3 0-9 2 6 6 6 6 6 1 6 6 6 6 6 6 6 6 1-9 3 21404 5430424423700540414113 1 268336147-9-9-9
5217 00 0-9 -9-9-9 -9-9-9-9-9-9-9-9-9-9-9-9-9-9-9-9-9-9-9-9-9-9-9-9-9    -910860848847401090414113 2 368116185-9-9-9
5218 00 0-9 -9-9-9 -9-9-9-9-9-9-9-9-9-9-9-9-9-9-9-9-9-9-9-9-9-9-9-9-9    -910860848847401090414113 2 464821181 4 213
5219 01 0 1 684141 68-9 6 6 130-9 2 1 6 6 6 6 6 6 6 6 6 6 6 6 1 1 8-9 14714 5430424423700540414113 1 266316161 61516
5220 00 0-9 -9-9-9 -9-9-9-9-9-9-9-9-9-9-9-9-9-9-9-9-9-9-9-9-9-9-9-9-9    -910860848847401090414113 2 261916154-9-9-9
5221 00 0-9 -9-9-9 -9-9-9-9-9-9-9-9-9-9-9-9-9-9-9-9-9-9-9-9-9-9-9-9-9    -916291273271101640414113 4 664721181 6 816
5222 00 0-9 -9-9-9 -9-9-9-9-9-9-9-9-9-9-9-9-9-9-9-9-9-9-9-9-9-9-9-9-9    -911374596963608490414113 4 814021191 6 213
5223 10 0 2 684141 681111 4 1 0-9 2 6 1 6 6 6 6 6 6 6 6 6 6 6 1 1 8-9  801910860848847401090414113 2 863011181 6 313
5224 10 0 1 684141 681111 4 130-9 2 6 1 6 6 6 6 6 6 6 6 6 6 6 1 1 7-9  824516291273271101640414113 3 564221197-9-9-9
5225 00 0-9 -9-9-9 -9-9-9-9-9-9-9-9-9-9-9-9-9-9-9-9-9-9-9-9-9-9-9-9-9    -910860848847401090414113 3 863421161 4 111
5226 00 0-9 -9-9-9 -9-9-9-9-9-9-9-9-9-9-9-9-9-9-9-9-9-9-9-9-9-9-9-9-9    -911374596963608490414113 2 516321185-9-9-9
5227 00 0-9 -9-9-9 -9-9-9-9-9-9-9-9-9-9-9-9-9-9-9-9-9-9-9-9-9-9-9-9-9    -911374596963608490414113 2 417721145-9-9-9
5228 00 0-9 -9-9-9 -9-9-9-9-9-9-9-9-9-9-9-9-9-9-9-9-9-9-9-9-9-9-9-9-9    -910860848847401090414113 2 467521185-9-9-9
5229 00 1 1 684141187-9-9 6 3 0-9 2 1 6 6 6 6 6 6 6 6 6 6 6 6 1 1 8-9 33249 5430424423700540414113 1 465716191 6 515
5230 00 0-9 -9-9-9 -9-9-9-9-9-9-9-9-9-9-9-9-9-9-9-9-9-9-9-9-9-9-9-9-9    -910860848847401090414113 2 367436145-9-9-9
5231 10 0 1 684141 68-911 6 130-9 1 6 1 6 6 6 6 6 6 6 6 6 6 6 1 6 8-9  951516291273271101640414113 3 766021151 6 615
5232 00 0-9 -9-9-9 -9-9-9-9-9-9-9-9-9-9-9-9-9-9-9-9-9-9-9-9-9-9-9-9-9    -911374596963608490414113 29818021155-9-9-9
5233 00 0-9 -9-9-9 -9-9-9-9-9-9-9-9-9-9-9-9-9-9-9-9-9-9-9-9-9-9-9-9-9    -922749193927216990414113 4 611916154-9-9-9
5234 11 0 1 684141 68-9 6 4 1 0-9 2 6 1 6 6 6 6 6 6 6 6 6 6 6 1 1 8-9 1455417061895445412740414113 39816221145-9-9-9
5235 11 1 1 684141 68-928 6 230-9 2 6 6 6 6 6 6 6 1 6 6 6 6 6 6 1-9 1 3954617061895445412740414113 39812016154-9-9-9
5236 00 0-9 -9-9-9 -9-9-9-9-9-9-9-9-9-9-9-9-9-9-9-9-9-9-9-9-9-9-9-9-9    -917061895445412740414113 3 218021145-9-9-9
5237 00 0-9 -9-9-9 -9-9-9-9-9-9-9-9-9-9-9-9-9-9-9-9-9-9-9-9-9-9-9-9-9    -9 5430424423700540414113 19768316145-9-9-9
5238 00 0-9 -9-9-9 -9-9-9-9-9-9-9-9-9-9-9-9-9-9-9-9-9-9-9-9-9-9-9-9-9    -911374596963608490414113 2 317221145-9-9-9
5239 00 0-9 -9-9-9 -9-9-9-9-9-9-9-9-9-9-9-9-9-9-9-9-9-9-9-9-9-9-9-9-9    -910860848847401090414113 29762416184-9-9-9
5240 00 0-9 -9-9-9 -9-9-9-9-9-9-9-9-9-9-9-9-9-9-9-9-9-9-9-9-9-9-9-9-9    -911374596963608490414113 4 513321191 6 2 7
5241 00 0-9 -9-9-9 -9-9-9-9-9-9-9-9-9-9-9-9-9-9-9-9-9-9-9-9-9-9-9-9-9    -917061895445412740414113 39711616144-9-9-9
5242 00 0-9 -9-9-9 -9-9-9-9-9-9-9-9-9-9-9-9-9-9-9-9-9-9-9-9-9-9-9-9-9    -911374596963608490414113 2 316821145-9-9-9
5243 10 0 1 684141 681818 2 3 0 4 1 6 6 6 6 6 6 6 1 6 6 6 6 6 6 6-9 1 21213 5430424423700540414113 19865116181 6 216
5244 00 0-9 -9-9-9 -9-9-9-9-9-9-9-9-9-9-9-9-9-9-9-9-9-9-9-9-9-9-9-9-9    -9 5430424423700540414113 1 268136127-9-9-9
5245 00 0-9 -9-9-9 -9-9-9-9-9-9-9-9-9-9-9-9-9-9-9-9-9-9-9-9-9-9-9-9-9    -917061895445412740414113 3 315021151 6 510
5246 00 0-9 -9-9-9 -9-9-9-9-9-9-9-9-9-9-9-9-9-9-9-9-9-9-9-9-9-9-9-9-9    -9 5430424423700540414113 1 268336118-9-9-9
5247 00 0-9 -9-9-9 -9-9-9-9-9-9-9-9-9-9-9-9-9-9-9-9-9-9-9-9-9-9-9-9-9    -9 5430424423700540414113 1 265736145-9-9-9
5248 00 0-9 -9-9-9 -9-9-9-9-9-9-9-9-9-9-9-9-9-9-9-9-9-9-9-9-9-9-9-9-9    -911374596963608490414113 2 316721175-9-9-9
5249 00 0-9 -9-9-9 -9-9-9-9-9-9-9-9-9-9-9-9-9-9-9-9-9-9-9-9-9-9-9-9-9    -911374596963608490414113 5 313921143-9-9-9
5250 00 0-9 -9-9-9 -9-9-9-9-9-9-9-9-9-9-9-9-9-9-9-9-9-9-9-9-9-9-9-9-9    -911374596963608490414113 2 515621175-9-9-9
5251 00 0-9 -9-9-9 -9-9-9-9-9-9-9-9-9-9-9-9-9-9-9-9-9-9-9-9-9-9-9-9-9    -911374596963608490414113 29718221145-9-9-9
5252 00 0-9 -9-9-9 -9-9-9-9-9-9-9-9-9-9-9-9-9-9-9-9-9-9-9-9-9-9-9-9-9    -9 5430424423700540414113 1 268036125-9-9-9
5253 00 0-9 -9-9-9 -9-9-9-9-9-9-9-9-9-9-9-9-9-9-9-9-9-9-9-9-9-9-9-9-9    -910860848847401090414113 4 162941133-9-9-9
5254 00 0-9 -9-9-9 -9-9-9-9-9-9-9-9-9-9-9-9-9-9-9-9-9-9-9-9-9-9-9-9-9    -910860848847401090414113 2 165611113-9-9-9
5255 00 0-9 -9-9-9 -9-9-9-9-9-9-9-9-9-9-9-9-9-9-9-9-9-9-9-9-9-9-9-9-9    -910860848847401090414113 3 163721153-9-9-9
5256 60 0 2 684141 681414 1 150 2 1 1 6 6 6 6 6 6 6 6 6 6 6 6 6 6 8-9 1039711374596963608490414113 29813421181 6 1 6
5257 00 0-9 -9-9-9 -9-9-9-9-9-9-9-9-9-9-9-9-9-9-9-9-9-9-9-9-9-9-9-9-9    -9 5430424423700540414113 19867936127-9-9-9
5258 00 0-9 -9-9-9 -9-9-9-9-9-9-9-9-9-9-9-9-9-9-9-9-9-9-9-9-9-9-9-9-9    -911374596963608490414113 29814511143-9-9-9
5259 00 0-9 -9-9-9 -9-9-9-9-9-9-9-9-9-9-9-9-9-9-9-9-9-9-9-9-9-9-9-9-9    -910860848847401090414113 2 365421276-9-9-9
5260 00 0-9 -9-9-9 -9-9-9-9-9-9-9-9-9-9-9-9-9-9-9-9-9-9-9-9-9-9-9-9-9    -910860848847401090414113 2 266821147-9-9-9
5261 10 0 1 684141 68-921 6 115-9 1 6 6 6 6 6 6 1 6 6 6 6 6 6 1 1-912  780710860848847401090414113 2 261916143-9-9-9
5262 00 0-9 -9-9-9 -9-9-9-9-9-9-9-9-9-9-9-9-9-9-9-9-9-9-9-9-9-9-9-9-9    -911374596963608490414113 2 316921155-9-9-9
5263 00 0-9 -9-9-9 -9-9-9-9-9-9-9-9-9-9-9-9-9-9-9-9-9-9-9-9-9-9-9-9-9    -917061895445412740414113 3 215621145-9-9-9
5264 00 0-9 -9-9-9 -9-9-9-9-9-9-9-9-9-9-9-9-9-9-9-9-9-9-9-9-9-9-9-9-9    -910860848847401090414113 2 367321125-9-9-9
5265 00 0-9 -9-9-9 -9-9-9-9-9-9-9-9-9-9-9-9-9-9-9-9-9-9-9-9-9-9-9-9-9    -916291273271101640414113 3 365321147-9-9-9
5266 00 0-9 -9-9-9 -9-9-9-9-9-9-9-9-9-9-9-9-9-9-9-9-9-9-9-9-9-9-9-9-9    -9 5430424423700540414113 1 266816165-9-9-9
5267 00 0-9 -9-9-9 -9-9-9-9-9-9-9-9-9-9-9-9-9-9-9-9-9-9-9-9-9-9-9-9-9    -910860848847401090414113 4 362721141 6 5 8
5268 00 0-9 -9-9-9 -9-9-9-9-9-9-9-9-9-9-9-9-9-9-9-9-9-9-9-9-9-9-9-9-9    -911374596963608490414113 2 216321145-9-9-9
5269 00 0-9 -9-9-9 -9-9-9-9-9-9-9-9-9-9-9-9-9-9-9-9-9-9-9-9-9-9-9-9-9    -910860848847401090414113 2 464521171 7 617
5270 00 0-9 -9-9-9 -9-9-9-9-9-9-9-9-9-9-9-9-9-9-9-9-9-9-9-9-9-9-9-9-9    -916291273271101640414113 3 262816176-9-9-9
5271 00 0-9 -9-9-9 -9-9-9-9-9-9-9-9-9-9-9-9-9-9-9-9-9-9-9-9-9-9-9-9-9    -910860848847401090414113 4 363521143-9-9-9
5272 00 0-9 -9-9-9 -9-9-9-9-9-9-9-9-9-9-9-9-9-9-9-9-9-9-9-9-9-9-9-9-9    -911374596963608490414113 3 213311171 6 7 7
5273 00 0-9 -9-9-9 -9-9-9-9-9-9-9-9-9-9-9-9-9-9-9-9-9-9-9-9-9-9-9-9-9    -910860848847401090414113 2 164616171 6 617
5274 00 0-9 -9-9-9 -9-9-9-9-9-9-9-9-9-9-9-9-9-9-9-9-9-9-9-9-9-9-9-9-9    -910860848847401090414113 2 467521147-9-9-9
5275 00 0-9 -9-9-9 -9-9-9-9-9-9-9-9-9-9-9-9-9-9-9-9-9-9-9-9-9-9-9-9-9    -9 5430424423700540414113 19766716145-9-9-9
5276 00 0-9 -9-9-9 -9-9-9-9-9-9-9-9-9-9-9-9-9-9-9-9-9-9-9-9-9-9-9-9-9    -911374596963608490414113 29817621165-9-9-9
5277 00 0-9 -9-9-9 -9-9-9-9-9-9-9-9-9-9-9-9-9-9-9-9-9-9-9-9-9-9-9-9-9    -9 5430424423700540414113 1 267416145-9-9-9
5278 00 0-9 -9-9-9 -9-9-9-9-9-9-9-9-9-9-9-9-9-9-9-9-9-9-9-9-9-9-9-9-9    -911374596963608490414113 4 714821181 6 217
5279 00 0-9 -9-9-9 -9-9-9-9-9-9-9-9-9-9-9-9-9-9-9-9-9-9-9-9-9-9-9-9-9    -9 5430424423700540414113 1 267536147-9-9-9
5280 00 0-9 -9-9-9 -9-9-9-9-9-9-9-9-9-9-9-9-9-9-9-9-9-9-9-9-9-9-9-9-9    -922749193927216990414113 49711816144-9-9-9
5281 10 0 1 684141 68-914 6 2 0-9 2 6 6 6 6 6 6 1 6 6 6 6 6 6 1 1-912 1221211374596963608490414113 2 417721155-9-9-9
5282 00 0-9 -9-9-9 -9-9-9-9-9-9-9-9-9-9-9-9-9-9-9-9-9-9-9-9-9-9-9-9-9    -916291273271101640414113 3 863016181 6 1 9
5283 00 0-9 -9-9-9 -9-9-9-9-9-9-9-9-9-9-9-9-9-9-9-9-9-9-9-9-9-9-9-9-9    -910860848847401090414113 3 564321171 6 313
5284 00 0-9 -9-9-9 -9-9-9-9-9-9-9-9-9-9-9-9-9-9-9-9-9-9-9-9-9-9-9-9-9    -910860848847401090414113 39763611181 6 513
5285 10 0 1 684141 681414 6 2 0-9 2 6 1 6 6 6 6 6 6 6 6 6 6 6 1 6 1-9 1054310860848847401090414113 2 865821191 6 216
5286 00 0-9 -9-9-9 -9-9-9-9-9-9-9-9-9-9-9-9-9-9-9-9-9-9-9-9-9-9-9-9-9    -911374596963608490414113 39713521143-9-9-9
5287 00 0-9 -9-9-9 -9-9-9-9-9-9-9-9-9-9-9-9-9-9-9-9-9-9-9-9-9-9-9-9-9    -910860848847401090414113 2 362911352 71520
5288 00 0-9 -9-9-9 -9-9-9-9-9-9-9-9-9-9-9-9-9-9-9-9-9-9-9-9-9-9-9-9-9    -911374596963608490414113 2 214416143-9-9-9
5289 00 0-9 -9-9-9 -9-9-9-9-9-9-9-9-9-9-9-9-9-9-9-9-9-9-9-9-9-9-9-9-9    -910860848847401090414113 2 165421162 71520
5290 00 0-9 -9-9-9 -9-9-9-9-9-9-9-9-9-9-9-9-9-9-9-9-9-9-9-9-9-9-9-9-9    -910860848847401090414113 2 666146145-9-9-9
5291 00 0-9 -9-9-9 -9-9-9-9-9-9-9-9-9-9-9-9-9-9-9-9-9-9-9-9-9-9-9-9-9    -916291273271101640414113 4 864121181 6 115
5292 00 0-9 -9-9-9 -9-9-9-9-9-9-9-9-9-9-9-9-9-9-9-9-9-9-9-9-9-9-9-9-9    -916291273271101640414113 39767136117-9-9-9
5293 00 0-9 -9-9-9 -9-9-9-9-9-9-9-9-9-9-9-9-9-9-9-9-9-9-9-9-9-9-9-9-9    -910860848847401090414113 2 366546165-9-9-9
5294 00 0-9 -9-9-9 -9-9-9-9-9-9-9-9-9-9-9-9-9-9-9-9-9-9-9-9-9-9-9-9-9    -910860848847401090414113 2 368521147-9-9-9
5295 00 0-9 -9-9-9 -9-9-9-9-9-9-9-9-9-9-9-9-9-9-9-9-9-9-9-9-9-9-9-9-9    -911374596963608490414113 29719621185-9-9-9
5296 00 0-9 -9-9-9 -9-9-9-9-9-9-9-9-9-9-9-9-9-9-9-9-9-9-9-9-9-9-9-9-9    -917061895445412740414113 3 211616134-9-9-9
5297 00 0-9 -9-9-9 -9-9-9-9-9-9-9-9-9-9-9-9-9-9-9-9-9-9-9-9-9-9-9-9-9    -922749193927216990414113 49712316193-9-9-9
5298 00 0-9 -9-9-9 -9-9-9-9-9-9-9-9-9-9-9-9-9-9-9-9-9-9-9-9-9-9-9-9-9    -9 5687298481804240414113 1 715526191 6 216
5299 00 0-9 -9-9-9 -9-9-9-9-9-9-9-9-9-9-9-9-9-9-9-9-9-9-9-9-9-9-9-9-9    -9 5687298481804240414113 1 212716163-9-9-9
5300 00 0-9 -9-9-9 -9-9-9-9-9-9-9-9-9-9-9-9-9-9-9-9-9-9-9-9-9-9-9-9-9    -916291273271101640414113 3 465521182 6 4 5
5301 00 0-9 -9-9-9 -9-9-9-9-9-9-9-9-9-9-9-9-9-9-9-9-9-9-9-9-9-9-9-9-9    -916193286040251660414112 3 264146191 71515
5302 00 0-9 -9-9-9 -9-9-9-9-9-9-9-9-9-9-9-9-9-9-9-9-9-9-9-9-9-9-9-9-9    -9 5397762013417220414112 2 165316193-9-9-9
5303 10 0 1 684141 68-914 6 0 5-9 1 1 6 6 6 6 6 6 6 6 6 6 6 6 1 1 4-9 1566210795524026834440414112 2 662911182 6 217
5304 00 0-9 -9-9-9 -9-9-9-9-9-9-9-9-9-9-9-9-9-9-9-9-9-9-9-9-9-9-9-9-9    -911306182098793990414112 2 814321151 6 4 4
5305 00 0-9 -9-9-9 -9-9-9-9-9-9-9-9-9-9-9-9-9-9-9-9-9-9-9-9-9-9-9-9-9    -910795524026834440414112 2 566321147-9-9-9
5306 00 0-9 -9-9-9 -9-9-9-9-9-9-9-9-9-9-9-9-9-9-9-9-9-9-9-9-9-9-9-9-9    -911306182098793990414112 4 714221191 6 315
5307 41 1 2 684141 681111 1 115 3 1 1 6 6 6 6 6 6 6 6 6 6 6 6 6 6 1-9  893910795524026834440414112 4 863721191 2 114
5308 00 0-9 -9-9-9 -9-9-9-9-9-9-9-9-9-9-9-9-9-9-9-9-9-9-9-9-9-9-9-9-9    -922612364197587990414112 49716221142 6 7 9
5309 02 0 1 684141 68-9 6 9 115-9 1 6 1 6 6 6 6 6 6 6 6 6 6 6 1 6 8-9 1484710860848847401090414113 4 864721191 7 315
5310 00 0-9 -9-9-9 -9-9-9-9-9-9-9-9-9-9-9-9-9-9-9-9-9-9-9-9-9-9-9-9-9    -917061895445412740414113 49811616144-9-9-9
5311 00 0-9 -9-9-9 -9-9-9-9-9-9-9-9-9-9-9-9-9-9-9-9-9-9-9-9-9-9-9-9-9    -911374596963608490414113 2 514846181 6 310
5312 10 0 1 684141 68-921 6 040-9 1 6 1 6 6 6 6 6 6 6 6 6 6 6 1 6 1-9  790510860848847401090414113 4 864836191 6 117
5313 00 0-9 -9-9-9 -9-9-9-9-9-9-9-9-9-9-9-9-9-9-9-9-9-9-9-9-9-9-9-9-9    -917061895445412740414113 59814721191 1 113
5314 01 0 1 684141 68-9 2 8 7 0-9 2 1 6 6 6 6 6 6 6 6 6 6 6 6 1 1 8-9 3850711374596963608490414113 2 817421125-9-9-9
5315 10 0 1 684141 681111 8 115-9 2 1 6 6 6 6 6 6 6 6 6 6 6 6 1 1 8-9  895916291273271101640414113 3 764216153-9-9-9
5316 00 0-9 -9-9-9 -9-9-9-9-9-9-9-9-9-9-9-9-9-9-9-9-9-9-9-9-9-9-9-9-9    -911374596963608490414113 2 417621195-9-9-9
5317 10 0 1 684141 68-911 9 2 0-9 2 1 6 6 6 6 6 6 6 6 6 6 6 6 1 1 3-9 1383711374596963608490414113 2 616521185-9-9-9
5318 00 0-9 -9-9-9 -9-9-9-9-9-9-9-9-9-9-9-9-9-9-9-9-9-9-9-9-9-9-9-9-9    -9 5430424423700540414113 19768836145-9-9-9
5319 00 0-9 -9-9-9 -9-9-9-9-9-9-9-9-9-9-9-9-9-9-9-9-9-9-9-9-9-9-9-9-9    -921721697694802180414113 49762016154-9-9-9
5320 00 0-9 -9-9-9 -9-9-9-9-9-9-9-9-9-9-9-9-9-9-9-9-9-9-9-9-9-9-9-9-9    -9 5430424423700540414113 2 463816191 6 316
5321 10 0 2 684141 682121 4 130-9 2 1 6 6 6 6 6 6 6 6 6 6 6 6 6 1 8-9 11953 5430424423700540414113 1 263146191 6 7 7
5322 01 0 1 684141 68-928 4 630-9 2 6 6 6 6 6 1 6 6 6 6 6 6 6 6 1-9 7 3969522749193927216990414113 5 812116154-9-9-9
5323 00 0-9 -9-9-9 -9-9-9-9-9-9-9-9-9-9-9-9-9-9-9-9-9-9-9-9-9-9-9-9-9    -9 5430424423700540414113 1 466916195-9-9-9
5324 00 0-9 -9-9-9 -9-9-9-9-9-9-9-9-9-9-9-9-9-9-9-9-9-9-9-9-9-9-9-9-9    -928436492409021240414113 59712916192 9 213
5325 00 0-9 -9-9-9 -9-9-9-9-9-9-9-9-9-9-9-9-9-9-9-9-9-9-9-9-9-9-9-9-9    -911374596963608490414113 3 313921192 7 216
5326 01 0 1 684141 68-926 4 8 0-9 2 1 6 6 6 6 6 6 6 6 6 6 6 6 6 1 1-9 61833 5687298481804240414113 1 413716191 6 315
5327 00 0-9 -9-9-9 -9-9-9-9-9-9-9-9-9-9-9-9-9-9-9-9-9-9-9-9-9-9-9-9-9    -9 5430424423700540414113 1 466216195-9-9-9
5328 20 0 2 684141 682121 6 050-9 2 1 6 6 6 6 6 6 6 6 6 6 6 6 1 1 8-9  487711374596963608490414113 3 412921191 6 216
5329 00 0-9 -9-9-9 -9-9-9-9-9-9-9-9-9-9-9-9-9-9-9-9-9-9-9-9-9-9-9-9-9    -910860848847401090414113 2 164111143-9-9-9
5330 00 0-9 -9-9-9 -9-9-9-9-9-9-9-9-9-9-9-9-9-9-9-9-9-9-9-9-9-9-9-9-9    -921721697694802180414113 5 262316143-9-9-9
5331 00 0-9 -9-9-9 -9-9-9-9-9-9-9-9-9-9-9-9-9-9-9-9-9-9-9-9-9-9-9-9-9    -916291273271101640414113 6 164426133-9-9-9
5332 00 0-9 -9-9-9 -9-9-9-9-9-9-9-9-9-9-9-9-9-9-9-9-9-9-9-9-9-9-9-9-9    -916291273271101640414113 4 261616234-9-9-9
5333 00 0-9 -9-9-9 -9-9-9-9-9-9-9-9-9-9-9-9-9-9-9-9-9-9-9-9-9-9-9-9-9    -927152122118502730414113 5 562516163-9-9-9
5334 00 0-9 -9-9-9 -9-9-9-9-9-9-9-9-9-9-9-9-9-9-9-9-9-9-9-9-9-9-9-9-9    -910860848847401090414113 2 365721121 615 9
5335 00 0-9 -9-9-9 -9-9-9-9-9-9-9-9-9-9-9-9-9-9-9-9-9-9-9-9-9-9-9-9-9    -910860848847401090414113 2 463011151 6 7 7
5336 00 0-9 -9-9-9 -9-9-9-9-9-9-9-9-9-9-9-9-9-9-9-9-9-9-9-9-9-9-9-9-9    -921721697694802180414113 4 262416174-9-9-9
5337 00 0-9 -9-9-9 -9-9-9-9-9-9-9-9-9-9-9-9-9-9-9-9-9-9-9-9-9-9-9-9-9    -911374596963608490414113 3 215321133-9-9-9
5338 00 0-9 -9-9-9 -9-9-9-9-9-9-9-9-9-9-9-9-9-9-9-9-9-9-9-9-9-9-9-9-9    -9 5687298481804240414113 1 114746143-9-9-9
5339 00 0-9 -9-9-9 -9-9-9-9-9-9-9-9-9-9-9-9-9-9-9-9-9-9-9-9-9-9-9-9-9    -911374596963608490414113 2 412316161 713 7
5340 00 0-9 -9-9-9 -9-9-9-9-9-9-9-9-9-9-9-9-9-9-9-9-9-9-9-9-9-9-9-9-9    -9 5430424423700540414113 1 167116115-9-9-9
5341 00 0-9 -9-9-9 -9-9-9-9-9-9-9-9-9-9-9-9-9-9-9-9-9-9-9-9-9-9-9-9-9    -910860848847401090414113 2 463541143-9-9-9
5342 00 0-9 -9-9-9 -9-9-9-9-9-9-9-9-9-9-9-9-9-9-9-9-9-9-9-9-9-9-9-9-9    -9 5430424423700540414113 1 265216155-9-9-9
5343 00 0-9 -9-9-9 -9-9-9-9-9-9-9-9-9-9-9-9-9-9-9-9-9-9-9-9-9-9-9-9-9    -910860848847401090414113 3 264746141 7 7 7
5344 00 0-9 -9-9-9 -9-9-9-9-9-9-9-9-9-9-9-9-9-9-9-9-9-9-9-9-9-9-9-9-9    -9 5430424423700540414113 19768236116-9-9-9
5345 00 0-9 -9-9-9 -9-9-9-9-9-9-9-9-9-9-9-9-9-9-9-9-9-9-9-9-9-9-9-9-9    -9 5430424423700540414113 1 165916145-9-9-9
5346 00 0-9 -9-9-9 -9-9-9-9-9-9-9-9-9-9-9-9-9-9-9-9-9-9-9-9-9-9-9-9-9    -911374596963608490414113 39713921171 411 6
5347 00 0-9 -9-9-9 -9-9-9-9-9-9-9-9-9-9-9-9-9-9-9-9-9-9-9-9-9-9-9-9-9    -910860848847401090414113 29763216143-9-9-9
5348 00 0-9 -9-9-9 -9-9-9-9-9-9-9-9-9-9-9-9-9-9-9-9-9-9-9-9-9-9-9-9-9    -911374596963608490414113 29812811272 6 7 9
5349 10 0 1 684141 681111 9 130-9 2 1 6 6 6 6 6 6 6 6 6 6 6 6 1 1 8-9  890011374596963608490414113 2 315821155-9-9-9
5350 00 1 1 684141 46-9-9 415 0-9 2 6 6 6 6 6 6 6 6 6 1 6 6 6 1 1-9 7349913 5430424423700540414113 1 268036145-9-9-9
5351 00 0-9 -9-9-9 -9-9-9-9-9-9-9-9-9-9-9-9-9-9-9-9-9-9-9-9-9-9-9-9-9    -9 5430424423700540414113 1 165916125-9-9-9
5352 00 0-9 -9-9-9 -9-9-9-9-9-9-9-9-9-9-9-9-9-9-9-9-9-9-9-9-9-9-9-9-9    -928436492409021240414113 5 214116143-9-9-9
5353 10 0 1 684141 681111 9 130-9 2 1 6 6 6 6 6 6 6 6 6 6 6 6 1 1 8-9  901417061895445412740414113 3 216521125-9-9-9
5354 00 0-9 -9-9-9 -9-9-9-9-9-9-9-9-9-9-9-9-9-9-9-9-9-9-9-9-9-9-9-9-9    -911374596963608490414113 3 414721171 6 415
5355 00 0-9 -9-9-9 -9-9-9-9-9-9-9-9-9-9-9-9-9-9-9-9-9-9-9-9-9-9-9-9-9    -910860848847401090414113 2 465421142 1 6 3
5356 00 1 1 684141  3-9-9 1 3 0 5 2 6 6 6 6 6 6 6 6 6 1 6 6 6 6 1-9 1199812 5430424423700540414113 1 362816191 7 216
5357 00 0-9 -9-9-9 -9-9-9-9-9-9-9-9-9-9-9-9-9-9-9-9-9-9-9-9-9-9-9-9-9    -9 5430424423700540414113 3 164346143-9-9-9
5358 00 0-9 -9-9-9 -9-9-9-9-9-9-9-9-9-9-9-9-9-9-9-9-9-9-9-9-9-9-9-9-9    -9 5430424423700540414113 1 164116392 71520
5359 00 0-9 -9-9-9 -9-9-9-9-9-9-9-9-9-9-9-9-9-9-9-9-9-9-9-9-9-9-9-9-9    -9 5687298481804240414113 1 315336146-9-9-9
5360 00 0-9 -9-9-9 -9-9-9-9-9-9-9-9-9-9-9-9-9-9-9-9-9-9-9-9-9-9-9-9-9    -922749193927216990414113 49716321133-9-9-9
5361 00 0-9 -9-9-9 -9-9-9-9-9-9-9-9-9-9-9-9-9-9-9-9-9-9-9-9-9-9-9-9-9    -916291273271101640414113 5 263921243-9-9-9
5362 10 0 1 684141 681111 6 1 0-9 1 1 1 6 6 6 6 6 6 6 6 6 6 6 1 1 8-9  76403981108937262973041411312 415021171 6 413
5363 00 0-9 -9-9-9 -9-9-9-9-9-9-9-9-9-9-9-9-9-9-9-9-9-9-9-9-9-9-9-9-9    -917061895445412740414113 3 313916173-9-9-9
5364 00 0-9 -9-9-9 -9-9-9-9-9-9-9-9-9-9-9-9-9-9-9-9-9-9-9-9-9-9-9-9-9    -9 5687298481804240414113 1 215616136-9-9-9
5365 00 0-9 -9-9-9 -9-9-9-9-9-9-9-9-9-9-9-9-9-9-9-9-9-9-9-9-9-9-9-9-9    -9 5430424423700540414113 1 167736125-9-9-9
5366 00 0-9 -9-9-9 -9-9-9-9-9-9-9-9-9-9-9-9-9-9-9-9-9-9-9-9-9-9-9-9-9    -910860848847401090414113 29863616234-9-9-9
5367 00 0-9 -9-9-9 -9-9-9-9-9-9-9-9-9-9-9-9-9-9-9-9-9-9-9-9-9-9-9-9-9    -911374596963608490414113 3 713221141 614 8
5368 00 0-9 -9-9-9 -9-9-9-9-9-9-9-9-9-9-9-9-9-9-9-9-9-9-9-9-9-9-9-9-9    -911374596963608490414113 2 815121171 4 410
5369 00 0-9 -9-9-9 -9-9-9-9-9-9-9-9-9-9-9-9-9-9-9-9-9-9-9-9-9-9-9-9-9    -921721697694802180414113 4 762416171 7 6 9
5370 00 0-9 -9-9-9 -9-9-9-9-9-9-9-9-9-9-9-9-9-9-9-9-9-9-9-9-9-9-9-9-9    -910860848847401090414113 3 163741143-9-9-9
5371 00 0-9 -9-9-9 -9-9-9-9-9-9-9-9-9-9-9-9-9-9-9-9-9-9-9-9-9-9-9-9-9    -917061895445412740414113 49814821171 4 719
5372 00 0-9 -9-9-9 -9-9-9-9-9-9-9-9-9-9-9-9-9-9-9-9-9-9-9-9-9-9-9-9-9    -910860848847401090414113 39864221152 6 515
5373 10 0 1 684141 68-914 9 2 0-9 2 6 1 6 6 6 6 6 6 6 6 6 6 6 1 111-9 1349816291273271101640414113 39865821143-9-9-9
5374 10 0 1 684141 681111 6 130-9 2 6 1 6 6 6 6 6 6 6 6 6 6 6 1 111-9  835111374596963608490414113 2 216021142 6 5 7
5375 00 0-9 -9-9-9 -9-9-9-9-9-9-9-9-9-9-9-9-9-9-9-9-9-9-9-9-9-9-9-9-9    -911374596963608490414113 3 613911191 6 410
5376 00 0-9 -9-9-9 -9-9-9-9-9-9-9-9-9-9-9-9-9-9-9-9-9-9-9-9-9-9-9-9-9    -922749193927216990414113 49712016354-9-9-9
5377 00 0-9 -9-9-9 -9-9-9-9-9-9-9-9-9-9-9-9-9-9-9-9-9-9-9-9-9-9-9-9-9    -916291273271101640414113 4 464141131 4 118
5378 10 0 1 684141 68-911 4 1 0-9 2 1 6 6 6 6 6 6 6 6 6 6 6 6 1 1 8-9  922916291273271101640414113 49763316171 6 5 5
5379 00 0-9 -9-9-9 -9-9-9-9-9-9-9-9-9-9-9-9-9-9-9-9-9-9-9-9-9-9-9-9-9    -910860848847401090414113 39763921161 6 817
5380 00 0-9 -9-9-9 -9-9-9-9-9-9-9-9-9-9-9-9-9-9-9-9-9-9-9-9-9-9-9-9-9    -916291273271101640414113 3 165321143-9-9-9
5381 00 0-9 -9-9-9 -9-9-9-9-9-9-9-9-9-9-9-9-9-9-9-9-9-9-9-9-9-9-9-9-9    -916291273271101640414113 39864521143-9-9-9
5382 00 0-9 -9-9-9 -9-9-9-9-9-9-9-9-9-9-9-9-9-9-9-9-9-9-9-9-9-9-9-9-9    -922749193927216990414113 49713616171 6 410
5383 10 0 1 684141 682121 4 2 0-9 2 6 1 6 6 6 6 6 6 6 6 6 6 6 1 1 8-9  889111374596963608490414113 2 415921171 6 216
5384 00 0-9 -9-9-9 -9-9-9-9-9-9-9-9-9-9-9-9-9-9-9-9-9-9-9-9-9-9-9-9-9    -9 5430424423700540414113 39864026361 61520
5385 00 0-9 -9-9-9 -9-9-9-9-9-9-9-9-9-9-9-9-9-9-9-9-9-9-9-9-9-9-9-9-9    -9 5430424423700540414113 1 268436125-9-9-9
5386 00 0-9 -9-9-9 -9-9-9-9-9-9-9-9-9-9-9-9-9-9-9-9-9-9-9-9-9-9-9-9-9    -910860848847401090414113 2 362216183-9-9-9
5387 00 0-9 -9-9-9 -9-9-9-9-9-9-9-9-9-9-9-9-9-9-9-9-9-9-9-9-9-9-9-9-9    -9 5430424423700540414113 2 165046143-9-9-9
5388 00 0-9 -9-9-9 -9-9-9-9-9-9-9-9-9-9-9-9-9-9-9-9-9-9-9-9-9-9-9-9-9    -910860848847401090414113 2 563816143-9-9-9
5389 00 0-9 -9-9-9 -9-9-9-9-9-9-9-9-9-9-9-9-9-9-9-9-9-9-9-9-9-9-9-9-9    -911374596963608490414113 2 217321125-9-9-9
5390 00 0-9 -9-9-9 -9-9-9-9-9-9-9-9-9-9-9-9-9-9-9-9-9-9-9-9-9-9-9-9-9    -911374596963608490414113 2 217421125-9-9-9
5391 00 0-9 -9-9-9 -9-9-9-9-9-9-9-9-9-9-9-9-9-9-9-9-9-9-9-9-9-9-9-9-9    -922749193927216990414113 4 315421121 615 8
5392 00 0-9 -9-9-9 -9-9-9-9-9-9-9-9-9-9-9-9-9-9-9-9-9-9-9-9-9-9-9-9-9    -916291273271101640414113 4 464121143-9-9-9
5393 00 0-9 -9-9-9 -9-9-9-9-9-9-9-9-9-9-9-9-9-9-9-9-9-9-9-9-9-9-9-9-9    -910860848847401090414113 4 464321157-9-9-9
5394 00 0-9 -9-9-9 -9-9-9-9-9-9-9-9-9-9-9-9-9-9-9-9-9-9-9-9-9-9-9-9-9    -916291273271101640414113 59764821121 1 1 3
5395 00 0-9 -9-9-9 -9-9-9-9-9-9-9-9-9-9-9-9-9-9-9-9-9-9-9-9-9-9-9-9-9    -911374596963608490414113 4 714421191 4 317
5396 00 0-9 -9-9-9 -9-9-9-9-9-9-9-9-9-9-9-9-9-9-9-9-9-9-9-9-9-9-9-9-9    -911374596963608490414113 2 216616165-9-9-9
5397 00 0-9 -9-9-9 -9-9-9-9-9-9-9-9-9-9-9-9-9-9-9-9-9-9-9-9-9-9-9-9-9    -916291273271101640414113 3 166621135-9-9-9
5398 20 0 1 684141 681111 1 120 2 2 1 6 6 6 6 6 6 6 6 6 6 6 6 6 1 1-9 1031217061895445412740414113 3 813816181 6 515
5399 00 0-9 -9-9-9 -9-9-9-9-9-9-9-9-9-9-9-9-9-9-9-9-9-9-9-9-9-9-9-9-9    -911374596963608490414113 2 217921125-9-9-9
5400 00 0-9 -9-9-9 -9-9-9-9-9-9-9-9-9-9-9-9-9-9-9-9-9-9-9-9-9-9-9-9-9    -911374596963608490414113 4 814321181 6 114
5401 00 0-9 -9-9-9 -9-9-9-9-9-9-9-9-9-9-9-9-9-9-9-9-9-9-9-9-9-9-9-9-9    -922749193927216990414113 4 713116181 1 216
5402 00 0-9 -9-9-9 -9-9-9-9-9-9-9-9-9-9-9-9-9-9-9-9-9-9-9-9-9-9-9-9-9    -9 5430424423700540414113 1 268136125-9-9-9
5403 00 0-9 -9-9-9 -9-9-9-9-9-9-9-9-9-9-9-9-9-9-9-9-9-9-9-9-9-9-9-9-9    -9 5430424423700540414113 19865716151 6 410
5404 10 0 1 684141 682929 6 330-9 2 1 6 6 6 6 6 6 6 6 6 6 6 6 1 1 8-9 1276611374596963608490414113 5 414821151 6 619
5405 10 0 1 684141 681414 6 130-9 2 6 1 6 6 6 6 6 6 6 6 6 6 6 1 111-9 1053110860848847401090414113 39863821188-9-9-9
5406 00 0-9 -9-9-9 -9-9-9-9-9-9-9-9-9-9-9-9-9-9-9-9-9-9-9-9-9-9-9-9-9    -9 5430424423700540414113 1 268636125-9-9-9
5407 00 0-9 -9-9-9 -9-9-9-9-9-9-9-9-9-9-9-9-9-9-9-9-9-9-9-9-9-9-9-9-9    -911374596963608490414113 29817521145-9-9-9
5408 00 0-9 -9-9-9 -9-9-9-9-9-9-9-9-9-9-9-9-9-9-9-9-9-9-9-9-9-9-9-9-9    -911374596963608490414113 2 417621145-9-9-9
5409 11 0 1 684141 -1-1-1 4 110-9 1 1 6 6 6 6 6 6 6 6 6 6 6 6 1 6 9-9    -1 5430424423700540414113 19863326191 7 217
5410 10 0 1 684141 68-921 9 130-9 2 1 6 6 6 6 6 6 6 6 6 6 6 6 6 1 8-9  796011374596963608490414113 29815736188-9-9-9
5411 00 0-9 -9-9-9 -9-9-9-9-9-9-9-9-9-9-9-9-9-9-9-9-9-9-9-9-9-9-9-9-9    -9 5430424423700540414113 1 168436125-9-9-9
5412 00 0-9 -9-9-9 -9-9-9-9-9-9-9-9-9-9-9-9-9-9-9-9-9-9-9-9-9-9-9-9-9    -911374596963608490414113 2 117921125-9-9-9
5413 00 0-9 -9-9-9 -9-9-9-9-9-9-9-9-9-9-9-9-9-9-9-9-9-9-9-9-9-9-9-9-9    -9 5430424423700540414113 1 267936127-9-9-9
5414 00 0-9 -9-9-9 -9-9-9-9-9-9-9-9-9-9-9-9-9-9-9-9-9-9-9-9-9-9-9-9-9    -9 5687298481804240414113 1 115216143-9-9-9
5415 00 0-9 -9-9-9 -9-9-9-9-9-9-9-9-9-9-9-9-9-9-9-9-9-9-9-9-9-9-9-9-9    -9 5430424423700540414113 1 267436127-9-9-9
5416 00 0-9 -9-9-9 -9-9-9-9-9-9-9-9-9-9-9-9-9-9-9-9-9-9-9-9-9-9-9-9-9    -910860848847401090414113 3 362711147-9-9-9
5417 10 0 1 684141 68-911 6 115-9 1 6 1 6 6 6 6 6 6 6 6 6 6 6 1 6 1-9  796621721697694802180414113 5 662516181 1 7 7
5418 00 0-9 -9-9-9 -9-9-9-9-9-9-9-9-9-9-9-9-9-9-9-9-9-9-9-9-9-9-9-9-9    -911374596963608490414113 3 514821193-9-9-9
5419 00 0-9 -9-9-9 -9-9-9-9-9-9-9-9-9-9-9-9-9-9-9-9-9-9-9-9-9-9-9-9-9    -910860848847401090414113 2 267336127-9-9-9
5420 10 0 1 684141 682121 6 115-9 1 1 6 6 6 6 6 6 6 6 6 6 6 6 1 1 5-9  650011374596963608490414113 3 313411161 1 1 7
5421 00 0-9 -9-9-9 -9-9-9-9-9-9-9-9-9-9-9-9-9-9-9-9-9-9-9-9-9-9-9-9-9    -916291273271101640414113 39865121147-9-9-9
5422 00 0-9 -9-9-9 -9-9-9-9-9-9-9-9-9-9-9-9-9-9-9-9-9-9-9-9-9-9-9-9-9    -911374596963608490414113 3 111811133-9-9-9
5423 00 0-9 -9-9-9 -9-9-9-9-9-9-9-9-9-9-9-9-9-9-9-9-9-9-9-9-9-9-9-9-9    -9 5430424423700540414113 1 167636125-9-9-9
5424 00 0-9 -9-9-9 -9-9-9-9-9-9-9-9-9-9-9-9-9-9-9-9-9-9-9-9-9-9-9-9-9    -922749193927216990414113 4 815821191 6 216
5425 10 0 1 684141 68-911 6 130-9 2 6 1 6 6 6 6 6 6 6 6 6 6 6 1 1 8-9  925210860848847401090414113 4 863921181 6 518
5426 00 0-9 -9-9-9 -9-9-9-9-9-9-9-9-9-9-9-9-9-9-9-9-9-9-9-9-9-9-9-9-9    -922749193927216990414113 5 312316154-9-9-9
5427 00 1 1 684141236-9-9 618 0-9 2 6 6 6 6 6 6 6 6 6 1 6 6 6 1 1-91235698510860848847401090414113 7 564221157-9-9-9
5428 00 0-9 -9-9-9 -9-9-9-9-9-9-9-9-9-9-9-9-9-9-9-9-9-9-9-9-9-9-9-9-9    -921721697694802180414113 4 868721135-9-9-9
5429 00 0-9 -9-9-9 -9-9-9-9-9-9-9-9-9-9-9-9-9-9-9-9-9-9-9-9-9-9-9-9-9    -927152122118502730414113 89761616144-9-9-9
5430 24 0 1 684141 68-9 6 1 9 0 3 1 1 6 6 6 6 6 6 6 6 6 6 6 6 6 6 8-9 1498111374596963608490414113 4 814221191 6 113
5431 11 0 1 684141 68-928 11030 5 1 6 6 6 6 6 6 6 1 6 6 6 6 6 6 1-9 1 3987211374596963608490414113 5 813921191 4 217
5432 10 0 1 684141 681211 6 230-9 2 1 6 6 6 6 6 6 6 6 6 6 6 6 1 1 8-9 1536911374596963608490414113 2 816421191 9 217
5433 00 0-9 -9-9-9 -9-9-9-9-9-9-9-9-9-9-9-9-9-9-9-9-9-9-9-9-9-9-9-9-9    -922749193927216990414113 4 811916154-9-9-9
5434 00 0-9 -9-9-9 -9-9-9-9-9-9-9-9-9-9-9-9-9-9-9-9-9-9-9-9-9-9-9-9-9    -921721697694802180414113 4 461916154-9-9-9
5435 01 0 2 -1-1-1 68-9 6 7 3 0-9 2 6 1 6 6 6 6 6 6 6 6 6 6 6 1 1 8-9    -116291273271101640414113 3 262816221 61520
5436 00 0-9 -9-9-9 -9-9-9-9-9-9-9-9-9-9-9-9-9-9-9-9-9-9-9-9-9-9-9-9-9    -910860848847401090414113 2 268021127-9-9-9
5437 00 0-9 -9-9-9 -9-9-9-9-9-9-9-9-9-9-9-9-9-9-9-9-9-9-9-9-9-9-9-9-9    -916291273271101640414113 3 662116153-9-9-9
5438 00 0-9 -9-9-9 -9-9-9-9-9-9-9-9-9-9-9-9-9-9-9-9-9-9-9-9-9-9-9-9-9    -916291273271101640414113 3 565021152 6 515
5439 00 0-9 -9-9-9 -9-9-9-9-9-9-9-9-9-9-9-9-9-9-9-9-9-9-9-9-9-9-9-9-9    -910860848847401090414113 2 865521191 6 216
5440 00 0-9 -9-9-9 -9-9-9-9-9-9-9-9-9-9-9-9-9-9-9-9-9-9-9-9-9-9-9-9-9    -927152122118502730414113 5 665116166-9-9-9
5441 00 0-9 -9-9-9 -9-9-9-9-9-9-9-9-9-9-9-9-9-9-9-9-9-9-9-9-9-9-9-9-9    -911374596963608490414113 2 813311151 1 118
5442 21 1 1 684141 682929 1 210 3 1 1 6 6 6 6 6 6 6 6 6 6 6 6 6 6 9-9 1595011374596963608490414113 2 815321151 6 4 3
5443 10 0 1 684141 682121 6 2 0-9 2 6 1 6 6 6 6 6 6 6 6 6 6 6 1 111-9 1104910860848847401090414113 29866421155-9-9-9
5444 00 0-9 -9-9-9 -9-9-9-9-9-9-9-9-9-9-9-9-9-9-9-9-9-9-9-9-9-9-9-9-9    -911374596963608490414113 2 614816181 6 216
5445 10 0 1 684141 682121 6 145-9 2 6 1 6 6 6 6 6 6 6 6 6 6 6 1 111-9 1104917061895445412740414113 49812016154-9-9-9
5446 00 0-9 -9-9-9 -9-9-9-9-9-9-9-9-9-9-9-9-9-9-9-9-9-9-9-9-9-9-9-9-9    -910860848847401090414113 29866521147-9-9-9
5447 21 0 2 -1-1-1 681111 6 115-9 2 1 6 6 6 6 6 6 6 6 6 6 6 6 6 1 8-9    -1 5687298481804240414113 19815946191 6 115
5448 00 0-9 -9-9-9 -9-9-9-9-9-9-9-9-9-9-9-9-9-9-9-9-9-9-9-9-9-9-9-9-9    -910860848847401090414113 2 266821146-9-9-9
5449 00 0-9 -9-9-9 -9-9-9-9-9-9-9-9-9-9-9-9-9-9-9-9-9-9-9-9-9-9-9-9-9    -911374596963608490414113 2 213541181 9 3 9
5450 00 0-9 -9-9-9 -9-9-9-9-9-9-9-9-9-9-9-9-9-9-9-9-9-9-9-9-9-9-9-9-9    -922749193927216990414113 49711716144-9-9-9
5451 00 0-9 -9-9-9 -9-9-9-9-9-9-9-9-9-9-9-9-9-9-9-9-9-9-9-9-9-9-9-9-9    -910860848847401090414113 4 664521191 6 215
5452 00 0-9 -9-9-9 -9-9-9-9-9-9-9-9-9-9-9-9-9-9-9-9-9-9-9-9-9-9-9-9-9    -911374596963608490414113 2 518036145-9-9-9
5453 00 0-9 -9-9-9 -9-9-9-9-9-9-9-9-9-9-9-9-9-9-9-9-9-9-9-9-9-9-9-9-9    -910860848847401090414113 2 465046191 6 216
5454 00 0-9 -9-9-9 -9-9-9-9-9-9-9-9-9-9-9-9-9-9-9-9-9-9-9-9-9-9-9-9-9    -921721697694802180414113 4 463416191 4 216
5455 00 0-9 -9-9-9 -9-9-9-9-9-9-9-9-9-9-9-9-9-9-9-9-9-9-9-9-9-9-9-9-9    -910860848847401090414113 29767421145-9-9-9
5456 10 0 1 684141 -1-1-1 6 1 0-9 2 1 6 6 6 6 6 6 6 6 6 6 6 6 1 110-9    -110860848847401090414113 3 464116171 7 615
5457 00 0-9 -9-9-9 -9-9-9-9-9-9-9-9-9-9-9-9-9-9-9-9-9-9-9-9-9-9-9-9-9    -910860848847401090414113 39863321181 6 216
5458 00 0-9 -9-9-9 -9-9-9-9-9-9-9-9-9-9-9-9-9-9-9-9-9-9-9-9-9-9-9-9-9    -916291273271101640414113 3 364716136-9-9-9
5459 00 0-9 -9-9-9 -9-9-9-9-9-9-9-9-9-9-9-9-9-9-9-9-9-9-9-9-9-9-9-9-9    -917061895445412740414113 3 316821145-9-9-9
5460 00 0-9 -9-9-9 -9-9-9-9-9-9-9-9-9-9-9-9-9-9-9-9-9-9-9-9-9-9-9-9-9    -910860848847401090414113 39863921143-9-9-9
5461 00 0-9 -9-9-9 -9-9-9-9-9-9-9-9-9-9-9-9-9-9-9-9-9-9-9-9-9-9-9-9-9    -911374596963608490414113 4 314621161 6 615
5462 10 0 1 684141 682121 6 115-9 2 6 1 6 6 6 6 6 6 6 6 6 6 6 1 1 7-9  693016291273271101640414113 3 362216184-9-9-9
5463 00 0-9 -9-9-9 -9-9-9-9-9-9-9-9-9-9-9-9-9-9-9-9-9-9-9-9-9-9-9-9-9    -928436492409021240414113 5 515421141 415 4
5464 00 0-9 -9-9-9 -9-9-9-9-9-9-9-9-9-9-9-9-9-9-9-9-9-9-9-9-9-9-9-9-9    -910860848847401090414113 2 564616161 6 8 8
5465 00 0-9 -9-9-9 -9-9-9-9-9-9-9-9-9-9-9-9-9-9-9-9-9-9-9-9-9-9-9-9-9    -921721697694802180414113 4 464321167-9-9-9
5466 00 0-9 -9-9-9 -9-9-9-9-9-9-9-9-9-9-9-9-9-9-9-9-9-9-9-9-9-9-9-9-9    -916291273271101640414113 3 565721137-9-9-9
5467 00 0-9 -9-9-9 -9-9-9-9-9-9-9-9-9-9-9-9-9-9-9-9-9-9-9-9-9-9-9-9-9    -910860848847401090414113 4 363521142 61520
5468 00 0-9 -9-9-9 -9-9-9-9-9-9-9-9-9-9-9-9-9-9-9-9-9-9-9-9-9-9-9-9-9    -921721697694802180414113 4 367121127-9-9-9
5469 01 1 1 684141190-9-9 6 230-9 2 6 6 6 6 6 6 6 6 6 1 6 6 6 1 1-9 618757116291273271101640414113 3 762416183-9-9-9
5470 00 0-9 -9-9-9 -9-9-9-9-9-9-9-9-9-9-9-9-9-9-9-9-9-9-9-9-9-9-9-9-9    -910860848847401090414113 2 365121141 6 216
5471 00 0-9 -9-9-9 -9-9-9-9-9-9-9-9-9-9-9-9-9-9-9-9-9-9-9-9-9-9-9-9-9    -9 5430424423700540414113 1 266336142 1 314
5472 00 0-9 -9-9-9 -9-9-9-9-9-9-9-9-9-9-9-9-9-9-9-9-9-9-9-9-9-9-9-9-9    -922749193927216990414113 4 315221153-9-9-9
5473 10 0 1 684141 682929 1 230 3 1 1 6 6 6 6 6 6 6 6 6 6 6 6 1 6 8-9 1378528436492409021240414113 5 312716141 715 7
5474 00 0-9 -9-9-9 -9-9-9-9-9-9-9-9-9-9-9-9-9-9-9-9-9-9-9-9-9-9-9-9-9    -911374596963608490414113 3 514321151 7 7 9
5475 00 0-9 -9-9-9 -9-9-9-9-9-9-9-9-9-9-9-9-9-9-9-9-9-9-9-9-9-9-9-9-9    -916291273271101640414113 3 165821133-9-9-9
5476 10 0 1 684141 68-921 1 115 5 1 6 1 6 6 6 6 6 6 6 6 6 6 6 1 6 3-9  780811374596963608490414113 3 214021163-9-9-9
5477 00 0-9 -9-9-9 -9-9-9-9-9-9-9-9-9-9-9-9-9-9-9-9-9-9-9-9-9-9-9-9-9    -927152122118502730414113 5 265221137-9-9-9
5478 00 0-9 -9-9-9 -9-9-9-9-9-9-9-9-9-9-9-9-9-9-9-9-9-9-9-9-9-9-9-9-9    -911374596963608490414113 2 413621142 7 7 7
5479 10 0 1 684141 681111 6 145-9 2 1 6 6 6 6 6 6 6 6 6 6 6 6 1 1 7-9  948316291273271101640414113 3 562516171 7 413
5480 00 0-9 -9-9-9 -9-9-9-9-9-9-9-9-9-9-9-9-9-9-9-9-9-9-9-9-9-9-9-9-9    -9 5430424423700540414113 1 363116191 6 310
5481 00 0-9 -9-9-9 -9-9-9-9-9-9-9-9-9-9-9-9-9-9-9-9-9-9-9-9-9-9-9-9-9    -9 5687298481804240414113 1 115046133-9-9-9
5482 00 0-9 -9-9-9 -9-9-9-9-9-9-9-9-9-9-9-9-9-9-9-9-9-9-9-9-9-9-9-9-9    -9 5687298481804240414113 1 216936155-9-9-9
5483 10 0 1 684141 68-921 6 1 0-9 1 1 6 6 6 6 6 6 6 6 6 6 6 6 1 1 8-9  784316291273271101640414113 3 362116172 7 919
5484 10 0 1 684141 68-918 6 230-9 1 6 1 6 6 6 6 6 6 6 6 6 6 6 1 6 8-9 2389710860848847401090414113 2 365521133-9-9-9
5485 10 0 1 684141 682121 6 1 0-9 1 6 1 6 6 6 6 6 6 6 6 6 6 6 1 1 2-9  927610860848847401090414113 4 663921141 6 7 7
5486 00 0-9 -9-9-9 -9-9-9-9-9-9-9-9-9-9-9-9-9-9-9-9-9-9-9-9-9-9-9-9-9    -917061895445412740414113 6 215836143-9-9-9
5487 00 0-9 -9-9-9 -9-9-9-9-9-9-9-9-9-9-9-9-9-9-9-9-9-9-9-9-9-9-9-9-9    -910860848847401090414113 3 165346143-9-9-9
5488 00 0-9 -9-9-9 -9-9-9-9-9-9-9-9-9-9-9-9-9-9-9-9-9-9-9-9-9-9-9-9-9    -910860848847401090414113 2 762821151 6 614
5489 00 0-9 -9-9-9 -9-9-9-9-9-9-9-9-9-9-9-9-9-9-9-9-9-9-9-9-9-9-9-9-9    -922749193927216990414113 4 512816143-9-9-9
5490 00 0-9 -9-9-9 -9-9-9-9-9-9-9-9-9-9-9-9-9-9-9-9-9-9-9-9-9-9-9-9-9    -921721697694802180414113 4 262916171 6 514
5491 00 0-9 -9-9-9 -9-9-9-9-9-9-9-9-9-9-9-9-9-9-9-9-9-9-9-9-9-9-9-9-9    -911374596963608490414113 2 213711173-9-9-9
5492 00 0-9 -9-9-9 -9-9-9-9-9-9-9-9-9-9-9-9-9-9-9-9-9-9-9-9-9-9-9-9-9    -911374596963608490414113 2 816346198-9-9-9
5493 10 0 1 684141 68-911 6 130-9 1 1 6 6 6 6 6 6 6 6 6 6 6 6 1 6 8-9  947217061895445412740414113 3 515921181 6 216
5494 00 0-9 -9-9-9 -9-9-9-9-9-9-9-9-9-9-9-9-9-9-9-9-9-9-9-9-9-9-9-9-9    -911374596963608490414113 4 613711161 6 915
5495 00 0-9 -9-9-9 -9-9-9-9-9-9-9-9-9-9-9-9-9-9-9-9-9-9-9-9-9-9-9-9-9    -9 5430424423700540414113 1 266236127-9-9-9
5496 00 0-9 -9-9-9 -9-9-9-9-9-9-9-9-9-9-9-9-9-9-9-9-9-9-9-9-9-9-9-9-9    -910860848847401090414113 4 263621193-9-9-9
5497 00 0-9 -9-9-9 -9-9-9-9-9-9-9-9-9-9-9-9-9-9-9-9-9-9-9-9-9-9-9-9-9    -911374596963608490414113 2 118821165-9-9-9
5498 00 0-9 -9-9-9 -9-9-9-9-9-9-9-9-9-9-9-9-9-9-9-9-9-9-9-9-9-9-9-9-9    -910860848847401090414113 2 865421161 6 217
5499 00 0-9 -9-9-9 -9-9-9-9-9-9-9-9-9-9-9-9-9-9-9-9-9-9-9-9-9-9-9-9-9    -916291273271101640414113 39765216136-9-9-9
5500 00 0-9 -9-9-9 -9-9-9-9-9-9-9-9-9-9-9-9-9-9-9-9-9-9-9-9-9-9-9-9-9    -916291273271101640414113 39765521293-9-9-9
5501 00 0-9 -9-9-9 -9-9-9-9-9-9-9-9-9-9-9-9-9-9-9-9-9-9-9-9-9-9-9-9-9    -911374596963608490414113 2 116621145-9-9-9
5502 00 0-9 -9-9-9 -9-9-9-9-9-9-9-9-9-9-9-9-9-9-9-9-9-9-9-9-9-9-9-9-9    -911374596963608490414113 2 213736145-9-9-9
5503 00 0-9 -9-9-9 -9-9-9-9-9-9-9-9-9-9-9-9-9-9-9-9-9-9-9-9-9-9-9-9-9    -910860848847401090414113 29766916145-9-9-9
5504 00 0-9 -9-9-9 -9-9-9-9-9-9-9-9-9-9-9-9-9-9-9-9-9-9-9-9-9-9-9-9-9    -922749193927216990414113 4 715021191 6 314
5505 00 0-9 -9-9-9 -9-9-9-9-9-9-9-9-9-9-9-9-9-9-9-9-9-9-9-9-9-9-9-9-9    -922749193927216990414113 49711616144-9-9-9
5506 00 0-9 -9-9-9 -9-9-9-9-9-9-9-9-9-9-9-9-9-9-9-9-9-9-9-9-9-9-9-9-9    -911374596963608490414113 2 119136135-9-9-9
5507 00 0-9 -9-9-9 -9-9-9-9-9-9-9-9-9-9-9-9-9-9-9-9-9-9-9-9-9-9-9-9-9    -910860848847401090414113 4 567336145-9-9-9
5508 00 1 1 684141 75-9-9 624 0-9 2 6 6 6 6 6 6 6 6 1 6 6 6 6 1 1-91212381716291273271101640414113 39761916174-9-9-9
5509 00 0-9 -9-9-9 -9-9-9-9-9-9-9-9-9-9-9-9-9-9-9-9-9-9-9-9-9-9-9-9-9    -9 5430424423700540414113 2 164746188-9-9-9
5510 00 0-9 -9-9-9 -9-9-9-9-9-9-9-9-9-9-9-9-9-9-9-9-9-9-9-9-9-9-9-9-9    -910860848847401090414113 29762711182 7 7 7
5511 80 0 1 684141 -1-1-1 1 1 0 1 1 1 6 6 6 6 6 6 6 6 6 6 6 6 6 6 1-9    -111374596963608490414113 3 513621191 7 217
5512 00 0-9 -9-9-9 -9-9-9-9-9-9-9-9-9-9-9-9-9-9-9-9-9-9-9-9-9-9-9-9-9    -911374596963608490414113 2 514721151 6 3 7
5513 10 0 1 684141 681818 4 245-9 1 6 1 6 6 6 6 6 6 6 6 6 6 6 1 1 7-9 2113717061895445412740414113 4 811716144-9-9-9
5514 10 0 1 684141 681111 6 130-9 2 1 6 6 6 6 6 6 6 6 6 6 6 6 1 1 7-9  9182 5430424423700540414113 1 465816151 6 515
5515 00 0-9 -9-9-9 -9-9-9-9-9-9-9-9-9-9-9-9-9-9-9-9-9-9-9-9-9-9-9-9-9    -910860848847401090414113 4 863921191 7 216
5516 00 0-9 -9-9-9 -9-9-9-9-9-9-9-9-9-9-9-9-9-9-9-9-9-9-9-9-9-9-9-9-9    -9 5687298481804240414113 1 213626191 6 319
5517 10 0 1 684141 681111 4 145-9 1 6 6 6 6 6 6 6 1 6 6 6 6 6 1 6-912 10144 5687298481804240414113 1 313216191 6 413
5518 00 0-9 -9-9-9 -9-9-9-9-9-9-9-9-9-9-9-9-9-9-9-9-9-9-9-9-9-9-9-9-9    -910860848847401090414113 2 267321137-9-9-9
5519 00 0-9 -9-9-9 -9-9-9-9-9-9-9-9-9-9-9-9-9-9-9-9-9-9-9-9-9-9-9-9-9    -9 5430424423700540414113 19868936127-9-9-9
5520 00 0-9 -9-9-9 -9-9-9-9-9-9-9-9-9-9-9-9-9-9-9-9-9-9-9-9-9-9-9-9-9    -911374596963608490414113 4 813211191 6 319
5521 10 0 1 684141 68-918 4 410-9 2 6 6 6 6 6 6 6 1 6 6 6 6 6 6 1-9 9 2509111374596963608490414113 29815946151 9 515
5522 00 0-9 -9-9-9 -9-9-9-9-9-9-9-9-9-9-9-9-9-9-9-9-9-9-9-9-9-9-9-9-9    -917061895445412740414113 3 515521151 1 7 8
5523 00 0-9 -9-9-9 -9-9-9-9-9-9-9-9-9-9-9-9-9-9-9-9-9-9-9-9-9-9-9-9-9    -910860848847401090414113 2 865621191 3 117
5524 00 0-9 -9-9-9 -9-9-9-9-9-9-9-9-9-9-9-9-9-9-9-9-9-9-9-9-9-9-9-9-9    -911374596963608490414113 2 213716153-9-9-9
5525 00 0-9 -9-9-9 -9-9-9-9-9-9-9-9-9-9-9-9-9-9-9-9-9-9-9-9-9-9-9-9-9    -911374596963608490414113 3 814121191 6 313
5526 00 0-9 -9-9-9 -9-9-9-9-9-9-9-9-9-9-9-9-9-9-9-9-9-9-9-9-9-9-9-9-9    -916291273271101640414113 4 267436115-9-9-9
5527 00 0-9 -9-9-9 -9-9-9-9-9-9-9-9-9-9-9-9-9-9-9-9-9-9-9-9-9-9-9-9-9    -9 5430424423700540414113 1 167016145-9-9-9
5528 00 0-9 -9-9-9 -9-9-9-9-9-9-9-9-9-9-9-9-9-9-9-9-9-9-9-9-9-9-9-9-9    -910860848847401090414113 3 668236125-9-9-9
5529 10 0 1 684141 68-911 6 130-9 2 1 6 6 6 6 6 6 1 6 6 6 6 6 6 1-9-9  953910860848847401090414113 2 464411181 6 6 9
5530 00 0-9 -9-9-9 -9-9-9-9-9-9-9-9-9-9-9-9-9-9-9-9-9-9-9-9-9-9-9-9-9    -916291273271101640414113 39865721151 6 815
5531 00 0-9 -9-9-9 -9-9-9-9-9-9-9-9-9-9-9-9-9-9-9-9-9-9-9-9-9-9-9-9-9    -928436492409021240414113 5 615721141 616 7
5532 00 0-9 -9-9-9 -9-9-9-9-9-9-9-9-9-9-9-9-9-9-9-9-9-9-9-9-9-9-9-9-9    -910860848847401090414113 2 266721145-9-9-9
5533 00 0-9 -9-9-9 -9-9-9-9-9-9-9-9-9-9-9-9-9-9-9-9-9-9-9-9-9-9-9-9-9    -9 5687298481804240414113 1 314916165-9-9-9
5534 00 0-9 -9-9-9 -9-9-9-9-9-9-9-9-9-9-9-9-9-9-9-9-9-9-9-9-9-9-9-9-9    -9 5687298481804240414113 1 115216148-9-9-9
5535 00 0-9 -9-9-9 -9-9-9-9-9-9-9-9-9-9-9-9-9-9-9-9-9-9-9-9-9-9-9-9-9    -911374596963608490414113 2 218321115-9-9-9
5536 00 0-9 -9-9-9 -9-9-9-9-9-9-9-9-9-9-9-9-9-9-9-9-9-9-9-9-9-9-9-9-9    -910860848847401090414113 3 463311172 6 7 7
5537 00 0-9 -9-9-9 -9-9-9-9-9-9-9-9-9-9-9-9-9-9-9-9-9-9-9-9-9-9-9-9-9    -9 5430424423700540414113 1 263046141 6 7 7
5538 00 0-9 -9-9-9 -9-9-9-9-9-9-9-9-9-9-9-9-9-9-9-9-9-9-9-9-9-9-9-9-9    -9 5687298481804240414113 1 215016141 615 5
5539 10 0 1 684141 682121 6 115-9 2 1 6 6 6 6 6 6 6 6 6 6 6 6 6 6 8-9  687517061895445412740414113 3 613716171 6 4 2
5540 00 0-9 -9-9-9 -9-9-9-9-9-9-9-9-9-9-9-9-9-9-9-9-9-9-9-9-9-9-9-9-9    -921721697694802180414113 4 264921142 91520
5541 01 0 1 684141 68-9 6 4 2 0-9 2 1 6 6 6 6 6 6 6 6 6 6 6 6 1 1 8-9 1486617061895445412740414113 3 114921133-9-9-9
5542 00 0-9 -9-9-9 -9-9-9-9-9-9-9-9-9-9-9-9-9-9-9-9-9-9-9-9-9-9-9-9-9    -917061895445412740414113 39814326143-9-9-9
5543 00 0-9 -9-9-9 -9-9-9-9-9-9-9-9-9-9-9-9-9-9-9-9-9-9-9-9-9-9-9-9-9    -911374596963608490414113 29818021145-9-9-9
5544 00 0-9 -9-9-9 -9-9-9-9-9-9-9-9-9-9-9-9-9-9-9-9-9-9-9-9-9-9-9-9-9    -927152122118502730414113 8 364221137-9-9-9
5545 00 0-9 -9-9-9 -9-9-9-9-9-9-9-9-9-9-9-9-9-9-9-9-9-9-9-9-9-9-9-9-9    -932582546542203280414113 79765821127-9-9-9
5546 00 0-9 -9-9-9 -9-9-9-9-9-9-9-9-9-9-9-9-9-9-9-9-9-9-9-9-9-9-9-9-9    -917061895445412740414113 3 215521123-9-9-9
5547 00 0-9 -9-9-9 -9-9-9-9-9-9-9-9-9-9-9-9-9-9-9-9-9-9-9-9-9-9-9-9-9    -911374596963608490414113 2 315246131 6 3 6
5548 00 0-9 -9-9-9 -9-9-9-9-9-9-9-9-9-9-9-9-9-9-9-9-9-9-9-9-9-9-9-9-9    -916291273271101640414113 59761816132 5 7 7
5549 00 0-9 -9-9-9 -9-9-9-9-9-9-9-9-9-9-9-9-9-9-9-9-9-9-9-9-9-9-9-9-9    -910860848847401090414113 2 266721125-9-9-9
5550 00 0-9 -9-9-9 -9-9-9-9-9-9-9-9-9-9-9-9-9-9-9-9-9-9-9-9-9-9-9-9-9    -911374596963608490414113 3 313721161 61215
5551 00 0-9 -9-9-9 -9-9-9-9-9-9-9-9-9-9-9-9-9-9-9-9-9-9-9-9-9-9-9-9-9    -910860848847401090414113 29766921147-9-9-9
5552 00 0-9 -9-9-9 -9-9-9-9-9-9-9-9-9-9-9-9-9-9-9-9-9-9-9-9-9-9-9-9-9    -921721697694802180414113 4 869436145-9-9-9
5553 10 0 1 684141 681211 6 2 0-9 2 6 1 6 6 6 6 6 6 6 6 6 6 6 1 1 8-9 1469221721697694802180414113 4 566021143-9-9-9
5554 10 0 1 684141 682121 6 130-9 1 6 1 6 6 6 6 6 6 6 6 6 6 6 1 6 1-9 1231322749193927216990414113 4 612316193-9-9-9
5555 20 0 1 684141 681111 6 130-9 1 6 1 6 6 6 6 6 6 6 6 6 6 6 1 6 8-9  9553 5430424423700540414113 1 366316196-9-9-9
5556 00 0-9 -9-9-9 -9-9-9-9-9-9-9-9-9-9-9-9-9-9-9-9-9-9-9-9-9-9-9-9-9    -927152122118502730414113 59765521153-9-9-9
5557 00 0-9 -9-9-9 -9-9-9-9-9-9-9-9-9-9-9-9-9-9-9-9-9-9-9-9-9-9-9-9-9    -917061895445412740414113 3 712216184-9-9-9
5558 10 0 1 684141 682121 6 115-9 2 6 1 6 6 6 6 6 6 6 6 6 6 6 1 1 8-9  899610860848847401090414113 29765821143-9-9-9
5559 10 0 1 684141 681111 6 130-9 2 6 1 6 6 6 6 6 6 6 6 6 6 6 1 1 8-9  931010860848847401090414113 39864121154-9-9-9
5560 00 0-9 -9-9-9 -9-9-9-9-9-9-9-9-9-9-9-9-9-9-9-9-9-9-9-9-9-9-9-9-9    -916291273271101640414113 3 562616194-9-9-9
5561 00 0-9 -9-9-9 -9-9-9-9-9-9-9-9-9-9-9-9-9-9-9-9-9-9-9-9-9-9-9-9-9    -910860848847401090414113 2 465721137-9-9-9
5562 00 0-9 -9-9-9 -9-9-9-9-9-9-9-9-9-9-9-9-9-9-9-9-9-9-9-9-9-9-9-9-9    -921721697694802180414113 4 262116143-9-9-9
5563 00 0-9 -9-9-9 -9-9-9-9-9-9-9-9-9-9-9-9-9-9-9-9-9-9-9-9-9-9-9-9-9    -916291273271101640414113 5 261716144-9-9-9
5564 00 0-9 -9-9-9 -9-9-9-9-9-9-9-9-9-9-9-9-9-9-9-9-9-9-9-9-9-9-9-9-9    -9 5430424423700540414113 2 262816162 7 6 7
5565 01 0 1 684141 68-9 6 6 1 0-9 1 6 1 6 6 6 6 6 6 6 6 6 6 6 1 6 5-9 14890 5687298481804240414113 1 215746145-9-9-9
5566 10 0 2 684141 68-921 4 115-9 1 1 6 6 6 6 6 6 6 6 6 6 6 6 1 6 3-9  697411374596963608490414113 2 415921125-9-9-9
5567 00 0-9 -9-9-9 -9-9-9-9-9-9-9-9-9-9-9-9-9-9-9-9-9-9-9-9-9-9-9-9-9    -922749193927216990414113 5 217421125-9-9-9
5568 00 0-9 -9-9-9 -9-9-9-9-9-9-9-9-9-9-9-9-9-9-9-9-9-9-9-9-9-9-9-9-9    -910860848847401090414113 3 463021142 7 7 9
5569 00 0-9 -9-9-9 -9-9-9-9-9-9-9-9-9-9-9-9-9-9-9-9-9-9-9-9-9-9-9-9-9    -911374596963608490414113 4 315221141 7 9 6
5570 00 0-9 -9-9-9 -9-9-9-9-9-9-9-9-9-9-9-9-9-9-9-9-9-9-9-9-9-9-9-9-9    -910860848847401090414113 2 266936127-9-9-9
5571 00 0-9 -9-9-9 -9-9-9-9-9-9-9-9-9-9-9-9-9-9-9-9-9-9-9-9-9-9-9-9-9    -916291273271101640414113 3 562816163-9-9-9
5572 03 0 1 684141 68-937 6 430-9 2 6 1 6 6 6 6 6 6 6 6 6 6 6 1 1 7-9 3791016291273271101640414113 3 664921177-9-9-9
5573 10 0 1 684141 681111 4 130-9 2 6 1 6 6 6 6 6 6 6 6 6 6 6 1 1 8-9  782810860848847401090414113 2 365721132 9 7 9
5574 20 0 1 684141 681414 1 045 5 1 6 6 6 6 6 6 6 1 6 6 6 6 6 1 6-9 1 1143210860848847401090414113 2 665146171 6 4 6
5575 01 0 1 684141 68-9 6 4 115-9 2 6 1 6 6 6 6 6 6 6 6 6 6 6 1 1 8-9 1477021721697694802180414113 4 265321147-9-9-9
5576 00 0-9 -9-9-9 -9-9-9-9-9-9-9-9-9-9-9-9-9-9-9-9-9-9-9-9-9-9-9-9-9    -910860848847401090414113 3 562916243-9-9-9
5577 00 0-9 -9-9-9 -9-9-9-9-9-9-9-9-9-9-9-9-9-9-9-9-9-9-9-9-9-9-9-9-9    -921721697694802180414113 4 864921161 7 5 7
5578 00 0-9 -9-9-9 -9-9-9-9-9-9-9-9-9-9-9-9-9-9-9-9-9-9-9-9-9-9-9-9-9    -916291273271101640414113 4 265021122 71520
5579 00 0-9 -9-9-9 -9-9-9-9-9-9-9-9-9-9-9-9-9-9-9-9-9-9-9-9-9-9-9-9-9    -917061895445412740414113 4 414721141 6 4 6
5580 10 0 1 684141 682121 6 2 0-9 2 6 1 6 6 6 6 6 6 6 6 6 6 6 1 1 8-9 1179310860848847401090414113 2 765621193-9-9-9
5581 10 0 1 684141 682121 6 110-9 2 1 6 6 6 6 6 6 6 6 6 6 6 6 1 1 1-9  426811374596963608490414113 3 413911171 7 411
5582 00 0-9 -9-9-9 -9-9-9-9-9-9-9-9-9-9-9-9-9-9-9-9-9-9-9-9-9-9-9-9-9    -911374596963608490414113 4 113921143-9-9-9
5583 10 0 1 684141 681111 6 130-9 2 6 1 6 6 6 6 6 6 6 6 6 6 6 1 1 8-9  938210860848847401090414113 3 161716144-9-9-9
5584 00 0-9 -9-9-9 -9-9-9-9-9-9-9-9-9-9-9-9-9-9-9-9-9-9-9-9-9-9-9-9-9    -9 5687298481804240414113 1 215716181 6 817
5585 00 0-9 -9-9-9 -9-9-9-9-9-9-9-9-9-9-9-9-9-9-9-9-9-9-9-9-9-9-9-9-9    -910860848847401090414113 4 264321172 6 714
5586 00 0-9 -9-9-9 -9-9-9-9-9-9-9-9-9-9-9-9-9-9-9-9-9-9-9-9-9-9-9-9-9    -9 5687298481804240414113 1 314426143-9-9-9
5587 00 0-9 -9-9-9 -9-9-9-9-9-9-9-9-9-9-9-9-9-9-9-9-9-9-9-9-9-9-9-9-9    -910860848847401090414113 4 464221173-9-9-9
5588 00 0-9 -9-9-9 -9-9-9-9-9-9-9-9-9-9-9-9-9-9-9-9-9-9-9-9-9-9-9-9-9    -910860848847401090414113 4 463521143-9-9-9
5589 00 0-9 -9-9-9 -9-9-9-9-9-9-9-9-9-9-9-9-9-9-9-9-9-9-9-9-9-9-9-9-9    -911374596963608490414113 39815941181 6 6 8
5590 00 0-9 -9-9-9 -9-9-9-9-9-9-9-9-9-9-9-9-9-9-9-9-9-9-9-9-9-9-9-9-9    -910860848847401090414113 39864421147-9-9-9
5591 10 0 1 684141 681111 6 130-9 2 6 1 6 6 6 6 6 6 6 6 6 6 6 1 1 8-9 1116110860848847401090414113 2 564921137-9-9-9
5592 00 0-9 -9-9-9 -9-9-9-9-9-9-9-9-9-9-9-9-9-9-9-9-9-9-9-9-9-9-9-9-9    -911374596963608490414113 2 317321165-9-9-9
5593 10 0 1 684141 68-918 8 3 0-9 2 6 6 6 6 6 1 6 6 6 6 6 6 6 6 1-9 4 23556 5687298481804240414113 1 613816181 6 4 8
5594 31 0 1 684141 681818 1 3 0 4 1 1 6 6 6 6 6 6 6 6 6 6 6 6 1 111-9 2073510860848847401090414113 2 863011141 6 5 7
5595 00 0-9 -9-9-9 -9-9-9-9-9-9-9-9-9-9-9-9-9-9-9-9-9-9-9-9-9-9-9-9-9    -917061895445412740414113 3 213016173-9-9-9
5596 00 0-9 -9-9-9 -9-9-9-9-9-9-9-9-9-9-9-9-9-9-9-9-9-9-9-9-9-9-9-9-9    -910860848847401090414113 2 363921141 7 815
5597 00 0-9 -9-9-9 -9-9-9-9-9-9-9-9-9-9-9-9-9-9-9-9-9-9-9-9-9-9-9-9-9    -911374596963608490414113 2 415821151 612 4
5598 10 0 1 684141 68-921 6 1 0-9 2 6 1 6 6 6 6 6 6 6 6 6 6 6 1 1 8-9  780822749193927216990414113 4 416421155-9-9-9
5599 00 0-9 -9-9-9 -9-9-9-9-9-9-9-9-9-9-9-9-9-9-9-9-9-9-9-9-9-9-9-9-9    -911374596963608490414113 3 413921141 6 7 7
5600 10 0 1 684141 681111 6 1 0-9 2 1 6 6 6 6 6 6 6 6 6 6 6 6 1 1 8-9  793211374596963608490414113 3 312821141 4 7 7
5601 11 0 1 684141 68-921 4 130-9 2 6 1 6 6 6 6 6 6 6 6 6 6 6 1 1 1-9 1263210860848847401090414113 3 663621171 6 6 3
5602 00 0-9 -9-9-9 -9-9-9-9-9-9-9-9-9-9-9-9-9-9-9-9-9-9-9-9-9-9-9-9-9    -911374596963608490414113 3 816121191 6 315
5603 00 0-9 -9-9-9 -9-9-9-9-9-9-9-9-9-9-9-9-9-9-9-9-9-9-9-9-9-9-9-9-9    -911374596963608490414113 2 413321141 7 1 8
5604 00 0-9 -9-9-9 -9-9-9-9-9-9-9-9-9-9-9-9-9-9-9-9-9-9-9-9-9-9-9-9-9    -911374596963608490414113 4 814321141 6 419
5605 00 0-9 -9-9-9 -9-9-9-9-9-9-9-9-9-9-9-9-9-9-9-9-9-9-9-9-9-9-9-9-9    -916291273271101640414113 3 462216271 7 5 3
5606 00 0-9 -9-9-9 -9-9-9-9-9-9-9-9-9-9-9-9-9-9-9-9-9-9-9-9-9-9-9-9-9    -911374596963608490414113 3 613921141 6 7 3
5607 00 0-9 -9-9-9 -9-9-9-9-9-9-9-9-9-9-9-9-9-9-9-9-9-9-9-9-9-9-9-9-9    -9 5430424423700540414113 3 363946171 7 615
5608 00 0-9 -9-9-9 -9-9-9-9-9-9-9-9-9-9-9-9-9-9-9-9-9-9-9-9-9-9-9-9-9    -910860848847401090414113 4 563921182 6 217
5609 00 0-9 -9-9-9 -9-9-9-9-9-9-9-9-9-9-9-9-9-9-9-9-9-9-9-9-9-9-9-9-9    -910860848847401090414113 29767021137-9-9-9
5610 00 0-9 -9-9-9 -9-9-9-9-9-9-9-9-9-9-9-9-9-9-9-9-9-9-9-9-9-9-9-9-9    -911374596963608490414113 2 812921181 6 611
5611 11 0 1 684141 682929 6 235-9 1 6 6 6 6 6 1 6 6 6 6 6 6 6 6 1-9 1 15541 5687298481804240414113 1 517636195-9-9-9
5612 10 0 1 684141 68-914 4 1 0-9 2 6 1 6 6 6 6 6 6 6 6 6 6 6 1 1 4-9 1249610860848847401090414113 3 864121183-9-9-9
5613 00 0-9 -9-9-9 -9-9-9-9-9-9-9-9-9-9-9-9-9-9-9-9-9-9-9-9-9-9-9-9-9    -916291273271101640414113 39767636147-9-9-9
5614 20 0 1 684141 68-921 4 2 0-9 2 6 1 6 6 6 6 6 6 6 6 6 6 6 1 1 8-9 1292510860848847401090414113 2 864611191 6 213
5615 00 0-9 -9-9-9 -9-9-9-9-9-9-9-9-9-9-9-9-9-9-9-9-9-9-9-9-9-9-9-9-9    -911374596963608490414113 2 316821155-9-9-9
5616 00 0-9 -9-9-9 -9-9-9-9-9-9-9-9-9-9-9-9-9-9-9-9-9-9-9-9-9-9-9-9-9    -9 5430424423700540414113 1 167536127-9-9-9
5617 00 0-9 -9-9-9 -9-9-9-9-9-9-9-9-9-9-9-9-9-9-9-9-9-9-9-9-9-9-9-9-9    -911374596963608490414113 2 217921145-9-9-9
5618 10 0 1 684141 68-921 4 2 0-9 2 6 6 6 6 6 1 6 6 6 6 6 6 6 6 1-9 4  7954 5430424423700540414113 19865826137-9-9-9
5619 00 0-9 -9-9-9 -9-9-9-9-9-9-9-9-9-9-9-9-9-9-9-9-9-9-9-9-9-9-9-9-9    -910860848847401090414113 3 463321198-9-9-9
5620 00 0-9 -9-9-9 -9-9-9-9-9-9-9-9-9-9-9-9-9-9-9-9-9-9-9-9-9-9-9-9-9    -922749193927216990414113 49818036135-9-9-9
5621 11 0 2 684141 68-928 4 225-9 2 6 6 6 6 6 6 6 1 6 6 6 6 6 1 1-9 6 39587 5397762013417220414112 1 363716171 7 5 6
5622 10 0 1 684141 682121 4 1 0-9 2 6 1 6 6 6 6 6 6 6 6 6 6 6 1 1 8-9  856910795524026834440414112 2 462911171 6 4 7
5623 00 0-9 -9-9-9 -9-9-9-9-9-9-9-9-9-9-9-9-9-9-9-9-9-9-9-9-9-9-9-9-9    -910795524026834440414112 3 464121151 1 1 9
5624 10 0 2 684141 681111 4 120-9 2 1 6 6 6 6 6 6 6 6 6 6 6 6 6 1 4-9  743011306182098793990414112 29714516181 6 313
5625 10 0 2 684141 681414 6 045-9 1 6 6 6 6 6 6 6 1 6 6 6 6 6 1 1-9 6 1184110795524026834440414112 2 563111181 6 216
5626 00 0-9 -9-9-9 -9-9-9-9-9-9-9-9-9-9-9-9-9-9-9-9-9-9-9-9-9-9-9-9-9    -910795524026834440414112 2 563221183-9-9-9
5627 00 0-9 -9-9-9 -9-9-9-9-9-9-9-9-9-9-9-9-9-9-9-9-9-9-9-9-9-9-9-9-9    -9 5397762013417220414112 1 264216141 6 915
5628 00 0-9 -9-9-9 -9-9-9-9-9-9-9-9-9-9-9-9-9-9-9-9-9-9-9-9-9-9-9-9-9    -9 5397762013417220414112 1 364116181 6 619
5629 00 0-9 -9-9-9 -9-9-9-9-9-9-9-9-9-9-9-9-9-9-9-9-9-9-9-9-9-9-9-9-9    -928265455246984980414112 5 712416171 7 413
5630 10 0 2 684141 681111 9 130-9 2 6 1 6 6 6 6 6 6 6 6 6 6 6 1 1 8-9 1151610795524026834440414112 2 562811181 6 6 9
5631 10 0 1 684141 681111 6 115-9 2 1 6 6 6 6 6 6 6 6 6 6 6 6 1 1 8-9  952911088289141807550414111 4 713721191 6 1 8
5632 00 0-9 -9-9-9 -9-9-9-9-9-9-9-9-9-9-9-9-9-9-9-9-9-9-9-9-9-9-9-9-9    -910587472481947680414111 3 363421192 1 217
5633 10 0 1 684141 68-911 6 130-9 2 1 6 6 6 6 6 6 6 6 6 6 6 6 1 1 8-9 11715 5544144570903770414111 19816846155-9-9-9
5634 11 0 1 684141 68-928 4 230-9 1 6 6 6 6 6 6 6 1 6 6 6 6 6 1 1-9 1 4014910587472481947680414111 3 863321191 6 216
5635 00 0-9 -9-9-9 -9-9-9-9-9-9-9-9-9-9-9-9-9-9-9-9-9-9-9-9-9-9-9-9-9    -9 5544144570903770414111 1 513016181 7 213
5636 00 0-9 -9-9-9 -9-9-9-9-9-9-9-9-9-9-9-9-9-9-9-9-9-9-9-9-9-9-9-9-9    -910587472481947680414111 29864916191 7 216
5637 00 0-9 -9-9-9 -9-9-9-9-9-9-9-9-9-9-9-9-9-9-9-9-9-9-9-9-9-9-9-9-9    -915881208722921520414111 3 365546132 7 816
5638 10 0 1 684141 68-914 4 2 0-9 2 1 6 6 6 6 6 6 6 6 6 6 6 6 6 1 4-9 1315510587472481947680414111 2 463421191 6 315
5639 00 0-9 -9-9-9 -9-9-9-9-9-9-9-9-9-9-9-9-9-9-9-9-9-9-9-9-9-9-9-9-9    -911088289141807550414111 3 413311142 7 7 9
5640 00 0-9 -9-9-9 -9-9-9-9-9-9-9-9-9-9-9-9-9-9-9-9-9-9-9-9-9-9-9-9-9    -915881208722921520414111 39765221151 1 817
5641 00 0-9 -9-9-9 -9-9-9-9-9-9-9-9-9-9-9-9-9-9-9-9-9-9-9-9-9-9-9-9-9    -910860848847401090414113 4 464721143-9-9-9
5642 00 0-9 -9-9-9 -9-9-9-9-9-9-9-9-9-9-9-9-9-9-9-9-9-9-9-9-9-9-9-9-9    -917061895445412740414113 49712116144-9-9-9
5643 00 0-9 -9-9-9 -9-9-9-9-9-9-9-9-9-9-9-9-9-9-9-9-9-9-9-9-9-9-9-9-9    -911374596963608490414113 4 614721191 6 217
5644 00 0-9 -9-9-9 -9-9-9-9-9-9-9-9-9-9-9-9-9-9-9-9-9-9-9-9-9-9-9-9-9    -922749193927216990414113 49712116144-9-9-9
5645 10 0 1 684141 682121 6 145-9 2 6 1 6 6 6 6 6 6 6 6 6 6 6 1 1 8-9 1118210860848847401090414113 2 666521145-9-9-9
5646 00 0-9 -9-9-9 -9-9-9-9-9-9-9-9-9-9-9-9-9-9-9-9-9-9-9-9-9-9-9-9-9    -911374596963608490414113 29817121185-9-9-9
5647 00 0-9 -9-9-9 -9-9-9-9-9-9-9-9-9-9-9-9-9-9-9-9-9-9-9-9-9-9-9-9-9    -917061895445412740414113 3 516521195-9-9-9
5648 00 1 1 684141126-9-9 8 6 0-9 2 6 6 6 6 6 6 6 1 6 1 6 6 6 1 1-91216468122749193927216990414113 5 812016154-9-9-9
5649 11 0 1 684141 681111 6 120-9 2 6 1 6 6 6 6 6 6 6 6 6 6 6 1 1 8-9  733510860848847401090414113 2 765816191 6 315
5650 00 0-9 -9-9-9 -9-9-9-9-9-9-9-9-9-9-9-9-9-9-9-9-9-9-9-9-9-9-9-9-9    -910860848847401090414113 2 462721181 6 217
5651 20 0 1 684141 68-914 1 2 0 3 2 1 1 6 6 6 6 6 6 6 6 6 6 6 1 111-9 1444111374596963608490414113 2 515321181 4 1 6
5652 00 0-9 -9-9-9 -9-9-9-9-9-9-9-9-9-9-9-9-9-9-9-9-9-9-9-9-9-9-9-9-9    -922749193927216990414113 59815221141 1 1 7
5653 00 0-9 -9-9-9 -9-9-9-9-9-9-9-9-9-9-9-9-9-9-9-9-9-9-9-9-9-9-9-9-9    -921721697694802180414113 49763916194-9-9-9
5654 01 0 1 684141 68-928 4 230-9 2 6 6 6 6 6 6 6 1 6 6 6 6 6 1 1-9 1 39884 5430424423700540414113 1 467336155-9-9-9
5655 00 2 1 684141 75-9-9 9 430-9 2 6 6 6 6 6 6 6 6 6 1 6 6 6 6 1-91212409210860848847401090414113 2 362711194-9-9-9
5656 00 0-9 -9-9-9 -9-9-9-9-9-9-9-9-9-9-9-9-9-9-9-9-9-9-9-9-9-9-9-9-9    -910860848847401090414113 29868236145-9-9-9
5657 01 0 1 684141 68-928 1 315 4 1 6 6 6 6 6 6 6 1 6 6 1 6 6 6 6-9 6 39888 5687298481804240414113 1 412916191 6 313
5658 00 0-9 -9-9-9 -9-9-9-9-9-9-9-9-9-9-9-9-9-9-9-9-9-9-9-9-9-9-9-9-9    -921721697694802180414113 49762116154-9-9-9
5659 10 0 1 684141 681111 6 120-9 2 6 1 6 6 6 6 6 6 6 6 6 6 6 1 6 1-9  980021721697694802180414113 4 866521185-9-9-9
5660 00 0-9 -9-9-9 -9-9-9-9-9-9-9-9-9-9-9-9-9-9-9-9-9-9-9-9-9-9-9-9-9    -911306182098793990414152 4 513321141 1 7 9
5661 00 0-9 -9-9-9 -9-9-9-9-9-9-9-9-9-9-9-9-9-9-9-9-9-9-9-9-9-9-9-9-9    -911306182098793990414152 2 115236113-9-9-9
5662 00 0-9 -9-9-9 -9-9-9-9-9-9-9-9-9-9-9-9-9-9-9-9-9-9-9-9-9-9-9-9-9    -933918546296381980414152 6 316021148-9-9-9
5663 00 0-9 -9-9-9 -9-9-9-9-9-9-9-9-9-9-9-9-9-9-9-9-9-9-9-9-9-9-9-9-9    -916959273148190990414152 5 211716132 716 1
5664 00 0-9 -9-9-9 -9-9-9-9-9-9-9-9-9-9-9-9-9-9-9-9-9-9-9-9-9-9-9-9-9    -911306182098793990414152 2 314116136-9-9-9
5665 00 0-9 -9-9-9 -9-9-9-9-9-9-9-9-9-9-9-9-9-9-9-9-9-9-9-9-9-9-9-9-9    -921591048053668880414152 4 365221147-9-9-9
5666 00 0-9 -9-9-9 -9-9-9-9-9-9-9-9-9-9-9-9-9-9-9-9-9-9-9-9-9-9-9-9-9    -911306182098793990414152 3 813821161 6 5 8
5667 01 0 1 684141 68-928 6 330-9 2 6 6 6 6 6 6 6 1 6 6 6 6 6 1 1-9 1 40068 5397762013417220414152 1 264616193-9-9-9
5668 50 0 1 684141 682121 6 130-9 1 1 6 6 6 6 6 6 6 6 6 6 6 6 1 6 8-9 1213711306182098793990414152 2 415621161 6 615
5669 00 0-9 -9-9-9 -9-9-9-9-9-9-9-9-9-9-9-9-9-9-9-9-9-9-9-9-9-9-9-9-9    -910860848847401090414153 5 764421191 7 215
5670 00 0-9 -9-9-9 -9-9-9-9-9-9-9-9-9-9-9-9-9-9-9-9-9-9-9-9-9-9-9-9-9    -910860848847401090414153 29867726167-9-9-9
5671 00 0-9 -9-9-9 -9-9-9-9-9-9-9-9-9-9-9-9-9-9-9-9-9-9-9-9-9-9-9-9-9    -9 5430424423700540414153 1 165546143-9-9-9
5672 00 0-9 -9-9-9 -9-9-9-9-9-9-9-9-9-9-9-9-9-9-9-9-9-9-9-9-9-9-9-9-9    -921721697694802180414153 49865821197-9-9-9
5673 22 0 2 684141 68-946 4 6 0-9 2 1 6 6 6 6 6 6 6 6 6 6 6 6 1 1 4-9 5081317061895445412740414153 3 317621155-9-9-9
5674 10 0 1 684141 682929 6 3 0-9 2 6 6 6 6 6 6 6 1 6 6 6 6 6 1 1-912 1574517061895445412740414153 3 416621185-9-9-9
5675 12 0 1 684141 68-928 1 3 0 2 2 1 6 6 6 6 6 6 1 6 6 6 6 6 6 1-9-9 4001122749193927216990414153 6 816011191 6 216
5676 10 0 1 684141 682121 4 045-9 1 6 1 6 6 6 6 6 6 6 6 6 6 6 1 6 8-9  703810860848847401090414153 4 564321167-9-9-9
5677 00 0-9 -9-9-9 -9-9-9-9-9-9-9-9-9-9-9-9-9-9-9-9-9-9-9-9-9-9-9-9-9    -910860848847401090414153 4 564521191 6 216
5678 10 0 1 684141 681818 1 3 0-1 2 1 6 6 6 6 6 6 6 6 6 6 6 6 1 1 8-9 2177110860848847401090414153 2 466321147-9-9-9
5679100 0 1 684141 682121 1 115 1 1 1 1 6 6 6 6 6 6 6 6 6 6 6 1 6 4-9  792611374596963608490414153 2 413121191 6 317
5680 20 0 1 684141 681111 6 050-9 2 1 6 6 6 6 6 6 6 6 6 6 6 6 1 1 8-9  7578 5687298481804240414153 1 413416191 6 7 7
5681 00 0-9 -9-9-9 -9-9-9-9-9-9-9-9-9-9-9-9-9-9-9-9-9-9-9-9-9-9-9-9-9    -910860848847401090414153 4 763721191 6 111
5682 20 0 1 684141 682929 6 230-9 2 1 6 6 6 6 6 6 6 6 6 6 6 6 6 1 1-9 1391211374596963608490414153 3 813421191 6 412
5683 00 0-9 -9-9-9 -9-9-9-9-9-9-9-9-9-9-9-9-9-9-9-9-9-9-9-9-9-9-9-9-9    -910860848847401090414153 2 563011181 6 513
5684 00 0-9 -9-9-9 -9-9-9-9-9-9-9-9-9-9-9-9-9-9-9-9-9-9-9-9-9-9-9-9-9    -910860848847401090414153 4 763321192 6 4 8
5685 00 0-9 -9-9-9 -9-9-9-9-9-9-9-9-9-9-9-9-9-9-9-9-9-9-9-9-9-9-9-9-9    -911374596963608490414153 3 213311173-9-9-9
5686 11 0 1 684141 682121 6 130-9 2 6 1 6 6 6 6 6 6 6 6 6 6 6 1 1 1-9 1047310860848847401090414153 3 863221192 6 315
5687 50 0 2 -1-1-1 681414 1 145 2 1 1 6 6 6 6 6 6 6 6 6 6 6 6 6 6 9-9    -1 5687298481804240414153 1 713816191 6 115
5688 00 0-9 -9-9-9 -9-9-9-9-9-9-9-9-9-9-9-9-9-9-9-9-9-9-9-9-9-9-9-9-9    -911374596963608490414153 4 613721191 4 113
5689 00 0-9 -9-9-9 -9-9-9-9-9-9-9-9-9-9-9-9-9-9-9-9-9-9-9-9-9-9-9-9-9    -911374596963608490414143 3 313021143-9-9-9
5690 00 0-9 -9-9-9 -9-9-9-9-9-9-9-9-9-9-9-9-9-9-9-9-9-9-9-9-9-9-9-9-9    -921721697694802180414143 7 365421146-9-9-9
5691 00 0-9 -9-9-9 -9-9-9-9-9-9-9-9-9-9-9-9-9-9-9-9-9-9-9-9-9-9-9-9-9    -916291273271101640414143 3 464216142 716 1
5692 00 0-9 -9-9-9 -9-9-9-9-9-9-9-9-9-9-9-9-9-9-9-9-9-9-9-9-9-9-9-9-9    -910860848847401090414143 2 265121133-9-9-9
5693 00 0-9 -9-9-9 -9-9-9-9-9-9-9-9-9-9-9-9-9-9-9-9-9-9-9-9-9-9-9-9-9    -910860848847401090414143 3 362411142 716 1
5694 00 0-9 -9-9-9 -9-9-9-9-9-9-9-9-9-9-9-9-9-9-9-9-9-9-9-9-9-9-9-9-9    -911374596963608490414143 2 513411143-9-9-9
5695 00 0-9 -9-9-9 -9-9-9-9-9-9-9-9-9-9-9-9-9-9-9-9-9-9-9-9-9-9-9-9-9    -917061895445412740414143 4 114221133-9-9-9
5696 00 0-9 -9-9-9 -9-9-9-9-9-9-9-9-9-9-9-9-9-9-9-9-9-9-9-9-9-9-9-9-9    -916291273271101640414143 4 363821136-9-9-9
5697 10 0 1 684141 681111 1 1 0 1 2 1 6 6 6 6 6 6 6 6 6 6 6 6 6 6 9-9  682311374596963608490414143 29715021141 7 4 6
5698 10 0 1 684141 68-929 6 230-9 2 6 1 6 6 6 6 6 6 6 6 6 6 6 1 1 9-9 1193615881208722921520414141 39766221142 516 1
5699 00 0-9 -9-9-9 -9-9-9-9-9-9-9-9-9-9-9-9-9-9-9-9-9-9-9-9-9-9-9-9-9    -910587472481947680414141 4 263821142 515 9
5700 00 0-9 -9-9-9 -9-9-9-9-9-9-9-9-9-9-9-9-9-9-9-9-9-9-9-9-9-9-9-9-9    -911088289141807550414141 4 113121143-9-9-9
5701 01 0 1 684141 68-9 810 115-9 2 6 6 6 6 6 6 6 6 6 1 6 6 6 1 1-912 8538611088289141807550414141 2 216621145-9-9-9
5702 00 0-9 -9-9-9 -9-9-9-9-9-9-9-9-9-9-9-9-9-9-9-9-9-9-9-9-9-9-9-9-9    -915881208722921520414141 3 267421135-9-9-9
5703 00 0-9 -9-9-9 -9-9-9-9-9-9-9-9-9-9-9-9-9-9-9-9-9-9-9-9-9-9-9-9-9    -911088289141807550414141 2 313216142 7 7 9
5704 00 0-9 -9-9-9 -9-9-9-9-9-9-9-9-9-9-9-9-9-9-9-9-9-9-9-9-9-9-9-9-9    -916632433712711330414141 3 112816154-9-9-9
5705 00 0-9 -9-9-9 -9-9-9-9-9-9-9-9-9-9-9-9-9-9-9-9-9-9-9-9-9-9-9-9-9    -910587472481947680414141 2 266221143-9-9-9
5706 00 0-9 -9-9-9 -9-9-9-9-9-9-9-9-9-9-9-9-9-9-9-9-9-9-9-9-9-9-9-9-9    -9 5544144570903770414141 1 112016133-9-9-9
5707 00 0-9 -9-9-9 -9-9-9-9-9-9-9-9-9-9-9-9-9-9-9-9-9-9-9-9-9-9-9-9-9    -9 5293736240973840414141 3 164446133-9-9-9
5708 00 0-9 -9-9-9 -9-9-9-9-9-9-9-9-9-9-9-9-9-9-9-9-9-9-9-9-9-9-9-9-9    -910795524026834440414142 49863721162 715 3
5709 00 0-9 -9-9-9 -9-9-9-9-9-9-9-9-9-9-9-9-9-9-9-9-9-9-9-9-9-9-9-9-9    -922612364197587990414142 49711816133-9-9-9
5710 10 0 1 684141 682121 6 2 0-9 2 1 6 6 6 6 6 6 6 6 6 6 6 6 1 1 8-9 1037411306182098793990414142 2 213911161 614 7
5711 40 0 1 684141 682121 6 030-9 1 1 6 6 6 6 6 6 6 6 6 6 6 6 6 6 1-9 10392 5653091049396990414142 1 813516191 6 2 7
5712 00 0-9 -9-9-9 -9-9-9-9-9-9-9-9-9-9-9-9-9-9-9-9-9-9-9-9-9-9-9-9-9    -910795524026834440414142 29863021181 6 216
5713 00 0-9 -9-9-9 -9-9-9-9-9-9-9-9-9-9-9-9-9-9-9-9-9-9-9-9-9-9-9-9-9    -911306182098793990414142 4 813721291 7 915
5714 00 0-9 -9-9-9 -9-9-9-9-9-9-9-9-9-9-9-9-9-9-9-9-9-9-9-9-9-9-9-9-9    -911306182098793990414142 2 816421185-9-9-9
5715 00 0-9 -9-9-9 -9-9-9-9-9-9-9-9-9-9-9-9-9-9-9-9-9-9-9-9-9-9-9-9-9    -9 5653091049396990414142 19817236135-9-9-9
5716 00 0-9 -9-9-9 -9-9-9-9-9-9-9-9-9-9-9-9-9-9-9-9-9-9-9-9-9-9-9-9-9    -911306182098793990414142 5 414221141 6 4 3
5717 01 0 1 684141 68-946 4 730-9 2 6 1 6 6 6 6 6 6 6 6 6 6 6 1 1 9-9 4972110795524026834440414142 3 263011183-9-9-9
5718 00 0-9 -9-9-9 -9-9-9-9-9-9-9-9-9-9-9-9-9-9-9-9-9-9-9-9-9-9-9-9-9    -910587472481947680414161 3 563421181 6 6 9
5719 00 0-9 -9-9-9 -9-9-9-9-9-9-9-9-9-9-9-9-9-9-9-9-9-9-9-9-9-9-9-9-9    -9 5544144570903770414161 1 515746161 1 3 3
5720 10 0 1 684141 682121 4 130-9 2 6 1 6 6 6 6 6 6 6 6 6 6 6 1 1 8-9 1030210587472481947680414161 2 466216185-9-9-9
5721 00 0-9 -9-9-9 -9-9-9-9-9-9-9-9-9-9-9-9-9-9-9-9-9-9-9-9-9-9-9-9-9    -910587472481947680414161 49764621297-9-9-9
5722 00 0-9 -9-9-9 -9-9-9-9-9-9-9-9-9-9-9-9-9-9-9-9-9-9-9-9-9-9-9-9-9    -910587472481947680414161 2 564421141 6 7 9
5723 00 0-9 -9-9-9 -9-9-9-9-9-9-9-9-9-9-9-9-9-9-9-9-9-9-9-9-9-9-9-9-9    -9 5544144570903770414161 1 614716391 6 217
5724 00 0-9 -9-9-9 -9-9-9-9-9-9-9-9-9-9-9-9-9-9-9-9-9-9-9-9-9-9-9-9-9    -911088289141807550414161 4 214421153-9-9-9
5725 00 0-9 -9-9-9 -9-9-9-9-9-9-9-9-9-9-9-9-9-9-9-9-9-9-9-9-9-9-9-9-9    -910587472481947680414161 2 768116185-9-9-9
5726 00 0-9 -9-9-9 -9-9-9-9-9-9-9-9-9-9-9-9-9-9-9-9-9-9-9-9-9-9-9-9-9    -915881208722921520414161 3 865021298-9-9-9
5727 01 0 1 684141 68-928 6 3 0-9 2 1 6 6 6 6 6 6 1 6 6 6 6 6 1 1-9-9 4002811088289141807550414161 2 413541191 7 217
5728 00 0-9 -9-9-9 -9-9-9-9-9-9-9-9-9-9-9-9-9-9-9-9-9-9-9-9-9-9-9-9-9    -916959273148190990414162 4 214821143-9-9-9
5729 00 0-9 -9-9-9 -9-9-9-9-9-9-9-9-9-9-9-9-9-9-9-9-9-9-9-9-9-9-9-9-9    -911306182098793990414162 2 517236145-9-9-9
5730 00 0-9 -9-9-9 -9-9-9-9-9-9-9-9-9-9-9-9-9-9-9-9-9-9-9-9-9-9-9-9-9    -910795524026834440414162 49864221181 716 1
5731 00 0-9 -9-9-9 -9-9-9-9-9-9-9-9-9-9-9-9-9-9-9-9-9-9-9-9-9-9-9-9-9    -911306182098793990414162 4 214221141 716 1
5732 10 0 2 684141 682121 4 050-9 1 1 6 6 6 6 6 6 6 6 6 6 6 6 1 6 1-9  338411306182098793990414162 2 216821125-9-9-9
5733 00 0-9 -9-9-9 -9-9-9-9-9-9-9-9-9-9-9-9-9-9-9-9-9-9-9-9-9-9-9-9-9    -910795524026834440414162 4 263821145-9-9-9
5734 00 0-9 -9-9-9 -9-9-9-9-9-9-9-9-9-9-9-9-9-9-9-9-9-9-9-9-9-9-9-9-9    -9 5397762013417220414162 19866516142 71514
5735 00 0-9 -9-9-9 -9-9-9-9-9-9-9-9-9-9-9-9-9-9-9-9-9-9-9-9-9-9-9-9-9    -911306182098793990414162 3 212811141 610 1
5736 00 0-9 -9-9-9 -9-9-9-9-9-9-9-9-9-9-9-9-9-9-9-9-9-9-9-9-9-9-9-9-9    -911306182098793990414162 29718021125-9-9-9
5737 00 0-9 -9-9-9 -9-9-9-9-9-9-9-9-9-9-9-9-9-9-9-9-9-9-9-9-9-9-9-9-9    -9 5397762013417220414162 1 266216131 6 815
5738 00 0-9 -9-9-9 -9-9-9-9-9-9-9-9-9-9-9-9-9-9-9-9-9-9-9-9-9-9-9-9-9    -911374596963608490414163 4 414521143-9-9-9
5739 00 0-9 -9-9-9 -9-9-9-9-9-9-9-9-9-9-9-9-9-9-9-9-9-9-9-9-9-9-9-9-9    -916291273271101640414163 49764921122 710 1
5740 01 0 1 684141 68-928 6 8 0-9 2 6 6 6 6 6 6 6 6 6 1 6 6 6 1 1-912 3723416291273271101640414163 49761916142 9 515
5741 00 0-9 -9-9-9 -9-9-9-9-9-9-9-9-9-9-9-9-9-9-9-9-9-9-9-9-9-9-9-9-9    -921721697694802180414163 49762416151 7 413
5742 26 0 2 -1-1-1 68-947 1 8 0 2 1 6 6 6 6 6 6 6 6 6 6 6 1 6 6 1-1-9    -111374596963608490414163 4 214521143-9-9-9
5743 00 0-9 -9-9-9 -9-9-9-9-9-9-9-9-9-9-9-9-9-9-9-9-9-9-9-9-9-9-9-9-9    -910860848847401090414163 49863021161 6 617
5744 00 0-9 -9-9-9 -9-9-9-9-9-9-9-9-9-9-9-9-9-9-9-9-9-9-9-9-9-9-9-9-9    -9 5430424423700540414163 1 166836137-9-9-9
5745 00 0-9 -9-9-9 -9-9-9-9-9-9-9-9-9-9-9-9-9-9-9-9-9-9-9-9-9-9-9-9-9    -917061895445412740414163 49712016173-9-9-9
5746 00 0-9 -9-9-9 -9-9-9-9-9-9-9-9-9-9-9-9-9-9-9-9-9-9-9-9-9-9-9-9-9    -922749193927216990414163 4 314521132 711 6
5747 00 0-9 -9-9-9 -9-9-9-9-9-9-9-9-9-9-9-9-9-9-9-9-9-9-9-9-9-9-9-9-9    -921721697694802180414163 49764116141 6 7 7
5748 00 0-9 -9-9-9 -9-9-9-9-9-9-9-9-9-9-9-9-9-9-9-9-9-9-9-9-9-9-9-9-9    -922749193927216990414153 5 414921135-9-9-9
5749 00 0-9 -9-9-9 -9-9-9-9-9-9-9-9-9-9-9-9-9-9-9-9-9-9-9-9-9-9-9-9-9    -916291273271101640414153 49762016132 9 416
5750 00 0-9 -9-9-9 -9-9-9-9-9-9-9-9-9-9-9-9-9-9-9-9-9-9-9-9-9-9-9-9-9    -922749193927216990414153 4 314421141 711 6
5751 00 0-9 -9-9-9 -9-9-9-9-9-9-9-9-9-9-9-9-9-9-9-9-9-9-9-9-9-9-9-9-9    -911374596963608490414153 2 416021135-9-9-9
5752 00 0-9 -9-9-9 -9-9-9-9-9-9-9-9-9-9-9-9-9-9-9-9-9-9-9-9-9-9-9-9-9    -916291273271101640414153 3 266336125-9-9-9
5753 00 0-9 -9-9-9 -9-9-9-9-9-9-9-9-9-9-9-9-9-9-9-9-9-9-9-9-9-9-9-9-9    -921721697694802180414153 4 662016144-9-9-9
5754 00 0-9 -9-9-9 -9-9-9-9-9-9-9-9-9-9-9-9-9-9-9-9-9-9-9-9-9-9-9-9-9    -910860848847401090414153 4 162621143-9-9-9
5755 00 0-9 -9-9-9 -9-9-9-9-9-9-9-9-9-9-9-9-9-9-9-9-9-9-9-9-9-9-9-9-9    -911374596963608490414153 2 115821123-9-9-9
5756 00 0-9 -9-9-9 -9-9-9-9-9-9-9-9-9-9-9-9-9-9-9-9-9-9-9-9-9-9-9-9-9    -917061895445412740414153 3 215021121 613 3
5757 00 0-9 -9-9-9 -9-9-9-9-9-9-9-9-9-9-9-9-9-9-9-9-9-9-9-9-9-9-9-9-9    -910860848847401090414153 2 163436133-9-9-9
5758 00 0-9 -9-9-9 -9-9-9-9-9-9-9-9-9-9-9-9-9-9-9-9-9-9-9-9-9-9-9-9-9    -921591048053668880414162 4 262816141 716 1
5759 00 0-9 -9-9-9 -9-9-9-9-9-9-9-9-9-9-9-9-9-9-9-9-9-9-9-9-9-9-9-9-9    -910795524026834440414162 4 463921142 51519
5760 10 0 1 684141 68-921 7 120-9 1 1 6 6 6 6 6 6 6 6 6 6 6 6 1 6 8-9  768411306182098793990414162 2 214846121 71014
5761 00 0-9 -9-9-9 -9-9-9-9-9-9-9-9-9-9-9-9-9-9-9-9-9-9-9-9-9-9-9-9-9    -910795524026834440414162 2 365921123-9-9-9
5762 00 0-9 -9-9-9 -9-9-9-9-9-9-9-9-9-9-9-9-9-9-9-9-9-9-9-9-9-9-9-9-9    -910795524026834440414162 3 264721143-9-9-9
5763 00 0-9 -9-9-9 -9-9-9-9-9-9-9-9-9-9-9-9-9-9-9-9-9-9-9-9-9-9-9-9-9    -916959273148190990414162 3 313916146-9-9-9
5764 10 0 1 684141 68-911 6 230-9 2 6 1 6 6 6 6 6 6 6 6 6 6 6 1 1 8-9  950416193286040251660414162 3 165321146-9-9-9
5765 10 0 1 684141 682121 6 045-9 2 1 6 6 6 6 6 6 6 6 6 6 6 6 1 1 1-9  364410795524026834440414162 3 463621143-9-9-9
5766 00 0-9 -9-9-9 -9-9-9-9-9-9-9-9-9-9-9-9-9-9-9-9-9-9-9-9-9-9-9-9-9    -9 5397762013417220414162 2 263116143-9-9-9
5767 00 0-9 -9-9-9 -9-9-9-9-9-9-9-9-9-9-9-9-9-9-9-9-9-9-9-9-9-9-9-9-9    -9 5397762013417220414162 2 264136142 7 814
